case_id,budget,pt,c0-l2,prototype_error_worsened
published-quartic-00,8,True,True,False
published-quartic-00,16,True,True,False
published-quartic-00,32,True,True,False
published-quartic-00,64,True,True,False
published-quartic-00,128,True,True,False
published-quartic-00,256,True,True,False
published-quartic-00,512,True,True,False
published-quartic-00,1024,True,True,False
published-quartic-00,2048,True,True,False
published-quartic-15,8,True,True,False
published-quartic-15,16,True,True,False
published-quartic-15,32,True,True,False
published-quartic-15,64,True,True,False
published-quartic-15,128,True,True,False
published-quartic-15,256,True,True,False
published-quartic-15,512,True,True,False
published-quartic-15,1024,True,True,False
published-quartic-15,2048,True,True,False
published-quartic-30,8,True,True,False
published-quartic-30,16,True,True,False
published-quartic-30,32,True,True,False
published-quartic-30,64,True,True,False
published-quartic-30,128,True,True,False
published-quartic-30,256,True,True,False
published-quartic-30,512,True,True,False
published-quartic-30,1024,True,True,False
published-quartic-30,2048,True,True,False
published-quartic-45,8,True,True,False
published-quartic-45,16,True,True,False
published-quartic-45,32,True,True,False
published-quartic-45,64,True,False,False
published-quartic-45,128,True,False,False
published-quartic-45,256,True,False,True
published-quartic-45,512,True,False,True
published-quartic-45,1024,True,False,False
published-quartic-45,2048,True,False,False
published-quartic-60,8,True,True,False
published-quartic-60,16,True,True,False
published-quartic-60,32,True,True,False
published-quartic-60,64,True,True,False
published-quartic-60,128,True,True,False
published-quartic-60,256,True,True,False
published-quartic-60,512,True,True,False
published-quartic-60,1024,True,True,False
published-quartic-60,2048,True,True,False
published-quartic-75,8,True,True,False
published-quartic-75,16,True,True,False
published-quartic-75,32,True,True,False
published-quartic-75,64,True,True,False
published-quartic-75,128,True,True,False
published-quartic-75,256,True,True,False
published-quartic-75,512,True,True,False
published-quartic-75,1024,True,True,False
published-quartic-75,2048,True,True,False
published-quartic-90,8,True,True,False
published-quartic-90,16,True,True,False
published-quartic-90,32,True,True,False
published-quartic-90,64,True,True,False
published-quartic-90,128,True,True,False
published-quartic-90,256,True,True,False
published-quartic-90,512,True,True,False
published-quartic-90,1024,True,True,False
published-quartic-90,2048,True,True,False
anisotropic-quartic-00,8,True,True,False
anisotropic-quartic-00,16,True,True,False
anisotropic-quartic-00,32,True,True,False
anisotropic-quartic-00,64,True,True,False
anisotropic-quartic-00,128,True,True,False
anisotropic-quartic-00,256,True,True,False
anisotropic-quartic-00,512,True,True,False
anisotropic-quartic-00,1024,True,True,False
anisotropic-quartic-00,2048,True,True,False
anisotropic-quartic-15,8,True,True,False
anisotropic-quartic-15,16,True,True,False
anisotropic-quartic-15,32,True,True,False
anisotropic-quartic-15,64,True,True,False
anisotropic-quartic-15,128,True,True,False
anisotropic-quartic-15,256,True,True,False
anisotropic-quartic-15,512,True,True,False
anisotropic-quartic-15,1024,True,True,False
anisotropic-quartic-15,2048,True,True,False
anisotropic-quartic-30,8,True,True,False
anisotropic-quartic-30,16,True,True,False
anisotropic-quartic-30,32,True,True,False
anisotropic-quartic-30,64,True,True,False
anisotropic-quartic-30,128,True,True,False
anisotropic-quartic-30,256,True,True,False
anisotropic-quartic-30,512,True,True,False
anisotropic-quartic-30,1024,True,True,False
anisotropic-quartic-30,2048,True,True,False
anisotropic-quartic-45,8,True,True,False
anisotropic-quartic-45,16,True,True,False
anisotropic-quartic-45,32,True,True,False
anisotropic-quartic-45,64,True,True,False
anisotropic-quartic-45,128,True,False,False
anisotropic-quartic-45,256,True,False,False
anisotropic-quartic-45,512,True,False,False
anisotropic-quartic-45,1024,True,False,False
anisotropic-quartic-45,2048,True,False,False
anisotropic-quartic-60,8,True,True,False
anisotropic-quartic-60,16,True,True,False
anisotropic-quartic-60,32,True,True,False
anisotropic-quartic-60,64,True,True,False
anisotropic-quartic-60,128,True,True,False
anisotropic-quartic-60,256,True,True,False
anisotropic-quartic-60,512,True,True,False
anisotropic-quartic-60,1024,True,True,False
anisotropic-quartic-60,2048,True,True,False
anisotropic-quartic-75,8,True,True,False
anisotropic-quartic-75,16,True,True,False
anisotropic-quartic-75,32,True,True,False
anisotropic-quartic-75,64,True,True,False
anisotropic-quartic-75,128,True,True,False
anisotropic-quartic-75,256,True,True,False
anisotropic-quartic-75,512,True,True,False
anisotropic-quartic-75,1024,True,True,False
anisotropic-quartic-75,2048,True,True,False
anisotropic-quartic-90,8,True,True,False
anisotropic-quartic-90,16,True,True,False
anisotropic-quartic-90,32,True,True,False
anisotropic-quartic-90,64,True,True,False
anisotropic-quartic-90,128,True,True,False
anisotropic-quartic-90,256,True,True,False
anisotropic-quartic-90,512,True,True,False
anisotropic-quartic-90,1024,True,True,False
anisotropic-quartic-90,2048,True,True,False
