case,method,triangles,area_m2,e1_m3,e2_m2,linf_m,mae_m,rms_m,n_e2_m2,rho_median,rho_p95,sigma_median,sigma_max,local_l2_cv,hessian_det
isotropic,paper_l2_l1,8,9999.999999999998,16666.666666666664,174.80147469502523,2.5,1.6666666666666667,1.7480147469502525,1398.4117975602019,4.0,4.0,1.0,1.0,0.0,1.6000000000000013e-05
isotropic,paper_l2_l1,16,9999.999999999996,8333.33333333333,87.40073734751262,1.25,0.8333333333333334,0.8740073734751262,1398.4117975602019,4.000000000000001,4.000000000000001,1.0000000000000002,1.0000000000000002,0.0,1.6000000000000013e-05
isotropic,paper_l2_l1,32,9999.999999999996,4166.666666666665,43.70036867375631,0.625,0.4166666666666667,0.4370036867375631,1398.4117975602019,4.000000000000001,4.000000000000001,1.0000000000000002,1.0000000000000002,0.0,1.6000000000000013e-05
isotropic,paper_l2_l1,64,10000.000000000004,2083.333333333334,21.85018433687816,0.3125,0.20833333333333331,0.2185018433687816,1398.4117975602023,3.999999999999998,3.999999999999998,0.9999999999999994,0.9999999999999994,0.0,1.6000000000000013e-05
isotropic,paper_l2_l1,128,10000.000000000004,1041.666666666667,10.92509216843908,0.15625,0.10416666666666666,0.1092509216843908,1398.4117975602023,3.999999999999998,3.999999999999998,0.9999999999999994,0.9999999999999994,2.2994295106738324e-16,1.6000000000000013e-05
isotropic,paper_l2_l1,256,10000.000000000002,520.8333333333334,5.4625460842195395,0.078125,0.05208333333333333,0.054625460842195384,1398.411797560202,3.9999999999999987,3.9999999999999987,0.9999999999999997,0.9999999999999997,0.0,1.6000000000000013e-05
isotropic,paper_l2_l1,512,10000.000000000002,260.4166666666667,2.7312730421097697,0.0390625,0.026041666666666664,0.027312730421097692,1398.411797560202,3.9999999999999987,3.9999999999999987,0.9999999999999997,0.9999999999999997,2.2994295106738324e-16,1.6000000000000013e-05
isotropic,paper_l2_l1,1024,10000.0,130.20833333333334,1.3656365210548849,0.01953125,0.013020833333333334,0.01365636521054885,1398.411797560202,3.999999999999999,3.999999999999999,0.9999999999999998,0.9999999999999998,0.0,1.6000000000000013e-05
isotropic,paper_l2_l1,2048,10000.0,65.10416666666667,0.6828182605274424,0.009765625,0.006510416666666667,0.006828182605274425,1398.411797560202,3.999999999999999,3.999999999999999,0.9999999999999998,0.9999999999999998,3.449144266010749e-16,1.6000000000000013e-05
isotropic,greedy_euclidean,8,9999.999999999998,16666.666666666664,174.80147469502523,2.5,1.6666666666666667,1.7480147469502525,1398.4117975602019,4.0,4.0,1.0,1.0,0.0,1.6000000000000013e-05
isotropic,greedy_euclidean,16,9999.999999999996,8333.33333333333,87.40073734751262,1.25,0.8333333333333334,0.8740073734751262,1398.4117975602019,4.000000000000001,4.000000000000001,1.0000000000000002,1.0000000000000002,0.0,1.6000000000000013e-05
isotropic,greedy_euclidean,32,9999.999999999996,4166.666666666665,43.70036867375631,0.625,0.4166666666666667,0.4370036867375631,1398.4117975602019,4.000000000000001,4.000000000000001,1.0000000000000002,1.0000000000000002,0.0,1.6000000000000013e-05
isotropic,greedy_euclidean,64,10000.000000000004,2083.333333333334,21.85018433687816,0.3125,0.20833333333333331,0.2185018433687816,1398.4117975602023,3.999999999999998,3.999999999999998,0.9999999999999994,0.9999999999999994,0.0,1.6000000000000013e-05
isotropic,greedy_euclidean,128,10000.000000000004,1041.666666666667,10.92509216843908,0.15625,0.10416666666666666,0.1092509216843908,1398.4117975602023,3.999999999999998,3.999999999999998,0.9999999999999994,0.9999999999999994,2.2994295106738324e-16,1.6000000000000013e-05
isotropic,greedy_euclidean,256,10000.000000000002,520.8333333333334,5.4625460842195395,0.078125,0.05208333333333333,0.054625460842195384,1398.411797560202,3.9999999999999987,3.9999999999999987,0.9999999999999997,0.9999999999999997,0.0,1.6000000000000013e-05
isotropic,greedy_euclidean,512,10000.000000000002,260.4166666666667,2.7312730421097697,0.0390625,0.026041666666666664,0.027312730421097692,1398.411797560202,3.9999999999999987,3.9999999999999987,0.9999999999999997,0.9999999999999997,2.2994295106738324e-16,1.6000000000000013e-05
isotropic,greedy_euclidean,1024,10000.0,130.20833333333334,1.3656365210548849,0.01953125,0.013020833333333334,0.01365636521054885,1398.411797560202,3.999999999999999,3.999999999999999,0.9999999999999998,0.9999999999999998,0.0,1.6000000000000013e-05
isotropic,greedy_euclidean,2048,10000.0,65.10416666666667,0.6828182605274424,0.009765625,0.006510416666666667,0.006828182605274425,1398.411797560202,3.999999999999999,3.999999999999999,0.9999999999999998,0.9999999999999998,3.449144266010749e-16,1.6000000000000013e-05
isotropic,uniform_euclidean,8,9999.999999999998,16666.666666666664,174.80147469502523,2.5,1.6666666666666667,1.7480147469502525,1398.4117975602019,4.0,4.0,1.0,1.0,0.0,1.6000000000000013e-05
isotropic,uniform_euclidean,16,9999.999999999996,8333.33333333333,87.40073734751262,1.25,0.8333333333333334,0.8740073734751262,1398.4117975602019,4.000000000000001,4.000000000000001,1.0000000000000002,1.0000000000000002,0.0,1.6000000000000013e-05
isotropic,uniform_euclidean,32,9999.999999999996,4166.666666666665,43.70036867375631,0.625,0.4166666666666667,0.4370036867375631,1398.4117975602019,4.000000000000001,4.000000000000001,1.0000000000000002,1.0000000000000002,0.0,1.6000000000000013e-05
isotropic,uniform_euclidean,64,10000.000000000004,2083.333333333334,21.85018433687816,0.3125,0.20833333333333331,0.2185018433687816,1398.4117975602023,3.999999999999998,3.999999999999998,0.9999999999999994,0.9999999999999994,0.0,1.6000000000000013e-05
isotropic,uniform_euclidean,128,10000.000000000004,1041.666666666667,10.92509216843908,0.15625,0.10416666666666666,0.1092509216843908,1398.4117975602023,3.999999999999998,3.999999999999998,0.9999999999999994,0.9999999999999994,2.2994295106738324e-16,1.6000000000000013e-05
isotropic,uniform_euclidean,256,10000.000000000002,520.8333333333334,5.4625460842195395,0.078125,0.05208333333333333,0.054625460842195384,1398.411797560202,3.9999999999999987,3.9999999999999987,0.9999999999999997,0.9999999999999997,0.0,1.6000000000000013e-05
isotropic,uniform_euclidean,512,10000.000000000002,260.4166666666667,2.7312730421097697,0.0390625,0.026041666666666664,0.027312730421097692,1398.411797560202,3.9999999999999987,3.9999999999999987,0.9999999999999997,0.9999999999999997,2.2994295106738324e-16,1.6000000000000013e-05
isotropic,uniform_euclidean,1024,10000.0,130.20833333333334,1.3656365210548849,0.01953125,0.013020833333333334,0.01365636521054885,1398.411797560202,3.999999999999999,3.999999999999999,0.9999999999999998,0.9999999999999998,0.0,1.6000000000000013e-05
isotropic,uniform_euclidean,2048,10000.0,65.10416666666667,0.6828182605274424,0.009765625,0.006510416666666667,0.006828182605274425,1398.411797560202,3.999999999999999,3.999999999999999,0.9999999999999998,0.9999999999999998,3.449144266010749e-16,1.6000000000000013e-05
anisotropic,paper_l2_l1,8,9999.999999999998,13344.311876055857,163.04237593164615,4.668412874366486,1.3344311876055859,1.6304237593164617,1304.3390074531692,17.824999999999974,37.34730299493185,2.5036306884502677,5.049999999999996,0.5022903494994406,6.400000000000015e-07
anisotropic,paper_l2_l1,16,9999.999999999995,4956.571980750449,56.3191781086244,1.1671032185916215,0.4956571980750452,0.5631917810862441,901.1068497379904,12.67499999999999,37.34730299493186,2.0506742512670275,5.049999999999997,0.4500034136374121,6.400000000000015e-07
anisotropic,paper_l2_l1,32,10000.000000000002,1901.7169875578295,21.85654604709008,0.6437499999999998,0.1901716987557829,0.21856546047090078,699.4094735068826,10.129045507602154,24.87499999999995,1.626348502534055,5.049999999999993,0.48262590299361807,6.400000000000015e-07
anisotropic,paper_l2_l1,64,10000.000000000004,721.8069698204482,8.024087584025294,0.29177580464790537,0.0721806969820448,0.08024087584025293,513.5416053776188,6.815197005068107,20.599999999999962,1.3855549397172984,5.049999999999993,0.38429323686963496,6.400000000000015e-07
anisotropic,paper_l2_l1,128,10000.000000000004,320.8822295146938,3.647226396046818,0.11757812500000002,0.03208822295146937,0.036472263960468175,466.8449786939927,5.421576040544912,18.67365149746592,1.102022753801085,5.049999999999994,0.4237203026223198,6.400000000000015e-07
anisotropic,paper_l2_l1,256,10000.000000000002,140.88250279882325,1.5609527964558625,0.04023437499999999,0.014088250279882322,0.015609527964558622,399.6039158927008,4.97904550760216,15.049999999999983,1.1020227538010847,5.049999999999995,0.34821534557753137,6.400000000000015e-07
anisotropic,paper_l2_l1,512,10000.0,66.80466254206885,0.7486041299852796,0.029394531250000005,0.006680466254206885,0.007486041299852796,383.28531455246315,5.1499999999999915,12.082364060817392,1.1020227538010847,5.049999999999995,0.37613854600724406,6.400000000000015e-07
anisotropic,paper_l2_l1,1024,9999.999999999998,31.203468920985717,0.34185780136405464,0.010058593749999997,0.003120346892098572,0.003418578013640547,350.06238859679195,4.979045507602162,9.336825748732961,1.0939962563351426,5.049999999999996,0.2827627169949746,6.400000000000015e-07
anisotropic,paper_l2_l1,2048,10000.0,15.285454195908548,0.1684287733392559,0.007348632812500001,0.0015285454195908548,0.001684287733392559,344.9421277987961,4.989470050681144,9.958091015204324,1.0939962563351437,5.049999999999996,0.30332294881964816,6.400000000000015e-07
anisotropic,greedy_euclidean,8,9999.999999999998,16833.333333333336,200.04461307973833,4.668412874366486,1.6833333333333338,2.0004461307973838,1600.3569046379066,26.19865149746592,37.34730299493185,3.5503371256335114,5.049999999999996,0.42613813136996254,6.400000000000015e-07
anisotropic,greedy_euclidean,16,9999.999999999996,8416.666666666664,94.78145549397074,1.8812500000000003,0.8416666666666668,0.9478145549397076,1516.5032879035318,24.386825748732956,30.099999999999984,4.003293562816754,5.049999999999997,0.24590456045865064,6.400000000000015e-07
anisotropic,greedy_euclidean,32,9999.999999999996,4208.333333333332,50.01115326993458,1.1671032185916215,0.4208333333333334,0.5001115326993459,1600.3569046379066,26.198651497465924,37.34730299493186,3.5503371256335123,5.049999999999997,0.42613813136996254,6.400000000000015e-07
anisotropic,greedy_euclidean,64,10000.000000000004,2104.166666666668,23.695363873492692,0.4703125000000001,0.21041666666666672,0.2369536387349269,1516.5032879035323,24.38682574873294,30.09999999999996,4.003293562816751,5.049999999999993,0.2459045604586506,6.400000000000015e-07
anisotropic,greedy_euclidean,128,10000.000000000004,1052.0833333333337,12.50278831748365,0.29177580464790537,0.10520833333333333,0.12502788317483648,1600.3569046379073,26.198651497465903,37.34730299493183,3.5503371256335092,5.049999999999993,0.42613813136996254,6.400000000000015e-07
anisotropic,greedy_euclidean,256,10000.000000000002,526.0416666666669,5.923840968373172,0.11757812500000002,0.052604166666666674,0.059238409683731716,1516.503287903532,24.386825748732942,30.099999999999966,4.003293562816752,5.049999999999994,0.2459045604586507,6.400000000000015e-07
anisotropic,greedy_euclidean,512,10000.000000000002,263.02083333333337,3.1256970793709122,0.07294395116197634,0.026302083333333334,0.03125697079370912,1600.356904637907,26.19865149746591,37.34730299493184,3.5503371256335097,5.049999999999994,0.4261381313699625,6.400000000000015e-07
anisotropic,greedy_euclidean,1024,10000.0,131.51041666666669,1.480960242093293,0.029394531250000005,0.013151041666666669,0.01480960242093293,1516.503287903532,24.386825748732946,30.099999999999973,4.003293562816753,5.049999999999995,0.2459045604586507,6.400000000000015e-07
anisotropic,greedy_euclidean,2048,10000.0,65.75520833333334,0.781424269842728,0.018235987790494085,0.006575520833333334,0.00781424269842728,1600.3569046379068,26.198651497465917,37.347302994931844,3.550337125633511,5.049999999999995,0.4261381313699625,6.400000000000015e-07
anisotropic,uniform_euclidean,8,9999.999999999998,16833.333333333336,200.04461307973833,4.668412874366486,1.6833333333333338,2.0004461307973838,1600.3569046379066,26.19865149746592,37.34730299493185,3.5503371256335114,5.049999999999996,0.42613813136996254,6.400000000000015e-07
anisotropic,uniform_euclidean,16,9999.999999999996,8416.666666666664,94.78145549397074,1.8812500000000003,0.8416666666666668,0.9478145549397076,1516.5032879035318,24.386825748732956,30.099999999999984,4.003293562816754,5.049999999999997,0.24590456045865064,6.400000000000015e-07
anisotropic,uniform_euclidean,32,9999.999999999996,4208.333333333332,50.01115326993458,1.1671032185916215,0.4208333333333334,0.5001115326993459,1600.3569046379066,26.198651497465924,37.34730299493186,3.5503371256335123,5.049999999999997,0.42613813136996254,6.400000000000015e-07
anisotropic,uniform_euclidean,64,10000.000000000004,2104.166666666668,23.695363873492692,0.4703125000000001,0.21041666666666672,0.2369536387349269,1516.5032879035323,24.38682574873294,30.09999999999996,4.003293562816751,5.049999999999993,0.2459045604586506,6.400000000000015e-07
anisotropic,uniform_euclidean,128,10000.000000000004,1052.0833333333337,12.50278831748365,0.29177580464790537,0.10520833333333333,0.12502788317483648,1600.3569046379073,26.198651497465903,37.34730299493183,3.5503371256335092,5.049999999999993,0.4261381313699626,6.400000000000015e-07
anisotropic,uniform_euclidean,256,10000.000000000002,526.0416666666669,5.923840968373172,0.11757812500000002,0.052604166666666674,0.059238409683731716,1516.503287903532,24.386825748732942,30.099999999999966,4.003293562816752,5.049999999999994,0.2459045604586507,6.400000000000015e-07
anisotropic,uniform_euclidean,512,10000.000000000002,263.02083333333337,3.1256970793709122,0.07294395116197634,0.026302083333333334,0.03125697079370912,1600.356904637907,26.19865149746591,37.34730299493184,3.5503371256335097,5.049999999999994,0.4261381313699627,6.400000000000015e-07
anisotropic,uniform_euclidean,1024,10000.0,131.51041666666669,1.480960242093293,0.029394531250000005,0.013151041666666669,0.01480960242093293,1516.503287903532,24.386825748732946,30.099999999999973,4.003293562816753,5.049999999999995,0.2459045604586507,6.400000000000015e-07
anisotropic,uniform_euclidean,2048,10000.0,65.75520833333334,0.781424269842728,0.018235987790494085,0.006575520833333334,0.00781424269842728,1600.3569046379068,26.198651497465917,37.347302994931844,3.550337125633511,5.049999999999995,0.42613813136996265,6.400000000000015e-07
variable_curvature,paper_l2_l1,8,9999.999999999998,10106.770833333316,110.35999965551153,1.8297260474029713,1.0106770833333318,1.1035999965551155,882.8799972440922,4.075416856763367,8.217058001139641,1.072175408846239,1.2869601711271077,0.09350683450767294,2.3644444444444437e-06
variable_curvature,paper_l2_l1,16,9999.999999999998,4920.0032552083185,60.44475301123306,1.5348853978099755,0.49200032552083195,0.6044475301123307,967.116048179729,4.555958379611993,6.182163058608031,1.0710561689558908,1.284847141698657,0.5469197937241558,2.9893402777777785e-06
variable_curvature,paper_l2_l1,32,10000.0,2117.5740559895703,24.11940306477263,0.6947818042067702,0.21175740559895703,0.2411940306477263,771.8208980727242,4.000000000000003,7.895939757980306,1.0776713107089686,1.240287208727611,0.4257660473010354,4.987395833333338e-06
variable_curvature,paper_l2_l1,64,10000.000000000004,1032.4261983235558,11.443357236730751,0.29526053442289585,0.10324261983235554,0.1144335723673075,732.3748631507681,4.038903479007797,8.829768577208254,1.0792009617732723,1.3501969273127064,0.3312955886667367,4.346458333333335e-06
variable_curvature,paper_l2_l1,128,10000.000000000004,518.1302030881138,5.9420860080688955,0.22947113636413966,0.05181302030881137,0.05942086008068895,760.5870090328186,4.319965072168927,6.350261665755999,1.0941167493544133,1.4404801916324026,0.3967192685826543,4.209778645833333e-06
variable_curvature,paper_l2_l1,256,10000.000000000002,252.38378842670593,2.827080223269417,0.07671703892335537,0.02523837884267059,0.028270802232694167,723.7325371569708,4.290799331605893,6.392680145839039,1.1004514000336394,1.6676904374080588,0.3655710759294532,4.49875664605035e-06
variable_curvature,paper_l2_l1,512,10000.000000000002,125.18931583810745,1.3874266858053894,0.04940665458560482,0.012518931583810742,0.013874266858053892,710.3624631323594,4.124659195590123,6.443679780510797,1.1027700631761217,1.7254293159322522,0.3407663089863437,4.849108344184027e-06
variable_curvature,paper_l2_l1,1024,10000.0,62.011642400940566,0.6920911918486796,0.021612637634697483,0.006201164240094057,0.006920911918486796,708.7013804530479,4.176012087563452,6.340973730786809,1.0966338779424787,1.8215565171138566,0.3323153556152011,4.742356906467013e-06
variable_curvature,paper_l2_l1,2048,10000.0,30.996963284743533,0.344459780341971,0.013284606391789616,0.0030996963284743535,0.00344459780341971,705.4536301403566,4.103964020212707,6.570254509225097,1.093792883933101,1.8525498111256595,0.3293131991018971,5.061114857991536e-06
variable_curvature,greedy_euclidean,8,9999.999999999998,11708.333333333318,126.50090971502986,1.8301459322328704,1.170833333333332,1.2650090971502987,1012.0072777202389,6.134322503362908,8.193228149962449,1.533580625840727,2.0483070374906123,0.056978971161154024,2.784444444444444e-06
variable_curvature,greedy_euclidean,16,9999.999999999996,6005.2083333333185,70.5243240611931,1.5348853978099755,0.6005208333333321,0.7052432406119311,1128.3891849790896,5.187323740436898,15.394804318340661,1.162458400938041,2.054264500284909,0.4107581254397755,4.213333333333333e-06
variable_curvature,greedy_euclidean,32,9999.999999999996,3050.4964192708208,37.14044834407784,0.818929661039177,0.30504964192708217,0.3714044834407784,1188.4943470104909,5.463063255994458,11.65909199850091,1.3657658139986144,2.635755819089486,0.5310533794867508,4.219444444444448e-06
variable_curvature,greedy_euclidean,64,10000.0,1309.1634114583203,14.49769533776567,0.2990123205113093,0.13091634114583203,0.1449769533776567,927.8525016170029,5.629071591656933,13.885024614179239,1.4072678979142332,3.5714285714285667,0.39541234237558487,4.357951388888892e-06
variable_curvature,greedy_euclidean,128,10000.000000000004,743.2912190755102,8.493732611013316,0.22947113636414032,0.07432912190755099,0.08493732611013315,1087.1977742097044,6.241338165076153,24.791735255651254,1.3581103258910507,3.8486057642505958,0.3776905028091646,4.534446614583334e-06
variable_curvature,greedy_euclidean,256,10000.000000000002,328.6526997884005,3.7381448687280643,0.11959791964542836,0.032865269978840046,0.03738144868728064,956.9650863943845,5.224943931413192,14.699555199968579,1.3614525224533423,4.022754996410475,0.41403946243588785,4.543376736111114e-06
variable_curvature,greedy_euclidean,512,10000.000000000002,180.78341086704467,2.10989933315517,0.06542854671423712,0.018078341086704464,0.0210989933315517,1080.268458575447,5.245664077363366,22.265605504867867,1.3381738554960922,4.140841249803557,0.423829404890592,4.8155642361111125e-06
variable_curvature,greedy_euclidean,1024,10000.0,81.68532450992775,0.9228457414719141,0.024228959128456528,0.008168532450992775,0.009228457414719142,944.99403926724,5.621853251708554,14.554987916564539,1.384157731609028,4.228844979743548,0.3467079869619658,4.192011854383684e-06
variable_curvature,greedy_euclidean,2048,10000.0,44.929649991282815,0.5228097474495033,0.017433098495077466,0.004492964999128281,0.005228097474495033,1070.7143627765827,5.595031391620605,23.349001812567003,1.3540578626277122,4.280973590012366,0.40873259861771105,5.072671720716688e-06
variable_curvature,uniform_euclidean,8,9999.999999999998,11708.333333333318,126.50090971502986,1.8301459322328704,1.170833333333332,1.2650090971502987,1012.0072777202389,6.134322503362908,8.193228149962449,1.533580625840727,2.0483070374906123,0.056978971161154024,2.784444444444444e-06
variable_curvature,uniform_euclidean,16,9999.999999999996,6005.2083333333185,70.5243240611931,1.5348853978099755,0.6005208333333321,0.7052432406119311,1128.3891849790896,5.187323740436898,15.394804318340661,1.162458400938041,2.054264500284909,0.4107581254397755,4.213333333333333e-06
variable_curvature,uniform_euclidean,32,9999.999999999996,3153.6458333333203,40.19046065274883,0.8189422043341459,0.31536458333333217,0.4019046065274884,1286.0947408879626,5.463063255994458,10.543023276357944,1.3657658139986144,2.635755819089486,0.6337988845800065,2.6577777777777782e-06
variable_curvature,uniform_euclidean,64,10000.000000000004,1586.2630208333223,21.834001679280608,0.6947818042067725,0.15862630208333217,0.21834001679280604,1397.3761074739589,4.861716727262887,23.71280995322786,1.1968680740983277,3.236142342129799,0.796286497694648,2.1964583333333375e-06
variable_curvature,uniform_euclidean,128,10000.000000000004,802.5716145833223,10.60299715282123,0.26946125162763934,0.0802571614583322,0.10602997152821228,1357.1836355611174,5.504679861501465,14.14728971271262,1.3761699653753663,3.5714285714285667,0.7118473244185036,2.38777777777778e-06
variable_curvature,uniform_euclidean,256,10000.000000000002,401.8758138020718,5.734237826460706,0.22947113636414032,0.04018758138020717,0.05734237826460706,1467.9648835739408,4.7398402638828685,21.50713139939699,1.1530349147729195,3.8486057642505958,0.8737505105254014,2.4172786458333306e-06
variable_curvature,uniform_euclidean,512,10000.000000000002,201.5279134114477,2.6856901232453234,0.07671706317840687,0.02015279134114477,0.02685690123245323,1375.0733431016056,5.501190963657405,12.333966274321163,1.3752977409143512,4.077999215691957,0.7303643727272913,2.5478559027777805e-06
variable_curvature,uniform_euclidean,1024,10000.0,100.80083211261932,1.4509470523014796,0.06542854671423712,0.010080083211261932,0.014509470523014796,1485.769781556715,4.867308274486355,20.723674362780162,1.1627948895800306,4.140841249803557,0.8924694416683111,2.4716951497395822e-06
variable_curvature,uniform_euclidean,2048,10000.0,50.43729146320536,0.6736096748342233,0.02042745092042253,0.005043729146320536,0.006736096748342233,1379.5526140604893,5.419292027586041,12.971825709126811,1.3548230068965101,4.284671650411547,0.7349393664130436,2.5076573350694445e-06
