case,method,budget_n,baseline,candidate,e2_reduction_percent,file_saving_percent
isotropic,paper_l2_l1,8,paper_l2_l1-8.json,curve-x-1x2.json,47.77670321329089,15.384615384615385
isotropic,paper_l2_l1,16,paper_l2_l1-16.json,curve-x-1x4.json,73.88835160664567,13.636363636363635
isotropic,paper_l2_l1,32,paper_l2_l1-32.json,curve-x-1x4.json,47.77670321329131,42.85714285714286
isotropic,paper_l2_l1,64,paper_l2_l1-64.json,curve-x-1x8.json,73.88835160664598,46.889952153110045
isotropic,paper_l2_l1,128,paper_l2_l1-128.json,curve-x-1x16.json,86.94417580332427,38.539610938821546
isotropic,paper_l2_l1,256,paper_l2_l1-256.json,curve-x-1x32.json,93.47208790166457,35.379270411117545
isotropic,paper_l2_l1,512,paper_l2_l1-512.json,curve-x-1x64.json,96.73604395083728,34.10224438902743
isotropic,paper_l2_l1,1024,paper_l2_l1-1024.json,curve-x-1x128.json,98.36802197542814,27.847242069162615
isotropic,paper_l2_l1,2048,paper_l2_l1-2048.json,curve-x-1x256.json,99.18401098773275,25.87340981273538
isotropic,greedy_euclidean,8,greedy_euclidean-8.json,curve-x-1x2.json,47.77670321329089,15.384615384615385
isotropic,greedy_euclidean,16,greedy_euclidean-16.json,curve-x-1x4.json,73.88835160664567,13.636363636363635
isotropic,greedy_euclidean,32,greedy_euclidean-32.json,curve-x-1x4.json,47.77670321329131,42.85714285714286
isotropic,greedy_euclidean,64,greedy_euclidean-64.json,curve-x-1x8.json,73.88835160664598,46.889952153110045
isotropic,greedy_euclidean,128,greedy_euclidean-128.json,curve-x-1x16.json,86.94417580332427,38.539610938821546
isotropic,greedy_euclidean,256,greedy_euclidean-256.json,curve-x-1x32.json,93.47208790166457,35.379270411117545
isotropic,greedy_euclidean,512,greedy_euclidean-512.json,curve-x-1x64.json,96.73604395083728,34.10224438902743
isotropic,greedy_euclidean,1024,greedy_euclidean-1024.json,curve-x-1x128.json,98.36802197542814,27.847242069162615
isotropic,greedy_euclidean,2048,greedy_euclidean-2048.json,curve-x-1x256.json,99.18401098773275,25.87340981273538
isotropic,uniform_euclidean,8,uniform_euclidean-8.json,curve-x-1x2.json,47.77670321329089,15.384615384615385
isotropic,uniform_euclidean,16,uniform_euclidean-16.json,curve-x-1x4.json,73.88835160664567,13.636363636363635
isotropic,uniform_euclidean,32,uniform_euclidean-32.json,curve-x-1x4.json,47.77670321329131,42.85714285714286
isotropic,uniform_euclidean,64,uniform_euclidean-64.json,curve-x-1x8.json,73.88835160664598,46.889952153110045
isotropic,uniform_euclidean,128,uniform_euclidean-128.json,curve-x-1x16.json,86.94417580332427,38.539610938821546
isotropic,uniform_euclidean,256,uniform_euclidean-256.json,curve-x-1x32.json,93.47208790166457,35.379270411117545
isotropic,uniform_euclidean,512,uniform_euclidean-512.json,curve-x-1x64.json,96.73604395083728,34.10224438902743
isotropic,uniform_euclidean,1024,uniform_euclidean-1024.json,curve-x-1x128.json,98.36802197542814,27.847242069162615
isotropic,uniform_euclidean,2048,uniform_euclidean-2048.json,curve-x-1x256.json,99.18401098773275,25.87340981273538
anisotropic,paper_l2_l1,8,paper_l2_l1-8.json,curve-x-1x1.json,-15.338978799564185,21.444695259593683
anisotropic,paper_l2_l1,16,paper_l2_l1-16.json,curve-x-1x4.json,79.13106403921103,15.28878822197055
anisotropic,paper_l2_l1,32,paper_l2_l1-32.json,curve-x-1x4.json,46.225660780028434,42.76970160673298
anisotropic,paper_l2_l1,64,paper_l2_l1-64.json,curve-x-1x16.json,90.84536630329283,0.15255530129671957
anisotropic,paper_l2_l1,128,paper_l2_l1-128.json,curve-x-1x32.json,94.96483254634278,6.594594594594594
anisotropic,paper_l2_l1,256,paper_l2_l1-256.json,curve-x-1x32.json,88.23513709883429,49.708963911525025
anisotropic,paper_l2_l1,512,paper_l2_l1-512.json,curve-x-1x64.json,93.86712051475435,47.294549422208995
anisotropic,paper_l2_l1,1024,paper_l2_l1-1024.json,curve-x-1x128.json,96.64253756022673,45.57031699567165
anisotropic,paper_l2_l1,2048,paper_l2_l1-2048.json,curve-x-1x256.json,98.29634998669174,41.737807676672304
anisotropic,greedy_euclidean,8,greedy_euclidean-8.json,curve-x-1x2.json,76.49881587474327,8.366533864541836
anisotropic,greedy_euclidean,16,greedy_euclidean-16.json,curve-x-1x4.json,87.59967004950757,8.557457212713937
anisotropic,greedy_euclidean,32,greedy_euclidean-32.json,curve-x-1x4.json,76.49881587474361,41.92546583850931
anisotropic,greedy_euclidean,64,greedy_euclidean-64.json,curve-x-1x8.json,87.59967004950838,39.09538737124944
anisotropic,greedy_euclidean,128,greedy_euclidean-128.json,curve-x-1x16.json,94.12470396868785,41.71861086375779
anisotropic,greedy_euclidean,256,greedy_euclidean-256.json,curve-x-1x32.json,96.89991751238087,35.66641846612063
anisotropic,greedy_euclidean,512,greedy_euclidean-512.json,curve-x-1x64.json,98.5311759921787,38.99540757749713
anisotropic,greedy_euclidean,1024,greedy_euclidean-1024.json,curve-x-1x128.json,99.2249793781088,31.324578571879535
anisotropic,greedy_euclidean,2048,greedy_euclidean-2048.json,curve-x-1x256.json,99.63279399806885,36.112908560171405
anisotropic,uniform_euclidean,8,uniform_euclidean-8.json,curve-x-1x2.json,76.49881587474327,8.366533864541836
anisotropic,uniform_euclidean,16,uniform_euclidean-16.json,curve-x-1x4.json,87.59967004950757,8.557457212713937
anisotropic,uniform_euclidean,32,uniform_euclidean-32.json,curve-x-1x4.json,76.49881587474361,41.92546583850931
anisotropic,uniform_euclidean,64,uniform_euclidean-64.json,curve-x-1x8.json,87.59967004950838,45.469125902165196
anisotropic,uniform_euclidean,128,uniform_euclidean-128.json,curve-x-1x16.json,94.12470396868785,39.243443954513815
anisotropic,uniform_euclidean,256,uniform_euclidean-256.json,curve-x-1x32.json,96.89991751238087,37.45173745173746
anisotropic,uniform_euclidean,512,uniform_euclidean-512.json,curve-x-1x64.json,98.5311759921787,37.18524648303582
anisotropic,uniform_euclidean,1024,uniform_euclidean-1024.json,curve-x-1x128.json,99.2249793781088,32.813465101914765
anisotropic,uniform_euclidean,2048,uniform_euclidean-2048.json,curve-x-1x256.json,99.63279399806885,32.06886534256839
variable_curvature,paper_l2_l1,8,paper_l2_l1-8.json,curve-x-1x1.json,5.6702053023290455,26.89295039164491
variable_curvature,paper_l2_l1,16,paper_l2_l1-16.json,curve-x-1x2.json,-11.28616145842727,33.55932203389831
variable_curvature,paper_l2_l1,32,paper_l2_l1-32.json,curve-x-2x2.json,-32.541364111927585,39.03591682419659
variable_curvature,paper_l2_l1,64,paper_l2_l1-64.json,curve-x-4x4.json,35.84005145170601,8.957722896609454
variable_curvature,paper_l2_l1,128,paper_l2_l1-128.json,curve-x-4x8.json,40.452354464874404,18.260698087162297
variable_curvature,paper_l2_l1,256,paper_l2_l1-256.json,curve-x-8x8.json,37.18669234328274,1.043817389309476
variable_curvature,paper_l2_l1,512,paper_l2_l1-512.json,curve-x-8x16.json,57.573868746967364,4.769989047097479
variable_curvature,paper_l2_l1,1024,paper_l2_l1-1024.json,curve-x-8x32.json,41.69943243141958,4.101520086862109
variable_curvature,paper_l2_l1,2048,paper_l2_l1-2048.json,curve-x-16x32.json,65.09985550056581,0.24456332939623016
variable_curvature,greedy_euclidean,8,greedy_euclidean-8.json,curve-x-1x2.json,46.82516862466777,14.035087719298245
variable_curvature,greedy_euclidean,16,greedy_euclidean-16.json,curve-x-2x2.json,54.670695163323636,13.306451612903224
variable_curvature,greedy_euclidean,32,greedy_euclidean-32.json,curve-y-8x1.json,57.835848587700234,10.799136069114468
variable_curvature,greedy_euclidean,64,greedy_euclidean-64.json,curve-x-4x4.json,49.3571085318761,0.27510316368638543
variable_curvature,greedy_euclidean,128,greedy_euclidean-128.json,curve-x-4x8.json,58.34137386325108,9.989142236699244
variable_curvature,greedy_euclidean,256,greedy_euclidean-256.json,curve-x-4x8.json,5.344163007756264,50.725154541131715
variable_curvature,greedy_euclidean,512,greedy_euclidean-512.json,curve-x-8x16.json,72.10144306367697,2.4350558267407285
variable_curvature,greedy_euclidean,1024,greedy_euclidean-1024.json,curve-x-8x16.json,36.2156165102367,48.483142738638385
variable_curvature,greedy_euclidean,2048,greedy_euclidean-2048.json,curve-x-8x32.json,22.82219394180188,49.04593639575972
variable_curvature,uniform_euclidean,8,uniform_euclidean-8.json,curve-x-1x2.json,46.82516862466777,14.035087719298245
variable_curvature,uniform_euclidean,16,uniform_euclidean-16.json,curve-x-2x2.json,54.670695163323636,13.07277628032345
variable_curvature,uniform_euclidean,32,uniform_euclidean-32.json,curve-x-2x4.json,41.944097295649954,2.4347826086956514
variable_curvature,uniform_euclidean,64,uniform_euclidean-64.json,curve-x-4x4.json,66.37330974353102,5.5989583333333375
variable_curvature,uniform_euclidean,128,uniform_euclidean-128.json,curve-x-4x4.json,30.754936463126715,45.6385903524119
variable_curvature,uniform_euclidean,256,uniform_euclidean-256.json,curve-x-4x8.json,38.29393860942948,48.200449887528116
variable_curvature,uniform_euclidean,512,uniform_euclidean-512.json,curve-x-8x8.json,33.87984030716786,48.285577268912604
variable_curvature,uniform_euclidean,1024,uniform_euclidean-1024.json,curve-x-8x16.json,59.43122350152521,45.81177937052041
variable_curvature,uniform_euclidean,2048,uniform_euclidean-2048.json,curve-x-8x32.json,40.09986673079874,45.85178940915012
