case_id,family,target_m,bytes,native_triangles,ruled_quads,e2_m2,rms_integral_m,continuous_bound_m,target_met,multipatch_five_component_bytes
nottingham-centre,hybrid,0.1,8363,271,1,1.5997345778364565,0.024995852778694632,0.09875242337273538,True,
nottingham-centre,local_triangles,0.1,6813,231,0,1.7744266467456924,0.027725416355401444,0.09750026806877632,True,9650
nottingham-centre,hybrid,0.25,1609,33,0,4.434481235851333,0.06928876931017708,0.248439680185781,True,
nottingham-centre,local_triangles,0.25,1740,37,0,4.50862651577813,0.07044728930903328,0.24125076397942113,True,2474
nottingham-centre,hybrid,0.5,1116,14,0,10.833572482980445,0.16927457004656946,0.4775006876854758,True,
nottingham-centre,local_triangles,0.5,949,10,0,9.550514682667782,0.1492267919166841,0.47750084027337014,True,1434
nottingham-north-quarter,hybrid,0.1,34764,1321,6,1.6047572426297794,0.025074331916090303,0.09875051603558256,True,
nottingham-north-quarter,local_triangles,0.1,29723,1124,0,1.6588359245605249,0.0259193113212582,0.09875051603558256,True,41722
nottingham-north-quarter,hybrid,0.25,14646,532,0,3.988590549242672,0.06232172733191675,0.2493763075852615,True,
nottingham-north-quarter,local_triangles,0.25,10087,365,0,3.8912347753238743,0.060800543364435536,0.24875078306439088,True,14434
nottingham-north-quarter,hybrid,0.5,6183,208,1,8.895571568515535,0.13899330575805524,0.4850005351090689,True,
nottingham-north-quarter,local_triangles,0.5,5317,187,0,6.769472831857465,0.10577301299777289,0.4899993906998889,True,7810
