case_id,condition,threshold,method,candidate,complete_bytes,E2_m2,continuous_bound_m
exeter-centre,byte_ceiling,256,p1-fit,p1-fit-1x1,204,45.18603837154081,2.8350238314107705
exeter-centre,byte_ceiling,256,p1-fit-unfitted,p1-fit-1x1-unfitted,204,58.18198531927065,3.7738727639568643
exeter-centre,byte_ceiling,256,ruled-fit,ruled-fit-1x1,204,45.17983942177788,2.7094892295371387
exeter-centre,byte_ceiling,256,ruled-fit-unfitted,ruled-fit-1x1-unfitted,204,59.84479546598328,3.7417985900444584
exeter-centre,byte_ceiling,256,hybrid-fit,hybrid-fit-1x1,204,45.18603837154081,2.8350238314107705
exeter-centre,byte_ceiling,256,hybrid-fit-unfitted,hybrid-fit-1x1-unfitted,204,58.18198531927065,3.7738727639568643
exeter-centre,byte_ceiling,512,p1-fit,p1-fit-2x2,408,30.60002728170732,2.4018614137759093
exeter-centre,byte_ceiling,512,p1-fit-unfitted,p1-fit-2x1-unfitted,280,40.78740166671668,3.360016704644044
exeter-centre,byte_ceiling,512,ruled-fit,ruled-fit-2x2,368,30.461459922441502,2.4597720539169337
exeter-centre,byte_ceiling,512,ruled-fit-unfitted,ruled-fit-2x2-unfitted,368,42.71017411030825,3.3322198401344614
exeter-centre,byte_ceiling,512,hybrid-fit,hybrid-fit-2x2,408,32.21933403980404,2.5552898405726956
exeter-centre,byte_ceiling,512,hybrid-fit-unfitted,hybrid-fit-2x1-unfitted,280,40.78740166671668,3.360016704644044
exeter-centre,byte_ceiling,1024,p1-fit,p1-fit-8x2,996,25.775863295780347,2.600628236249191
exeter-centre,byte_ceiling,1024,p1-fit-unfitted,p1-fit-2x4-unfitted,644,35.25930360365894,3.283688546265443
exeter-centre,byte_ceiling,1024,ruled-fit,ruled-fit-4x4,888,20.35664852857618,1.5100468003592176
exeter-centre,byte_ceiling,1024,ruled-fit-unfitted,ruled-fit-4x4-unfitted,888,23.743680978189506,1.8757181774032907
exeter-centre,byte_ceiling,1024,hybrid-fit,hybrid-fit-2x4,644,25.364134358777278,2.048823739748007
exeter-centre,byte_ceiling,1024,hybrid-fit-unfitted,hybrid-fit-2x4-unfitted,644,33.881238309144784,3.283688546265443
exeter-centre,byte_ceiling,2048,p1-fit,p1-fit-4x8,1836,15.781720097347604,1.4324661673176684
exeter-centre,byte_ceiling,2048,p1-fit-unfitted,p1-fit-4x8-unfitted,1836,18.949694230343532,1.6021854887855844
exeter-centre,byte_ceiling,2048,ruled-fit,ruled-fit-4x8,1576,16.53140293144646,1.4166672270950804
exeter-centre,byte_ceiling,2048,ruled-fit-unfitted,ruled-fit-4x8-unfitted,1576,21.768736207953804,1.6378340135467844
exeter-centre,byte_ceiling,2048,hybrid-fit,hybrid-fit-4x8,1856,15.745546889646564,1.432195619228016
exeter-centre,byte_ceiling,2048,hybrid-fit-unfitted,hybrid-fit-4x8-unfitted,1856,18.93557439565539,1.6021854887855844
exeter-centre,byte_ceiling,4096,p1-fit,p1-fit-8x8,3316,11.781417524485196,1.7014324401072947
exeter-centre,byte_ceiling,4096,p1-fit-unfitted,p1-fit-8x8-unfitted,3316,14.285139953684368,1.6895027171028452
exeter-centre,byte_ceiling,4096,ruled-fit,ruled-fit-8x8,2696,12.635226790978809,1.5498118409047072
exeter-centre,byte_ceiling,4096,ruled-fit-unfitted,ruled-fit-8x8-unfitted,2696,16.494497268206153,1.6895027171028452
exeter-centre,byte_ceiling,4096,hybrid-fit,hybrid-fit-8x8,3336,11.74234262197869,1.7012911948606209
exeter-centre,byte_ceiling,4096,hybrid-fit-unfitted,hybrid-fit-8x8-unfitted,3336,14.273224989899491,1.6895027171028452
exeter-centre,byte_ceiling,8192,p1-fit,p1-fit-8x16,6096,8.771928850615382,1.1902493253756652
exeter-centre,byte_ceiling,8192,p1-fit-unfitted,p1-fit-16x8-unfitted,5896,11.412793895168443,1.4753742228401499
exeter-centre,byte_ceiling,8192,ruled-fit,ruled-fit-8x16,5096,9.863008536111435,1.2349003922843642
exeter-centre,byte_ceiling,8192,ruled-fit-unfitted,ruled-fit-8x16-unfitted,5096,13.226072991638285,1.6895027171028452
exeter-centre,byte_ceiling,8192,hybrid-fit,hybrid-fit-8x16,6256,8.688126076830333,1.190255533802739
exeter-centre,byte_ceiling,8192,hybrid-fit-unfitted,hybrid-fit-16x8-unfitted,6016,11.401774012225445,1.4753742228401499
exeter-centre,byte_ceiling,16384,p1-fit,p1-fit-16x16,11504,4.830796281942792,0.7991222506099454
exeter-centre,byte_ceiling,16384,p1-fit-unfitted,p1-fit-16x16-unfitted,11504,5.974392772243855,0.937500001038392
exeter-centre,byte_ceiling,16384,ruled-fit,ruled-fit-16x16,9384,5.639163434847163,0.7997041961867928
exeter-centre,byte_ceiling,16384,ruled-fit-unfitted,ruled-fit-16x16-unfitted,9384,7.441137143533382,0.937500001038392
exeter-centre,byte_ceiling,16384,hybrid-fit,hybrid-fit-16x16,12144,4.776871228318162,0.7667665081331214
exeter-centre,byte_ceiling,16384,hybrid-fit-unfitted,hybrid-fit-16x16-unfitted,12144,5.932876496232114,0.937500001038392
exeter-centre,byte_ceiling,32768,p1-fit,p1-fit-16x32,22220,3.2153820600054215,0.742814392880772
exeter-centre,byte_ceiling,32768,p1-fit-unfitted,p1-fit-16x32-unfitted,22220,4.054755642332399,0.937500001038392
exeter-centre,byte_ceiling,32768,ruled-fit,ruled-fit-16x32,18280,3.819897638491702,0.6501014151828222
exeter-centre,byte_ceiling,32768,ruled-fit-unfitted,ruled-fit-16x32-unfitted,18280,5.026493055005389,0.937500001038392
exeter-centre,byte_ceiling,32768,hybrid-fit,hybrid-fit-16x32,23460,3.1612540701084684,0.7439083034213403
exeter-centre,byte_ceiling,32768,hybrid-fit-unfitted,hybrid-fit-16x32-unfitted,23460,3.9912943900414897,0.937500001038392
exeter-centre,byte_ceiling,65536,p1-fit,p1-fit-32x32,42368,1.8210401549398425,0.5895805047480187
exeter-centre,byte_ceiling,65536,p1-fit-unfitted,p1-fit-32x32-unfitted,42368,2.356916521748807,0.760498047913392
exeter-centre,byte_ceiling,65536,ruled-fit,ruled-fit-32x32,35048,2.1377906361586745,0.6355859773351802
exeter-centre,byte_ceiling,65536,ruled-fit-unfitted,ruled-fit-32x32-unfitted,35048,2.925727991568295,0.760498047913392
exeter-centre,byte_ceiling,65536,hybrid-fit,hybrid-fit-32x32,44788,1.7725969262716612,0.589240484591611
exeter-centre,byte_ceiling,65536,hybrid-fit-unfitted,hybrid-fit-32x32-unfitted,44788,2.328283771217385,0.760498047913392
exeter-centre,byte_ceiling,135528,p1-fit,p1-fit-64x64,135528,0.45875144152686204,0.14702147593887913
exeter-centre,byte_ceiling,135528,p1-fit-unfitted,p1-fit-64x64-unfitted,135528,0.6203717326731114,0.2147502909553842
exeter-centre,byte_ceiling,135528,ruled-fit,ruled-fit-64x64,135528,0.0,1.0383919982910157e-09
exeter-centre,byte_ceiling,135528,ruled-fit-unfitted,ruled-fit-64x64-unfitted,135528,0.0,1.0383919982910157e-09
exeter-centre,byte_ceiling,135528,hybrid-fit,hybrid-fit-64x64,135528,0.0,1.0383919982910157e-09
exeter-centre,byte_ceiling,135528,hybrid-fit-unfitted,hybrid-fit-64x64-unfitted,135528,0.0,1.0383919982910157e-09
exeter-centre,height_target_m,0.01,p1-fit,NO_FEASIBLE_MODEL,,,
exeter-centre,height_target_m,0.01,p1-fit-unfitted,NO_FEASIBLE_MODEL,,,
exeter-centre,height_target_m,0.01,ruled-fit,ruled-fit-64x64,135528,0.0,1.0383919982910157e-09
exeter-centre,height_target_m,0.01,ruled-fit-unfitted,ruled-fit-64x64-unfitted,135528,0.0,1.0383919982910157e-09
exeter-centre,height_target_m,0.01,hybrid-fit,hybrid-fit-64x64,135528,0.0,1.0383919982910157e-09
exeter-centre,height_target_m,0.01,hybrid-fit-unfitted,hybrid-fit-64x64-unfitted,135528,0.0,1.0383919982910157e-09
exeter-centre,height_target_m,0.025,p1-fit,NO_FEASIBLE_MODEL,,,
exeter-centre,height_target_m,0.025,p1-fit-unfitted,NO_FEASIBLE_MODEL,,,
exeter-centre,height_target_m,0.025,ruled-fit,ruled-fit-64x64,135528,0.0,1.0383919982910157e-09
exeter-centre,height_target_m,0.025,ruled-fit-unfitted,ruled-fit-64x64-unfitted,135528,0.0,1.0383919982910157e-09
exeter-centre,height_target_m,0.025,hybrid-fit,hybrid-fit-64x64,135528,0.0,1.0383919982910157e-09
exeter-centre,height_target_m,0.025,hybrid-fit-unfitted,hybrid-fit-64x64-unfitted,135528,0.0,1.0383919982910157e-09
exeter-centre,height_target_m,0.05,p1-fit,NO_FEASIBLE_MODEL,,,
exeter-centre,height_target_m,0.05,p1-fit-unfitted,NO_FEASIBLE_MODEL,,,
exeter-centre,height_target_m,0.05,ruled-fit,ruled-fit-64x64,135528,0.0,1.0383919982910157e-09
exeter-centre,height_target_m,0.05,ruled-fit-unfitted,ruled-fit-64x64-unfitted,135528,0.0,1.0383919982910157e-09
exeter-centre,height_target_m,0.05,hybrid-fit,hybrid-fit-64x64,135528,0.0,1.0383919982910157e-09
exeter-centre,height_target_m,0.05,hybrid-fit-unfitted,hybrid-fit-64x64-unfitted,135528,0.0,1.0383919982910157e-09
exeter-centre,height_target_m,0.1,p1-fit,NO_FEASIBLE_MODEL,,,
exeter-centre,height_target_m,0.1,p1-fit-unfitted,NO_FEASIBLE_MODEL,,,
exeter-centre,height_target_m,0.1,ruled-fit,ruled-fit-64x64,135528,0.0,1.0383919982910157e-09
exeter-centre,height_target_m,0.1,ruled-fit-unfitted,ruled-fit-64x64-unfitted,135528,0.0,1.0383919982910157e-09
exeter-centre,height_target_m,0.1,hybrid-fit,hybrid-fit-64x64,135528,0.0,1.0383919982910157e-09
exeter-centre,height_target_m,0.1,hybrid-fit-unfitted,hybrid-fit-64x64-unfitted,135528,0.0,1.0383919982910157e-09
exeter-centre,height_target_m,0.25,p1-fit,p1-fit-64x64,135528,0.45875144152686204,0.14702147593887913
exeter-centre,height_target_m,0.25,p1-fit-unfitted,p1-fit-64x64-unfitted,135528,0.6203717326731114,0.2147502909553842
exeter-centre,height_target_m,0.25,ruled-fit,ruled-fit-64x64,135528,0.0,1.0383919982910157e-09
exeter-centre,height_target_m,0.25,ruled-fit-unfitted,ruled-fit-64x64-unfitted,135528,0.0,1.0383919982910157e-09
exeter-centre,height_target_m,0.25,hybrid-fit,hybrid-fit-64x64,135528,0.0,1.0383919982910157e-09
exeter-centre,height_target_m,0.25,hybrid-fit-unfitted,hybrid-fit-64x64-unfitted,135528,0.0,1.0383919982910157e-09
exeter-centre,height_target_m,0.5,p1-fit,p1-fit-32x64,85644,1.2090345104148132,0.45891742545609787
exeter-centre,height_target_m,0.5,p1-fit-unfitted,p1-fit-64x64-unfitted,135528,0.6203717326731114,0.2147502909553842
exeter-centre,height_target_m,0.5,ruled-fit,ruled-fit-32x64,69224,1.3708582859555185,0.4254044883954768
exeter-centre,height_target_m,0.5,ruled-fit-unfitted,ruled-fit-64x64-unfitted,135528,0.0,1.0383919982910157e-09
exeter-centre,height_target_m,0.5,hybrid-fit,hybrid-fit-32x64,92024,1.176532838118702,0.44891890070716073
exeter-centre,height_target_m,0.5,hybrid-fit-unfitted,hybrid-fit-64x64-unfitted,135528,0.0,1.0383919982910157e-09
exeter-north-quarter,byte_ceiling,256,p1-fit,p1-fit-1x1,204,43.05660234315261,2.327360693540164
exeter-north-quarter,byte_ceiling,256,p1-fit-unfitted,p1-fit-1x1-unfitted,204,55.01909079757146,2.8169378648831507
exeter-north-quarter,byte_ceiling,256,ruled-fit,ruled-fit-1x1,204,42.835540453012186,2.2740992432846734
exeter-north-quarter,byte_ceiling,256,ruled-fit-unfitted,ruled-fit-1x1-unfitted,204,55.30450266190969,2.861471248915698
exeter-north-quarter,byte_ceiling,256,hybrid-fit,hybrid-fit-1x1,204,43.05660234315261,2.327360693540164
exeter-north-quarter,byte_ceiling,256,hybrid-fit-unfitted,hybrid-fit-1x1-unfitted,204,55.01909079757146,2.8169378648831507
exeter-north-quarter,byte_ceiling,512,p1-fit,p1-fit-1x4,432,36.65616850119609,1.8879091171474083
exeter-north-quarter,byte_ceiling,512,p1-fit-unfitted,p1-fit-1x4-unfitted,432,43.54910118021852,2.5047024499013086
exeter-north-quarter,byte_ceiling,512,ruled-fit,ruled-fit-1x4,432,37.08997098688596,1.942673360140048
exeter-north-quarter,byte_ceiling,512,ruled-fit-unfitted,ruled-fit-1x4-unfitted,432,45.851346828250165,2.5047024499013086
exeter-north-quarter,byte_ceiling,512,hybrid-fit,hybrid-fit-1x4,432,36.53445151026054,1.8872838266412155
exeter-north-quarter,byte_ceiling,512,hybrid-fit-unfitted,hybrid-fit-1x4-unfitted,432,43.020757341054995,2.5047024499013086
exeter-north-quarter,byte_ceiling,1024,p1-fit,p1-fit-4x2,644,32.554670750257785,1.9573385518759348
exeter-north-quarter,byte_ceiling,1024,p1-fit-unfitted,p1-fit-2x4-unfitted,624,36.657711689435544,2.19012689696094
exeter-north-quarter,byte_ceiling,1024,ruled-fit,ruled-fit-4x4,888,26.915103770132134,1.8618579412042275
exeter-north-quarter,byte_ceiling,1024,ruled-fit-unfitted,ruled-fit-4x4-unfitted,888,34.14930285430385,2.074251175983157
exeter-north-quarter,byte_ceiling,1024,hybrid-fit,hybrid-fit-4x2,644,32.554670750257785,1.9573385518759348
exeter-north-quarter,byte_ceiling,1024,hybrid-fit-unfitted,hybrid-fit-2x4-unfitted,624,36.657711689435544,2.19012689696094
exeter-north-quarter,byte_ceiling,2048,p1-fit,p1-fit-8x4,1776,18.933117339855094,1.7479326795378607
exeter-north-quarter,byte_ceiling,2048,p1-fit-unfitted,p1-fit-8x4-unfitted,1776,24.765584223766954,2.0530014048649927
exeter-north-quarter,byte_ceiling,2048,ruled-fit,ruled-fit-8x4,1496,20.871496112479743,1.6254645214504957
exeter-north-quarter,byte_ceiling,2048,ruled-fit-unfitted,ruled-fit-8x4-unfitted,1496,27.376565685174125,2.0530014048649927
exeter-north-quarter,byte_ceiling,2048,hybrid-fit,hybrid-fit-8x4,1816,18.87300357196643,1.7459900424916195
exeter-north-quarter,byte_ceiling,2048,hybrid-fit-unfitted,hybrid-fit-8x4-unfitted,1816,24.695957709709067,2.0530014048649927
exeter-north-quarter,byte_ceiling,4096,p1-fit,p1-fit-8x8,3416,13.103456377624765,1.4178879809766012
exeter-north-quarter,byte_ceiling,4096,p1-fit-unfitted,p1-fit-8x8-unfitted,3416,16.815317348123873,1.6997509013249537
exeter-north-quarter,byte_ceiling,4096,ruled-fit,ruled-fit-8x8,2696,14.385016957749972,1.46711319711337
exeter-north-quarter,byte_ceiling,4096,ruled-fit-unfitted,ruled-fit-8x8-unfitted,2696,18.985682878729058,1.6997509013249537
exeter-north-quarter,byte_ceiling,4096,hybrid-fit,hybrid-fit-8x8,3496,13.044442195150292,1.418297419836342
exeter-north-quarter,byte_ceiling,4096,hybrid-fit-unfitted,hybrid-fit-8x8-unfitted,3496,16.79360745484151,1.6997509013249537
exeter-north-quarter,byte_ceiling,8192,p1-fit,p1-fit-8x16,6376,10.212654473404957,1.0248243935810346
exeter-north-quarter,byte_ceiling,8192,p1-fit-unfitted,p1-fit-8x16-unfitted,6376,13.469204698229257,1.5990028391911646
exeter-north-quarter,byte_ceiling,8192,ruled-fit,ruled-fit-8x16,5096,11.18396881449134,1.253972437861989
exeter-north-quarter,byte_ceiling,8192,ruled-fit-unfitted,ruled-fit-8x16-unfitted,5096,14.667996912284766,1.6524395953251978
exeter-north-quarter,byte_ceiling,8192,hybrid-fit,hybrid-fit-8x16,6436,10.141160959872131,1.0221157334232625
exeter-north-quarter,byte_ceiling,8192,hybrid-fit-unfitted,hybrid-fit-8x16-unfitted,6436,13.430746742140606,1.5990028391911646
exeter-north-quarter,byte_ceiling,16384,p1-fit,p1-fit-16x16,11724,6.7519215199497555,1.033969118752594
exeter-north-quarter,byte_ceiling,16384,p1-fit-unfitted,p1-fit-16x16-unfitted,11724,8.75673152179827,1.3890018473698755
exeter-north-quarter,byte_ceiling,16384,ruled-fit,ruled-fit-16x16,9384,7.403104696154227,1.0846641588289496
exeter-north-quarter,byte_ceiling,16384,ruled-fit-unfitted,ruled-fit-16x16-unfitted,9384,9.634225732942491,1.412376881702151
exeter-north-quarter,byte_ceiling,16384,hybrid-fit,hybrid-fit-16x16,12064,6.708761478937847,1.0340320688341786
exeter-north-quarter,byte_ceiling,16384,hybrid-fit-unfitted,hybrid-fit-16x16-unfitted,12064,8.747436628579624,1.3890018473698755
exeter-north-quarter,byte_ceiling,32768,p1-fit,p1-fit-16x32,22780,4.917647274201265,0.9168407106647929
exeter-north-quarter,byte_ceiling,32768,p1-fit-unfitted,p1-fit-16x32-unfitted,22780,6.2895624636657965,1.1617507945134302
exeter-north-quarter,byte_ceiling,32768,ruled-fit,ruled-fit-16x32,18280,5.316572630909771,0.8582597038286433
exeter-north-quarter,byte_ceiling,32768,ruled-fit-unfitted,ruled-fit-16x32-unfitted,18280,6.881492078873991,1.1617507945134302
exeter-north-quarter,byte_ceiling,32768,hybrid-fit,hybrid-fit-16x32,24020,4.859341563304088,0.9151091949041823
exeter-north-quarter,byte_ceiling,32768,hybrid-fit-unfitted,hybrid-fit-16x32-unfitted,24020,6.243056969361724,1.1617507945134302
exeter-north-quarter,byte_ceiling,65536,p1-fit,p1-fit-32x32,43768,2.3776018136887753,0.6216126522368692
exeter-north-quarter,byte_ceiling,65536,p1-fit-unfitted,p1-fit-32x32-unfitted,43768,3.019998078712081,0.772500992877688
exeter-north-quarter,byte_ceiling,65536,ruled-fit,ruled-fit-32x32,35048,2.7788986479007436,0.6374056668233972
exeter-north-quarter,byte_ceiling,65536,ruled-fit-unfitted,ruled-fit-32x32-unfitted,35048,3.600978097189688,0.772500992877688
exeter-north-quarter,byte_ceiling,65536,hybrid-fit,hybrid-fit-32x32,46028,2.354358280647745,0.627679836670445
exeter-north-quarter,byte_ceiling,65536,hybrid-fit-unfitted,hybrid-fit-32x32-unfitted,46028,3.0061761990093605,0.772500992877688
exeter-north-quarter,byte_ceiling,135528,p1-fit,p1-fit-64x64,135528,0.4705854135132182,0.24269804118426805
exeter-north-quarter,byte_ceiling,135528,p1-fit-unfitted,p1-fit-64x64-unfitted,135528,0.6284462461482476,0.33674907789966074
exeter-north-quarter,byte_ceiling,135528,ruled-fit,ruled-fit-64x64,135528,0.0,1.0563989982604982e-09
exeter-north-quarter,byte_ceiling,135528,ruled-fit-unfitted,ruled-fit-64x64-unfitted,135528,0.0,1.0563989982604982e-09
exeter-north-quarter,byte_ceiling,135528,hybrid-fit,hybrid-fit-64x64,135528,0.0,1.0563989982604982e-09
exeter-north-quarter,byte_ceiling,135528,hybrid-fit-unfitted,hybrid-fit-64x64-unfitted,135528,0.0,1.0563989982604982e-09
exeter-north-quarter,height_target_m,0.01,p1-fit,NO_FEASIBLE_MODEL,,,
exeter-north-quarter,height_target_m,0.01,p1-fit-unfitted,NO_FEASIBLE_MODEL,,,
exeter-north-quarter,height_target_m,0.01,ruled-fit,ruled-fit-64x64,135528,0.0,1.0563989982604982e-09
exeter-north-quarter,height_target_m,0.01,ruled-fit-unfitted,ruled-fit-64x64-unfitted,135528,0.0,1.0563989982604982e-09
exeter-north-quarter,height_target_m,0.01,hybrid-fit,hybrid-fit-64x64,135528,0.0,1.0563989982604982e-09
exeter-north-quarter,height_target_m,0.01,hybrid-fit-unfitted,hybrid-fit-64x64-unfitted,135528,0.0,1.0563989982604982e-09
exeter-north-quarter,height_target_m,0.025,p1-fit,NO_FEASIBLE_MODEL,,,
exeter-north-quarter,height_target_m,0.025,p1-fit-unfitted,NO_FEASIBLE_MODEL,,,
exeter-north-quarter,height_target_m,0.025,ruled-fit,ruled-fit-64x64,135528,0.0,1.0563989982604982e-09
exeter-north-quarter,height_target_m,0.025,ruled-fit-unfitted,ruled-fit-64x64-unfitted,135528,0.0,1.0563989982604982e-09
exeter-north-quarter,height_target_m,0.025,hybrid-fit,hybrid-fit-64x64,135528,0.0,1.0563989982604982e-09
exeter-north-quarter,height_target_m,0.025,hybrid-fit-unfitted,hybrid-fit-64x64-unfitted,135528,0.0,1.0563989982604982e-09
exeter-north-quarter,height_target_m,0.05,p1-fit,NO_FEASIBLE_MODEL,,,
exeter-north-quarter,height_target_m,0.05,p1-fit-unfitted,NO_FEASIBLE_MODEL,,,
exeter-north-quarter,height_target_m,0.05,ruled-fit,ruled-fit-64x64,135528,0.0,1.0563989982604982e-09
exeter-north-quarter,height_target_m,0.05,ruled-fit-unfitted,ruled-fit-64x64-unfitted,135528,0.0,1.0563989982604982e-09
exeter-north-quarter,height_target_m,0.05,hybrid-fit,hybrid-fit-64x64,135528,0.0,1.0563989982604982e-09
exeter-north-quarter,height_target_m,0.05,hybrid-fit-unfitted,hybrid-fit-64x64-unfitted,135528,0.0,1.0563989982604982e-09
exeter-north-quarter,height_target_m,0.1,p1-fit,NO_FEASIBLE_MODEL,,,
exeter-north-quarter,height_target_m,0.1,p1-fit-unfitted,NO_FEASIBLE_MODEL,,,
exeter-north-quarter,height_target_m,0.1,ruled-fit,ruled-fit-64x64,135528,0.0,1.0563989982604982e-09
exeter-north-quarter,height_target_m,0.1,ruled-fit-unfitted,ruled-fit-64x64-unfitted,135528,0.0,1.0563989982604982e-09
exeter-north-quarter,height_target_m,0.1,hybrid-fit,hybrid-fit-64x64,135528,0.0,1.0563989982604982e-09
exeter-north-quarter,height_target_m,0.1,hybrid-fit-unfitted,hybrid-fit-64x64-unfitted,135528,0.0,1.0563989982604982e-09
exeter-north-quarter,height_target_m,0.25,p1-fit,p1-fit-64x64,135528,0.4705854135132182,0.24269804118426805
exeter-north-quarter,height_target_m,0.25,p1-fit-unfitted,NO_FEASIBLE_MODEL,,,
exeter-north-quarter,height_target_m,0.25,ruled-fit,ruled-fit-64x64,135528,0.0,1.0563989982604982e-09
exeter-north-quarter,height_target_m,0.25,ruled-fit-unfitted,ruled-fit-64x64-unfitted,135528,0.0,1.0563989982604982e-09
exeter-north-quarter,height_target_m,0.25,hybrid-fit,hybrid-fit-64x64,135528,0.0,1.0563989982604982e-09
exeter-north-quarter,height_target_m,0.25,hybrid-fit-unfitted,hybrid-fit-64x64-unfitted,135528,0.0,1.0563989982604982e-09
exeter-north-quarter,height_target_m,0.5,p1-fit,p1-fit-64x64,135528,0.4705854135132182,0.24269804118426805
exeter-north-quarter,height_target_m,0.5,p1-fit-unfitted,p1-fit-64x64-unfitted,135528,0.6284462461482476,0.33674907789966074
exeter-north-quarter,height_target_m,0.5,ruled-fit,ruled-fit-64x64,135528,0.0,1.0563989982604982e-09
exeter-north-quarter,height_target_m,0.5,ruled-fit-unfitted,ruled-fit-64x64-unfitted,135528,0.0,1.0563989982604982e-09
exeter-north-quarter,height_target_m,0.5,hybrid-fit,hybrid-fit-64x64,135528,0.0,1.0563989982604982e-09
exeter-north-quarter,height_target_m,0.5,hybrid-fit-unfitted,hybrid-fit-64x64-unfitted,135528,0.0,1.0563989982604982e-09
