case_id,trial,first,ruled_ns,triangles_ns,ratio
extruded-quadratic,0,ruled,23.330879211425785,27.029800415039073,1.1585418693437761
extruded-quadratic,1,triangles,25.21724700927741,23.018836975097603,0.9128211722171332
extruded-quadratic,2,ruled,23.1134414672851,25.254631042480476,1.0926382848796459
extruded-quadratic,3,triangles,24.176979064941417,25.249671936035107,1.0443683583549601
extruded-quadratic,4,ruled,21.65279388427737,30.05962371826164,1.388256124309606
extruded-quadratic,5,triangles,23.736572265624975,25.468444824218754,1.0729622010799704
extruded-quadratic,6,ruled,23.332214355468746,26.39598846435531,1.1313109018376757
extruded-quadratic,7,triangles,23.67992401123035,26.25331878662097,1.1086741145862702
extruded-quadratic,8,ruled,25.010490417480504,25.780296325683597,1.0307793208111207
extruded-quadratic,9,triangles,25.24871826171883,25.68435668945314,1.017253882879069
extruded-quadratic,10,ruled,23.954391479492127,24.780464172363377,1.0344852297157483
extruded-quadratic,11,triangles,23.107337951660003,24.320220947265675,1.0524890836903409
extruded-quadratic,12,ruled,23.29406738281253,26.38816833496101,1.132827852744663
extruded-quadratic,13,triangles,22.812652587890504,25.351715087890657,1.1113006253971511
extruded-quadratic,14,ruled,21.946525573730487,25.488471984863462,1.161389847301051
extruded-quadratic,15,triangles,23.060226440429652,23.840141296386715,1.0338207804668258
extruded-quadratic,16,ruled,22.889137268066385,26.01013183593749,1.136352651972835
modulated-quadratic,0,ruled,47.51548767089817,51.65004730224576,1.0870149888807705
modulated-quadratic,1,triangles,43.42422485351626,53.72486114501966,1.2372094453326623
modulated-quadratic,2,ruled,45.38249969482378,52.01301574707038,1.1461029272700654
modulated-quadratic,3,triangles,40.96488952636673,48.260307312012266,1.1780895266652653
modulated-quadratic,4,ruled,43.211555480955965,46.80309295654328,1.0831152092446699
modulated-quadratic,5,triangles,42.655563354492344,49.14054870605589,1.1520314079002913
modulated-quadratic,6,ruled,47.81646728515589,54.83016967773591,1.1466796438715026
modulated-quadratic,7,triangles,46.23813629150292,47.61371612548894,1.0297498979049207
modulated-quadratic,8,ruled,43.319702148438346,48.38466644287165,1.11692057062345
modulated-quadratic,9,triangles,43.644523620605874,51.43394470214814,1.1784741918425854
modulated-quadratic,10,ruled,42.49382019043055,51.47151947021422,1.211270703352894
modulated-quadratic,11,triangles,45.03059387207104,51.07517242431553,1.1342327078656067
modulated-quadratic,12,ruled,42.889785766601904,52.1581649780261,1.2160975870073347
modulated-quadratic,13,triangles,44.562911987304844,49.41253662109346,1.1088264751452999
modulated-quadratic,14,ruled,38.592338562012245,45.872879028321236,1.1886524822695113
modulated-quadratic,15,triangles,44.46659088134727,42.649841308594475,0.9591434931991856
modulated-quadratic,16,ruled,41.51763916015669,53.509140014649375,1.288829063912685
piecewise-8,0,ruled,68.3807132750969,90.93277097686966,1.329801439933003
piecewise-8,1,triangles,69.91437776820767,95.38343534694665,1.364289269128282
piecewise-8,2,ruled,73.06244617372302,92.09984005905677,1.260563324694439
piecewise-8,3,triangles,70.59528020423433,96.01070374016003,1.360015902796874
piecewise-8,4,ruled,68.54757474163416,99.61917907234098,1.4532852467475361
piecewise-8,5,triangles,69.81633704478348,95.25963490403463,1.364431864177157
piecewise-8,6,ruled,67.2909233513768,96.27406803641757,1.4307140286023101
piecewise-8,7,triangles,71.47457092765823,95.36498062253835,1.3342504807627371
piecewise-8,8,ruled,70.2129213828737,96.00205308809134,1.3672989415237196
piecewise-8,9,triangles,69.2196342888774,93.99721641240164,1.3579559813927773
piecewise-8,10,ruled,70.00357560285543,93.99875430610204,1.3427707584449136
piecewise-8,11,triangles,74.8189130167332,93.42934916338419,1.2487397289838837
piecewise-8,12,ruled,68.62792968750198,101.26299520177142,1.4755362089877047
piecewise-8,13,triangles,73.1614480807104,99.92002952755936,1.365747017709783
piecewise-8,14,ruled,71.01128045029607,104.73940391240114,1.474968529622739
piecewise-8,15,triangles,69.73732775590483,96.61624938484255,1.3854309090107315
piecewise-8,16,ruled,75.38274329478666,98.85580708661239,1.3113851097197875
piecewise-32,0,ruled,101.03074980945632,115.12689357850721,1.1395233015258837
piecewise-32,1,triangles,102.26217130335834,105.8674137766762,1.0352548985354808
piecewise-32,2,ruled,88.04842320883158,115.0447194169181,1.3066073783519918
piecewise-32,3,triangles,96.16967177972495,112.24692740091498,1.1671759435554145
piecewise-32,4,ruled,99.48135003811115,110.9577458079245,1.1153622841408641
piecewise-32,5,triangles,101.61400771722714,110.42242282774734,1.086685047744917
piecewise-32,6,ruled,110.75588319360395,110.69574123475455,0.9994569863278119
piecewise-32,7,triangles,93.17269674161336,108.60923208841695,1.165676597186107
piecewise-32,8,ruled,98.66526533917119,113.47269197789838,1.1500774014829358
piecewise-32,9,triangles,100.34775152438401,118.94233517530886,1.1853014478994723
piecewise-32,10,ruled,96.07826791158666,115.98614948551898,1.2072048342113326
piecewise-32,11,triangles,96.35664777057771,104.50379906631417,1.0845520416519117
piecewise-32,12,ruled,111.19831364328955,139.8756073742356,1.2578932430840568
piecewise-32,13,triangles,93.80686690167356,130.8203720464969,1.39457138232343
piecewise-32,14,ruled,102.06447694360313,115.86556783536906,1.1352193368843881
piecewise-32,15,triangles,101.14805640243769,118.26707793444325,1.1692471624357677
piecewise-32,16,ruled,102.01743521341712,112.53572789633567,1.1031028927645028
piecewise-128,0,ruled,112.39304315475566,151.82330419146896,1.3508247479554512
piecewise-128,1,triangles,115.3335813492127,140.84046378968313,1.221157464652376
piecewise-128,2,ruled,115.04526289682657,140.83891369047365,1.2242043709072925
piecewise-128,3,triangles,114.32020399305986,144.53706287202607,1.2643177480754024
piecewise-128,4,ruled,119.5308624752041,140.16500806050715,1.1726260913543016
piecewise-128,5,triangles,115.7687717013838,146.45802331349233,1.2650909322184827
piecewise-128,6,ruled,109.96713789683245,148.41153583830138,1.3495989681711658
piecewise-128,7,triangles,118.17995101686624,138.10415116566332,1.168592049475072
piecewise-128,8,ruled,117.66686817955599,146.96723090277183,1.24901115476707
piecewise-128,9,triangles,113.18901909722588,149.25323970734567,1.3186194287905413
piecewise-128,10,ruled,108.98592509920242,143.34658668155265,1.3152761381900835
piecewise-128,11,triangles,109.13047185020844,140.2622767857155,1.285271422433125
piecewise-128,12,ruled,107.85977802580278,126.48770771328708,1.1727050623359156
piecewise-128,13,triangles,104.94946676588135,132.3234437003907,1.2608300716341372
piecewise-128,14,ruled,98.55453249008755,128.33542596727085,1.3021768022711548
piecewise-128,15,triangles,99.40127418155208,132.26453993055713,1.3306121175970214
piecewise-128,16,ruled,99.18542286706486,128.98181733631483,1.300411024200453
