case_id,family,target_m,bytes,points,native_triangles,ruled_quads,e2_m2,rms_integral_m,continuous_bound_m,rmse_m,integrated_area_m2,sha256,reference_sha256
bristol-harbour,global_compact,0.1,60805,1664,3054,54,0.46596546036717607,0.007280710318237126,0.09885267373989688,0.006927944181404961,4096.0,5648685cf26bffeb6b535060f5f4c3cc42ce7aab35eb9e58bd4b2449aa879929,e5ddb9d5feefbc8b1eb938e7f17a4ee09d7978456a21436101cf558c520a5292
bristol-harbour,local_triangles,0.1,49793,980,1922,0,1.0156246432917866,0.015869135051434165,0.09819935354055753,0.015681473383436905,4096.0,380c1eeb09a775657f4b3d603902fe20c55fb6849f3d327ac5875628e262481b,e5ddb9d5feefbc8b1eb938e7f17a4ee09d7978456a21436101cf558c520a5292
bristol-harbour,local_compact,0.1,23093,446,735,52,1.0602843025801945,0.01656694222781554,0.09950034433187815,0.01619012150486437,4096.0,21f9872cb15408e1e55c8d238635da6df278fde95cd8d004d547c03f2f1eb58c,e5ddb9d5feefbc8b1eb938e7f17a4ee09d7978456a21436101cf558c520a5292
bristol-harbour,global_compact,0.25,42670,1225,2218,43,1.4123910788682743,0.022068610607316786,0.24187567567648272,0.02180158377989705,4096.0,a727fd26734fecea76cec081d18cee3b2ef52183785d69a72f1892d0e44fd423,e5ddb9d5feefbc8b1eb938e7f17a4ee09d7978456a21436101cf558c520a5292
bristol-harbour,local_triangles,0.25,21723,444,857,0,1.9506199202319077,0.030478436253623557,0.24187567567648272,0.030375606517086366,4096.0,4013c870f77f4ff35952c15e3793e3dd9670ee52fe36848fb88e41bf2941dee1,e5ddb9d5feefbc8b1eb938e7f17a4ee09d7978456a21436101cf558c520a5292
bristol-harbour,local_compact,0.25,19578,382,635,42,2.8678360501876754,0.04480993828418243,0.24503639923624126,0.04428389558530303,4096.0,400f0390b40be0e75ce9b6ed051207caf9b4155fd19a6df9173deb6fbf7902a4,e5ddb9d5feefbc8b1eb938e7f17a4ee09d7978456a21436101cf558c520a5292
bristol-harbour,global_compact,0.5,41480,1175,2126,41,1.4275446865600758,0.022305385727501185,0.4665010767537533,0.02406825370251767,4096.0,d7b3886e23f70cc4b44ca00f8c465af27fbc1845b53c3020dbd67d77b98a98dd,e5ddb9d5feefbc8b1eb938e7f17a4ee09d7978456a21436101cf558c520a5292
bristol-harbour,local_triangles,0.5,21902,438,845,0,1.989250128578103,0.03108203325903286,0.4665010767537533,0.03258521020736016,4096.0,68c20f8f654333c715daee223a144698a35c1033b06376f8a3392dce722dca70,e5ddb9d5feefbc8b1eb938e7f17a4ee09d7978456a21436101cf558c520a5292
bristol-harbour,local_compact,0.5,18102,365,651,17,3.0051644252215444,0.04695569414408663,0.4665010767537533,0.04725308373223542,4096.0,c42c6fbe4174d6c09e9d6c918f48768e2caaabea76f0632b59a9ac2b8d7e0013,e5ddb9d5feefbc8b1eb938e7f17a4ee09d7978456a21436101cf558c520a5292
bristol-brandon-hill,global_compact,0.1,93746,2250,4312,0,0.906221256903322,0.014159707139114406,0.09950039777654573,0.01408015647280407,4096.0,62b51d6be6f607add9b7cbd4e44603b07fb175590304a55db833ce7b1ed340f3,e44117a822fe995bf44718ad1dfea3351bfe144744edd52fec89ad563545f886
bristol-brandon-hill,local_triangles,0.1,36764,714,1344,0,1.8845460275078565,0.029446031679810258,0.09975222883123613,0.02954275518548052,4096.0,7f87d7e9f1b7e4a1338f13f7646d792de1a913b36a4ea883810a4dd898ffee3b,e44117a822fe995bf44718ad1dfea3351bfe144744edd52fec89ad563545f886
bristol-brandon-hill,local_compact,0.1,44037,844,1578,6,1.8150367261765141,0.028359948846508033,0.09975419721502099,0.028120551799518553,4096.0,221fd56a88c52163bb98b4541911ec9b638b0188beff9626a2a0d0c03ccc3d06,e44117a822fe995bf44718ad1dfea3351bfe144744edd52fec89ad563545f886
bristol-brandon-hill,global_compact,0.25,22324,506,924,0,3.008758964917599,0.047011858826837484,0.22750059614080065,0.04780094676654628,4096.0,33deff45bfe7b4cba8dbbc665152f9edcb1a69df497d456f19edb97da860d2fe,e44117a822fe995bf44718ad1dfea3351bfe144744edd52fec89ad563545f886
bristol-brandon-hill,local_triangles,0.25,10882,206,368,0,4.918740579583085,0.0768553215559857,0.24725220594304964,0.07669347652160703,4096.0,c6e4d2b08b11291e768779b2c8c09a658495a97fe9b634a8eed0094a037fc784,e44117a822fe995bf44718ad1dfea3351bfe144744edd52fec89ad563545f886
bristol-brandon-hill,local_compact,0.25,12679,237,423,1,4.3867629706529865,0.06854317141645291,0.24725220594304964,0.06886002080325582,4096.0,08ff276811d470da997f6fa4daa5c7c8cba73983e946e96ce4a60f034d753582,e44117a822fe995bf44718ad1dfea3351bfe144744edd52fec89ad563545f886
bristol-brandon-hill,global_compact,0.5,7116,154,260,0,6.65240078610659,0.10394376228291546,0.49025057325261734,0.10556953873022198,4096.0,a77de0271ca07c578a139f6c13d4372c8654deeb9271dd8a83d1b84973e658d3,e44117a822fe995bf44718ad1dfea3351bfe144744edd52fec89ad563545f886
bristol-brandon-hill,local_triangles,0.5,4261,74,126,0,8.735370795684448,0.1364901686825695,0.47399900922673843,0.13719517553050747,4096.0,23fbcce56474bbd94ab8cebe384926b0101491316deb8b75e861b87fd3f39815,e44117a822fe995bf44718ad1dfea3351bfe144744edd52fec89ad563545f886
bristol-brandon-hill,local_compact,0.5,4348,71,117,1,9.308656587174141,0.14544775917459596,0.4966815196027178,0.1452755247587636,4096.0,43f52b1618ec9ef81040136e7e551a4f2a233e153a7a8f34b5608159c8119c30,e44117a822fe995bf44718ad1dfea3351bfe144744edd52fec89ad563545f886
