site,target_m,p1_bytes,ruled_bytes,p1_e2_m2,ruled_e2_m2,e2_reduction_percent,p1_continuous_bound_m,ruled_continuous_bound_m,joint_candidate
manchester-centre,0.1,6601,4734,1.7925517898601535,3.2682842855304424,-82.32579410078962,0.09850396069348243,0.2688163678294492,none
manchester-centre,0.25,1080,803,4.200399919096206,6.132373994157053,-45.9950031490465,0.24962986859143163,0.36089885338605165,none
manchester-centre,0.5,229,,8.30127068635214,,,0.4391557870751702,,none
manchester-north-quarter,0.1,29468,17730,1.432152624176003,4.299506994985735,-200.21290485429094,0.09965061443273533,0.5914307544988828,none
manchester-north-quarter,0.25,10503,9050,3.9150553053021153,8.188761946319316,-109.1608242476005,0.2434561561197474,0.8945218334955412,none
manchester-north-quarter,0.5,5860,4632,7.5899402040041055,12.102695994780172,-59.45706645218816,0.48499688754980047,1.0564664016527372,none
york-centre,0.1,14444,9048,1.7134172650903234,3.7641529287535698,-119.68687986549153,0.09900064379305801,0.3775317381057251,none
york-centre,0.25,4336,2516,4.712468687345198,6.656556114191,-41.254118718420976,0.2453758154544337,0.5681887279185761,none
york-centre,0.5,1015,810,9.5288506072345,15.002474141964417,-57.44264193389945,0.49225013405413504,0.7376198434192051,none
york-north-quarter,0.1,12296,9035,1.618619299191661,3.2167089593290914,-98.73165734126097,0.09925067621615717,0.37487518888858135,none
york-north-quarter,0.25,4092,2505,2.8521489084216753,4.875946850132105,-70.95695234335997,0.24552015023692497,0.4509996930971461,none
york-north-quarter,0.5,788,536,9.067843337196448,10.303185103759786,-13.623324980659346,0.4559986132846476,0.51643305000809,none
bath-centre,0.1,14052,9001,1.3827396062164963,3.5659584595593885,-157.8908164290381,0.09974989422391149,0.44902731581758065,none
bath-centre,0.25,3787,2491,4.375462984026886,7.47873605247331,-70.92445027589689,0.24881178768705287,0.9687286402208666,none
bath-centre,0.5,1304,804,7.577925641760032,10.507431214134279,-38.65841010936399,0.4666252070290891,0.7214083355961303,none
bath-north-quarter,0.1,67733,34686,1.5245298192193546,6.3020719072342315,-313.37806763669914,0.09950899400753543,1.1899986277965975,none
bath-north-quarter,0.25,25881,17496,3.9976005938191315,8.50629186693489,-112.78493604605839,0.24950810899777254,1.1899986277965975,none
bath-north-quarter,0.5,10035,8907,8.347519161099328,13.86299953246001,-66.07328794240613,0.49925309862179235,1.4782466899303865,none
oxford-centre,0.1,42179,34843,1.5150850960934763,4.838173401224916,-219.33344296632265,0.09950129806148478,0.7587504397546015,none
oxford-centre,0.25,16155,8956,3.8353898046725194,9.264224023211547,-141.54582702194367,0.24950216781246037,0.8872509013329707,none
oxford-centre,0.5,7386,4593,7.161154781867145,11.924081105902399,-66.5105903882363,0.49950198470699714,1.1186978827630245,none
oxford-north-quarter,0.1,12167,8937,1.7219830220631445,3.428800187283274,-99.11927953709763,0.09925360976681588,0.3565006266735546,none
oxford-north-quarter,0.25,3162,2481,3.774735431500173,6.347013932412569,-68.14460371041444,0.23737661468014806,0.4842415462635509,none
oxford-north-quarter,0.5,1167,798,6.154015706775958,8.196918361875928,-33.19625351054283,0.4254358836315612,0.7270390700005046,none
cambridge-centre,0.1,25405,17726,1.7843130330169692,3.6333931082648343,-103.62980267657326,0.09975081735734566,0.5824375907767251,none
cambridge-centre,0.25,6657,4644,4.7753897908667495,7.851625571887111,-64.41852740280736,0.24950021844987363,1.156734676181121,none
cambridge-centre,0.5,1912,1380,7.893492482832973,11.235372549876521,-42.33715398236686,0.4827504864323578,0.9296515882823303,none
cambridge-north-quarter,0.1,19280,17793,1.8156736403337626,4.011032287042492,-120.91152275059586,0.09975022607416749,0.425906316452929,none
cambridge-north-quarter,0.25,6420,4722,4.526655914700444,7.434548662822844,-64.23931491410548,0.24650033765406296,0.8532716418442216,none
cambridge-north-quarter,0.5,2715,2478,7.671110536849069,9.009630761345356,-17.44884548419099,0.4952503433761083,0.8761443617579426,none
liverpool-centre,0.1,44365,34946,1.1268343585615617,5.913066626740229,-424.75029553486803,0.09925045305958186,0.8977188180135758,none
liverpool-centre,0.25,22895,17625,2.226177246555471,10.634027867870971,-377.681095893188,0.24899996287098197,1.4863752732919724,none
liverpool-centre,0.5,13662,8993,4.721166439919331,15.898395282635754,-236.74718917360184,0.4900002470659283,1.636281655256656,none
liverpool-north-quarter,0.1,45872,35198,1.3085714182772996,6.601311175141707,-404.4670151692723,0.09996594317287695,1.0110935280975746,none
liverpool-north-quarter,0.25,23220,17748,2.91630108078611,10.321950810311128,-253.93982049098892,0.24530843172640543,1.1743721972164558,none
liverpool-north-quarter,0.5,11924,9053,5.499313946431912,17.111911789432515,-211.16448262669448,0.49518951142183903,1.8816438681390928,none
sheffield-centre,0.1,14574,8909,1.5130430773763206,3.730175759407022,-146.5346701083555,0.09900691881387046,0.6045045863553753,none
sheffield-centre,0.25,4152,2466,4.302871273655204,6.675725849854749,-55.14584158553859,0.24900130357949024,0.7055022727414837,none
sheffield-centre,0.5,2034,1355,7.710888724294538,7.876204834903154,-2.1439307000729713,0.4680050572416121,0.6981081004902592,none
sheffield-north-quarter,0.1,26970,17596,1.5791533095629822,3.2068422735958593,-103.07352390524555,0.09950215255383134,0.5158758174097848,none
sheffield-north-quarter,0.25,7056,4557,4.043837635201446,8.102529598571218,-100.36733245763925,0.2458762980616378,0.634390116802485,none
sheffield-north-quarter,0.5,2525,2456,8.266945236265268,13.094064812721115,-58.39060787871602,0.4851485122370152,0.8139323155796838,none
leeds-centre,0.1,4600,4595,1.5538322673232374,2.435351183051771,-56.73192237455027,0.09800273236341021,0.2922130535513842,none
leeds-centre,0.25,1015,799,4.2624363492604855,5.027943683042092,-17.959384517599155,0.2420000582606276,0.3268756876856768,none
leeds-centre,0.5,313,,9.420901892298504,,,0.3932821479708634,,none
leeds-north-quarter,0.1,29567,17583,1.6761882775493053,4.119893490821893,-145.78942270407958,0.09975204574165379,0.6913144599109639,none
leeds-north-quarter,0.25,10339,8957,3.7774817224564488,6.412296992315075,-69.75057626871161,0.24899995528755275,0.6176955231717225,none
leeds-north-quarter,0.5,3368,2469,7.614414233064755,12.419120929506123,-63.100148604701054,0.49850219832954074,1.0105251680522909,none
nottingham-centre,0.1,5735,4709,1.7744266467456924,2.862822768432272,-61.33790448214378,0.09750026806877632,0.2824978242783428,none
nottingham-centre,0.25,1157,800,4.50862651577813,8.338079453444424,-84.93613130883564,0.24125076397942113,0.47749900921868094,none
nottingham-centre,0.5,436,346,9.550514682667782,17.136653756442296,-79.43173039188973,0.47750084027337014,0.9706239710717083,none
nottingham-north-quarter,0.1,26401,17550,1.6588359245605249,4.431668862932594,-167.1553465486151,0.09875051603558256,0.7248444567704442,none
nottingham-north-quarter,0.25,8692,4589,3.8912347753238743,7.708505348431861,-98.09920998123967,0.24875078306439088,0.8331825594687703,none
nottingham-north-quarter,0.5,4384,2476,6.769472831857465,10.467183038242538,-54.623311123777185,0.4899993906998889,1.250194301017547,none
newcastle-centre,0.1,3270,2478,1.677537272023974,1.918644338330045,-14.372680138139149,0.0995953293759466,0.16261717781611895,none
newcastle-centre,0.25,231,,4.775202134248323,,,0.22098486051150945,,none
newcastle-centre,0.5,231,,4.775202134248323,,,0.22098486051150945,,none
newcastle-north-quarter,0.1,45768,34879,1.6283287918070781,7.020328221343207,-331.13701954211746,0.09950172530014151,1.7981891642649879,none
newcastle-north-quarter,0.25,23941,17840,3.8568796517527084,9.487267581295985,-145.9829820457224,0.2485021678050267,1.9215644608577003,none
newcastle-north-quarter,0.5,12996,8960,7.072061058119015,14.9533744781407,-111.44294930787702,0.4935007945140108,2.4854689847071874,none
