repetition,case_id,implementation,family,trial,execution_order,elapsed_ms,queries,ns_per_query,checksum
1,extruded-quadratic,prepared,ruled,0,0,9.966599999999971,524288,19.00978088378901,16966681.666030023
1,extruded-quadratic,prepared,triangles,0,1,11.872599999999977,524288,22.645187377929645,16966681.666030023
1,extruded-quadratic,prepared,triangles,1,0,11.382000000000005,524288,21.709442138671886,16966681.666030023
1,extruded-quadratic,prepared,ruled,1,1,10.482500000000016,524288,19.993782043457063,16966681.666030023
1,extruded-quadratic,prepared,ruled,2,0,9.342700000000036,524288,17.81978607177741,16966681.666030023
1,extruded-quadratic,prepared,triangles,2,1,11.055000000000007,524288,21.0857391357422,16966681.666030023
1,extruded-quadratic,prepared,triangles,3,0,11.722500000000025,524288,22.358894348144577,16966681.666030023
1,extruded-quadratic,prepared,ruled,3,1,10.991600000000005,524288,20.964813232421886,16966681.666030023
1,extruded-quadratic,prepared,ruled,4,0,10.986199999999997,524288,20.95451354980468,16966681.666030023
1,extruded-quadratic,prepared,triangles,4,1,11.969300000000032,524288,22.829627990722717,16966681.666030023
1,extruded-quadratic,prepared,triangles,5,0,11.121699999999976,524288,21.212959289550735,16966681.666030023
1,extruded-quadratic,prepared,ruled,5,1,10.333599999999933,524288,19.709777832031122,16966681.666030023
1,extruded-quadratic,prepared,ruled,6,0,10.532100000000014,524288,20.08838653564456,16966681.666030023
1,extruded-quadratic,prepared,triangles,6,1,11.269300000000044,524288,21.49448394775399,16966681.666030023
1,extruded-quadratic,prepared,triangles,7,0,11.299800000000005,524288,21.552658081054698,16966681.666030023
1,extruded-quadratic,prepared,ruled,7,1,9.393500000000017,524288,17.91667938232425,16966681.666030023
1,extruded-quadratic,prepared,ruled,8,0,10.49630000000002,524288,20.02010345458988,16966681.666030023
1,extruded-quadratic,prepared,triangles,8,1,10.722899999999981,524288,20.45230865478512,16966681.666030023
1,extruded-quadratic,prepared,triangles,9,0,11.594500000000039,524288,22.114753723144606,16966681.666030023
1,extruded-quadratic,prepared,ruled,9,1,11.188400000000001,524288,21.34017944335938,16966681.666030023
1,extruded-quadratic,prepared,ruled,10,0,10.247400000000084,524288,19.545364379882972,16966681.666030023
1,extruded-quadratic,prepared,triangles,10,1,11.168700000000058,524288,21.30260467529308,16966681.666030023
1,extruded-quadratic,prepared,triangles,11,0,11.805200000000013,524288,22.51663208007815,16966681.666030023
1,extruded-quadratic,prepared,ruled,11,1,10.371699999999919,524288,19.78244781494125,16966681.666030023
1,extruded-quadratic,prepared,ruled,12,0,10.41700000000003,524288,19.86885070800787,16966681.666030023
1,extruded-quadratic,prepared,triangles,12,1,11.78570000000002,524288,22.47943878173832,16966681.666030023
1,extruded-quadratic,prepared,triangles,13,0,11.229199999999992,524288,21.41799926757811,16966681.666030023
1,extruded-quadratic,prepared,ruled,13,1,9.969100000000026,524288,19.014549255371143,16966681.666030023
1,extruded-quadratic,prepared,ruled,14,0,10.666300000000092,524288,20.344352722168143,16966681.666030023
1,extruded-quadratic,prepared,triangles,14,1,11.301799999999957,524288,21.55647277832023,16966681.666030023
1,extruded-quadratic,prepared,triangles,15,0,10.448800000000006,524288,19.92950439453126,16966681.666030023
1,extruded-quadratic,prepared,ruled,15,1,10.853799999999978,524288,20.70198059082027,16966681.666030023
1,extruded-quadratic,prepared,ruled,16,0,11.149999999999977,524288,21.266937255859332,16966681.666030023
1,extruded-quadratic,prepared,triangles,16,1,11.863999999999919,524288,22.628784179687347,16966681.666030023
1,extruded-quadratic,legacy,ruled,0,0,32.746399999999994,143360,228.4207589285714,4639327.01805469
1,extruded-quadratic,legacy,triangles,0,1,770.3264999999999,143360,5373.3712332589275,4639327.01805469
1,extruded-quadratic,legacy,triangles,1,0,758.3327000000002,143360,5289.709123883929,4639327.01805469
1,extruded-quadratic,legacy,ruled,1,1,21.308799999999792,143360,148.6383928571414,4639327.01805469
1,extruded-quadratic,legacy,ruled,2,0,21.26170000000002,143360,148.30984933035728,4639327.01805469
1,extruded-quadratic,legacy,triangles,2,1,853.8795999999998,143360,5956.191406249998,4639327.01805469
1,extruded-quadratic,legacy,triangles,3,0,1396.4559,143360,9740.9033203125,4639327.01805469
1,extruded-quadratic,legacy,ruled,3,1,37.45300000000043,143360,261.25139508928874,4639327.01805469
1,extruded-quadratic,legacy,ruled,4,0,36.86039999999957,143360,257.1177455357113,4639327.01805469
1,extruded-quadratic,legacy,triangles,4,1,1391.7147999999997,143360,9707.832031249998,4639327.01805469
1,modulated-quadratic,prepared,ruled,0,0,19.474199999999655,524288,37.14408874511653,16577626.587830272
1,modulated-quadratic,prepared,triangles,0,1,24.288900000000467,524288,46.32740020752042,16577626.587830272
1,modulated-quadratic,prepared,triangles,1,0,23.930999999999585,524288,45.64476013183515,16577626.587830272
1,modulated-quadratic,prepared,ruled,1,1,19.72530000000006,524288,37.62302398681652,16577626.587830272
1,modulated-quadratic,prepared,ruled,2,0,19.38000000000011,524288,36.964416503906456,16577626.587830272
1,modulated-quadratic,prepared,triangles,2,1,23.739800000000287,524288,45.280075073242735,16577626.587830272
1,modulated-quadratic,prepared,triangles,3,0,24.467099999999846,524288,46.66728973388643,16577626.587830272
1,modulated-quadratic,prepared,ruled,3,1,19.281200000000354,524288,36.77597045898505,16577626.587830272
1,modulated-quadratic,prepared,ruled,4,0,19.91449999999986,524288,37.98389434814427,16577626.587830272
1,modulated-quadratic,prepared,triangles,4,1,24.283399999999347,524288,46.31690979003782,16577626.587830272
1,modulated-quadratic,prepared,triangles,5,0,23.090500000000247,524288,44.0416336059575,16577626.587830272
1,modulated-quadratic,prepared,ruled,5,1,19.665200000000368,524288,37.50839233398508,16577626.587830272
1,modulated-quadratic,prepared,ruled,6,0,22.505700000000616,524288,42.926216125489454,16577626.587830272
1,modulated-quadratic,prepared,triangles,6,1,23.929599999999482,524288,45.64208984374901,16577626.587830272
1,modulated-quadratic,prepared,triangles,7,0,26.0658999999996,524288,49.71675872802658,16577626.587830272
1,modulated-quadratic,prepared,ruled,7,1,22.140300000000025,524288,42.22927093505864,16577626.587830272
1,modulated-quadratic,prepared,ruled,8,0,22.501999999999498,524288,42.919158935545916,16577626.587830272
1,modulated-quadratic,prepared,triangles,8,1,23.282900000000154,524288,44.40860748291045,16577626.587830272
1,modulated-quadratic,prepared,triangles,9,0,23.55450000000019,524288,44.926643371582394,16577626.587830272
1,modulated-quadratic,prepared,ruled,9,1,19.55119999999988,524288,37.29095458984352,16577626.587830272
1,modulated-quadratic,prepared,ruled,10,0,20.341199999999844,524288,38.79776000976533,16577626.587830272
1,modulated-quadratic,prepared,triangles,10,1,23.693500000000313,524288,45.191764831543566,16577626.587830272
1,modulated-quadratic,prepared,triangles,11,0,23.70179999999982,524288,45.20759582519497,16577626.587830272
1,modulated-quadratic,prepared,ruled,11,1,19.012300000000323,524288,36.26308441162171,16577626.587830272
1,modulated-quadratic,prepared,ruled,12,0,19.02599999999984,524288,36.28921508789032,16577626.587830272
1,modulated-quadratic,prepared,triangles,12,1,25.60150000000067,524288,48.8309860229505,16577626.587830272
1,modulated-quadratic,prepared,triangles,13,0,24.629000000000815,524288,46.97608947754062,16577626.587830272
1,modulated-quadratic,prepared,ruled,13,1,18.879500000000007,524288,36.00978851318361,16577626.587830272
1,modulated-quadratic,prepared,ruled,14,0,19.818900000000212,524288,37.80155181884806,16577626.587830272
1,modulated-quadratic,prepared,triangles,14,1,24.503700000000208,524288,46.737098693848054,16577626.587830272
1,modulated-quadratic,prepared,triangles,15,0,24.106300000000374,524288,45.97911834716868,16577626.587830272
1,modulated-quadratic,prepared,ruled,15,1,20.661800000000767,524288,39.409255981446776,16577626.587830272
1,modulated-quadratic,prepared,ruled,16,0,18.966699999999946,524288,36.176109313964744,16577626.587830272
1,modulated-quadratic,prepared,triangles,16,1,24.140300000000025,524288,46.04396820068364,16577626.587830272
1,modulated-quadratic,legacy,ruled,0,0,18.192800000000716,61440,296.10677083334497,1942690.6157616035
1,modulated-quadratic,legacy,triangles,0,1,1186.9010000000007,61440,19318.050130208347,1942690.6157616035
1,modulated-quadratic,legacy,triangles,1,0,1175.2519000000011,61440,19128.448893229186,1942690.6157616035
1,modulated-quadratic,legacy,ruled,1,1,18.910499999999956,61440,307.78808593749926,1942690.6157616035
1,modulated-quadratic,legacy,ruled,2,0,17.975400000001173,61440,292.5683593750191,1942690.6157616035
1,modulated-quadratic,legacy,triangles,2,1,1179.2004000000015,61440,19192.714843750022,1942690.6157616035
1,modulated-quadratic,legacy,triangles,3,0,1188.1867000000002,61440,19338.97623697917,1942690.6157616035
1,modulated-quadratic,legacy,ruled,3,1,19.292600000000675,61440,314.0071614583443,1942690.6157616035
1,modulated-quadratic,legacy,ruled,4,0,19.683600000000297,61440,320.37109375000483,1942690.6157616035
1,modulated-quadratic,legacy,triangles,4,1,1169.081400000001,61440,19028.017578125015,1942690.6157616035
1,piecewise-8,prepared,ruled,0,0,27.345799999999144,438272,62.394586010512064,13158977.153936252
1,piecewise-8,prepared,triangles,0,1,39.214100000001054,438272,89.47434469918464,13158977.153936254
1,piecewise-8,prepared,triangles,1,0,36.85119999999915,438272,84.0829439252317,13158977.153936254
1,piecewise-8,prepared,ruled,1,1,27.79439999999886,438272,63.418151285044125,13158977.153936252
1,piecewise-8,prepared,ruled,2,0,29.265699999999924,438272,66.77519896320076,13158977.153936252
1,piecewise-8,prepared,triangles,2,1,38.699899999999616,438272,88.3011006863309,13158977.153936254
1,piecewise-8,prepared,triangles,3,0,38.70930000000044,438272,88.32254855432343,13158977.153936254
1,piecewise-8,prepared,ruled,3,1,27.987300000000687,438272,63.858288916473526,13158977.153936252
1,piecewise-8,prepared,ruled,4,0,27.28900000000067,438272,62.26498612733798,13158977.153936252
1,piecewise-8,prepared,triangles,4,1,37.077400000000125,438272,84.5990617698601,13158977.153936254
1,piecewise-8,prepared,triangles,5,0,37.23480000000018,438272,84.95819947429948,13158977.153936254
1,piecewise-8,prepared,ruled,5,1,27.69339999999829,438272,63.1877007885475,13158977.153936252
1,piecewise-8,prepared,ruled,6,0,27.756199999999808,438272,63.3309908002332,13158977.153936252
1,piecewise-8,prepared,triangles,6,1,37.69430000000102,438272,86.00663514895092,13158977.153936254
1,piecewise-8,prepared,triangles,7,0,37.19430000000102,438272,84.86579110689485,13158977.153936254
1,piecewise-8,prepared,ruled,7,1,28.16489999999976,438272,64.26351672020974,13158977.153936252
1,piecewise-8,prepared,ruled,8,0,28.976599999999962,438272,66.11556293808403,13158977.153936252
1,piecewise-8,prepared,triangles,8,1,38.36269999999968,438272,87.53171546436843,13158977.153936254
1,piecewise-8,prepared,triangles,9,0,37.209899999999834,438272,84.9013854410043,13158977.153936254
1,piecewise-8,prepared,ruled,9,1,27.903800000000047,438272,63.6677679614487,13158977.153936252
1,piecewise-8,prepared,ruled,10,0,27.963700000000244,438272,63.80444107768748,13158977.153936252
1,piecewise-8,prepared,triangles,10,1,38.01159999999982,438272,86.73061477803695,13158977.153936254
1,piecewise-8,prepared,triangles,11,0,37.946500000000015,438272,86.58207688376172,13158977.153936254
1,piecewise-8,prepared,ruled,11,1,28.003199999999197,438272,63.89456775700751,13158977.153936252
1,piecewise-8,prepared,ruled,12,0,27.167699999999968,438272,61.98821736273357,13158977.153936252
1,piecewise-8,prepared,triangles,12,1,38.91409999999996,438272,88.78983827394852,13158977.153936254
1,piecewise-8,prepared,triangles,13,0,38.10180000000037,438272,86.93642304322513,13158977.153936254
1,piecewise-8,prepared,ruled,13,1,27.858400000000984,438272,63.56417932243215,13158977.153936252
1,piecewise-8,prepared,ruled,14,0,27.03099999999904,438272,61.67631060163332,13158977.153936252
1,piecewise-8,prepared,triangles,14,1,41.10729999999967,438272,93.7940365800226,13158977.153936254
1,piecewise-8,prepared,triangles,15,0,38.35819999999876,438272,87.52144786798783,13158977.153936254
1,piecewise-8,prepared,ruled,15,1,28.228500000001077,438272,64.40863208236227,13158977.153936252
1,piecewise-8,prepared,ruled,16,0,27.865099999999074,438272,63.57946663259135,13158977.153936252
1,piecewise-8,prepared,triangles,16,1,38.6205000000009,438272,88.11993465245533,13158977.153936254
1,piecewise-8,legacy,ruled,0,0,29.030099999999948,73728,393.74593098958263,2213659.708138764
1,piecewise-8,legacy,triangles,0,1,1404.2615999999998,73728,19046.51692708333,2213659.7081387644
1,piecewise-8,legacy,triangles,1,0,1395.6818999999996,73728,18930.14729817708,2213659.7081387644
1,piecewise-8,legacy,ruled,1,1,28.350399999999354,73728,384.5269097222135,2213659.708138764
1,piecewise-8,legacy,ruled,2,0,28.55779999999868,73728,387.3399522569265,2213659.708138764
1,piecewise-8,legacy,triangles,2,1,1428.3719999999994,73728,19373.53515624999,2213659.7081387644
1,piecewise-8,legacy,triangles,3,0,1409.3345000000008,73728,19115.322536892374,2213659.7081387644
1,piecewise-8,legacy,ruled,3,1,30.932199999999284,73728,419.5448133680459,2213659.708138764
1,piecewise-8,legacy,ruled,4,0,32.053899999998976,73728,434.7588433159583,2213659.708138764
1,piecewise-8,legacy,triangles,4,1,1435.1729000000014,73728,19465.778266059046,2213659.7081387644
1,piecewise-32,prepared,ruled,0,0,35.27609999999913,393216,89.71176147460717,11782162.345005063
1,piecewise-32,prepared,triangles,0,1,41.79920000000129,393216,106.30086263021161,11782162.345005132
1,piecewise-32,prepared,triangles,1,0,42.05319999999847,393216,106.94681803385028,11782162.345005132
1,piecewise-32,prepared,ruled,1,1,37.96740000000136,393216,96.55609130859722,11782162.345005063
1,piecewise-32,prepared,ruled,2,0,36.56810000000041,393216,92.99748738606876,11782162.345005063
1,piecewise-32,prepared,triangles,2,1,42.30780000000232,393216,107.59429931641215,11782162.345005132
1,piecewise-32,prepared,triangles,3,0,41.3311999999969,393216,105.11067708332546,11782162.345005132
1,piecewise-32,prepared,ruled,3,1,36.19970000000103,393216,92.06059773763282,11782162.345005063
1,piecewise-32,prepared,ruled,4,0,36.224600000001374,393216,92.12392171224307,11782162.345005063
1,piecewise-32,prepared,triangles,4,1,43.35100000000239,393216,110.24729410807898,11782162.345005132
1,piecewise-32,prepared,triangles,5,0,43.295500000000175,393216,110.10615030924522,11782162.345005132
1,piecewise-32,prepared,ruled,5,1,35.8833999999988,393216,91.25620524088237,11782162.345005063
1,piecewise-32,prepared,ruled,6,0,49.5663999999997,393216,126.0538736979159,11782162.345005063
1,piecewise-32,prepared,triangles,6,1,40.831200000000536,393216,103.83911132812636,11782162.345005132
1,piecewise-32,prepared,triangles,7,0,46.46359999999913,393216,118.16304524739364,11782162.345005132
1,piecewise-32,prepared,ruled,7,1,35.77899999999863,393216,90.99070231119443,11782162.345005063
1,piecewise-32,prepared,ruled,8,0,36.85319999999774,393216,93.72253417968176,11782162.345005063
1,piecewise-32,prepared,triangles,8,1,41.85099999999875,393216,106.43259684244474,11782162.345005132
1,piecewise-32,prepared,triangles,9,0,41.070199999998295,393216,104.44691975911024,11782162.345005132
1,piecewise-32,prepared,ruled,9,1,44.77629999999772,393216,113.872019449864,11782162.345005063
1,piecewise-32,prepared,ruled,10,0,35.505199999999604,393216,90.29439290364483,11782162.345005063
1,piecewise-32,prepared,triangles,10,1,43.09010000000126,393216,109.58379109700842,11782162.345005132
1,piecewise-32,prepared,triangles,11,0,46.64719999999943,393216,118.62996419270688,11782162.345005132
1,piecewise-32,prepared,ruled,11,1,35.869200000001,393216,91.22009277344004,11782162.345005063
1,piecewise-32,prepared,ruled,12,0,40.110100000001694,393216,102.00525919596784,11782162.345005063
1,piecewise-32,prepared,triangles,12,1,41.83250000000044,393216,106.38554890950633,11782162.345005132
1,piecewise-32,prepared,triangles,13,0,48.14129999999932,393216,122.42965698242016,11782162.345005132
1,piecewise-32,prepared,ruled,13,1,40.08740000000034,393216,101.94753011067796,11782162.345005063
1,piecewise-32,prepared,ruled,14,0,35.847600000000966,393216,91.16516113281496,11782162.345005063
1,piecewise-32,prepared,triangles,14,1,42.66190000000279,393216,108.49482218425187,11782162.345005132
1,piecewise-32,prepared,triangles,15,0,43.980899999998655,393216,111.84921264648096,11782162.345005132
1,piecewise-32,prepared,ruled,15,1,36.06129999999757,393216,91.70862833658236,11782162.345005063
1,piecewise-32,prepared,ruled,16,0,36.46089999999822,393216,92.72486368814651,11782162.345005063
1,piecewise-32,prepared,triangles,16,1,41.32940000000235,393216,105.10609944662058,11782162.345005132
1,piecewise-32,legacy,ruled,0,0,34.18130000000019,36864,927.2271050347275,1104577.7198440435
1,piecewise-32,legacy,triangles,0,1,825.5933000000005,36864,22395.6515842014,1104577.719844044
1,piecewise-32,legacy,triangles,1,0,801.5,36864,21742.078993055555,1104577.719844044
1,piecewise-32,legacy,ruled,1,1,30.87119999999777,36864,837.4348958332729,1104577.7198440435
1,piecewise-32,legacy,ruled,2,0,31.403300000001764,36864,851.8690321181034,1104577.7198440435
1,piecewise-32,legacy,triangles,2,1,711.2717000000011,36864,19294.47970920142,1104577.719844044
1,piecewise-32,legacy,triangles,3,0,801.7696000000033,36864,21749.392361111197,1104577.719844044
1,piecewise-32,legacy,ruled,3,1,35.84280000000217,36864,972.2981770833921,1104577.7198440435
1,piecewise-32,legacy,ruled,4,0,56.99229999999807,36864,1546.0150824652255,1104577.7198440435
1,piecewise-32,legacy,triangles,4,1,841.8489000000009,36864,22836.61295572919,1104577.719844044
1,piecewise-128,prepared,ruled,0,0,29.216099999997823,294912,99.0671793619718,8548348.577903852
1,piecewise-128,prepared,triangles,0,1,35.13589999999749,294912,119.1402859157901,8548348.577903848
1,piecewise-128,prepared,triangles,1,0,34.74919999999838,294912,117.8290473090223,8548348.577903848
1,piecewise-128,prepared,ruled,1,1,29.830400000002555,294912,101.15017361111978,8548348.577903852
1,piecewise-128,prepared,ruled,2,0,28.915100000001985,294912,98.04653591580535,8548348.577903852
1,piecewise-128,prepared,triangles,2,1,35.30909999999858,294912,119.72757975259934,8548348.577903848
1,piecewise-128,prepared,triangles,3,0,35.22399999999834,294912,119.43901909721659,8548348.577903848
1,piecewise-128,prepared,ruled,3,1,29.75460000000021,294912,100.89314778645904,8548348.577903852
1,piecewise-128,prepared,ruled,4,0,29.28729999999996,294912,99.30860731336792,8548348.577903852
1,piecewise-128,prepared,triangles,4,1,34.629400000001624,294912,117.4228244357694,8548348.577903848
1,piecewise-128,prepared,triangles,5,0,35.33809999999721,294912,119.82591417099749,8548348.577903848
1,piecewise-128,prepared,ruled,5,1,29.97860000000219,294912,101.65269639757688,8548348.577903852
1,piecewise-128,prepared,ruled,6,0,30.214100000001054,294912,102.45123969184385,8548348.577903852
1,piecewise-128,prepared,triangles,6,1,35.31200000000172,294912,119.73741319445026,8548348.577903848
1,piecewise-128,prepared,triangles,7,0,34.64709999999832,294912,117.48284233940402,8548348.577903848
1,piecewise-128,prepared,ruled,7,1,31.286900000002788,294912,106.08893500434972,8548348.577903852
1,piecewise-128,prepared,ruled,8,0,29.3237999999983,294912,99.43237304686924,8548348.577903852
1,piecewise-128,prepared,triangles,8,1,35.44599999999991,294912,120.19178602430526,8548348.577903848
1,piecewise-128,prepared,triangles,9,0,34.57420000000275,294912,117.23564995660655,8548348.577903848
1,piecewise-128,prepared,ruled,9,1,29.632700000001932,294912,100.47980414497184,8548348.577903852
1,piecewise-128,prepared,ruled,10,0,29.386399999999412,294912,99.64463975694245,8548348.577903852
1,piecewise-128,prepared,triangles,10,1,36.208700000002864,294912,122.7779812283083,8548348.577903848
1,piecewise-128,prepared,triangles,11,0,35.266600000002654,294912,119.58346896702288,8548348.577903848
1,piecewise-128,prepared,ruled,11,1,29.03320000000167,294912,98.44699435764454,8548348.577903852
1,piecewise-128,prepared,ruled,12,0,29.89020000000164,294912,101.35294596354724,8548348.577903852
1,piecewise-128,prepared,triangles,12,1,37.07080000000133,294912,125.70122612847672,8548348.577903848
1,piecewise-128,prepared,triangles,13,0,37.48649999999907,294912,127.11079915364267,8548348.577903848
1,piecewise-128,prepared,ruled,13,1,31.091700000000856,294912,105.42704264323207,8548348.577903852
1,piecewise-128,prepared,ruled,14,0,29.382999999997992,294912,99.63311089409041,8548348.577903852
1,piecewise-128,prepared,triangles,14,1,35.62089999999807,294912,120.78484429252818,8548348.577903848
1,piecewise-128,prepared,triangles,15,0,34.85710000000108,294912,118.19491916233005,8548348.577903848
1,piecewise-128,prepared,ruled,15,1,28.865399999998772,294912,97.87801106770416,8548348.577903852
1,piecewise-128,prepared,ruled,16,0,29.873200000001816,294912,101.29530164931172,8548348.577903852
1,piecewise-128,prepared,triangles,16,1,34.9403999999995,294912,118.47737630208164,8548348.577903848
1,piecewise-128,legacy,ruled,0,0,38.6903999999995,16384,2361.4746093749695,474908.25432797713
1,piecewise-128,legacy,triangles,0,1,325.17239999999947,16384,19846.948242187467,474908.25432797853
1,piecewise-128,legacy,triangles,1,0,353.9080000000031,16384,21600.83007812519,474908.25432797853
1,piecewise-128,legacy,ruled,1,1,39.51729999999952,16384,2411.944580078096,474908.25432797713
1,piecewise-128,legacy,ruled,2,0,38.227600000001985,16384,2333.227539062621,474908.25432797713
1,piecewise-128,legacy,triangles,2,1,324.28440000000046,16384,19792.74902343753,474908.25432797853
1,piecewise-128,legacy,triangles,3,0,327.1983999999975,16384,19970.605468749847,474908.25432797853
1,piecewise-128,legacy,ruled,3,1,44.45690000000104,16384,2713.4338378906887,474908.25432797713
1,piecewise-128,legacy,ruled,4,0,40.2032999999974,16384,2453.8146972654663,474908.25432797713
1,piecewise-128,legacy,triangles,4,1,335.6967000000004,16384,20489.3005371094,474908.25432797853
2,extruded-quadratic,prepared,ruled,0,0,11.747299999999996,524288,22.406196594238274,16966681.666030023
2,extruded-quadratic,prepared,triangles,0,1,10.482500000000016,524288,19.993782043457063,16966681.666030023
2,extruded-quadratic,prepared,triangles,1,0,10.567300000000046,524288,20.15552520751962,16966681.666030023
2,extruded-quadratic,prepared,ruled,1,1,10.547500000000014,524288,20.11775970458987,16966681.666030023
2,extruded-quadratic,prepared,ruled,2,0,9.852899999999977,524288,18.79291534423824,16966681.666030023
2,extruded-quadratic,prepared,triangles,2,1,10.428899999999999,524288,19.891548156738278,16966681.666030023
2,extruded-quadratic,prepared,triangles,3,0,10.93180000000001,524288,20.850753784179705,16966681.666030023
2,extruded-quadratic,prepared,ruled,3,1,10.41980000000001,524288,19.874191284179705,16966681.666030023
2,extruded-quadratic,prepared,ruled,4,0,11.514299999999992,524288,21.96178436279295,16966681.666030023
2,extruded-quadratic,prepared,triangles,4,1,10.870799999999974,524288,20.734405517578075,16966681.666030023
2,extruded-quadratic,prepared,triangles,5,0,10.384599999999978,524288,19.807052612304645,16966681.666030023
2,extruded-quadratic,prepared,ruled,5,1,10.213799999999992,524288,19.4812774658203,16966681.666030023
2,extruded-quadratic,prepared,ruled,6,0,10.904499999999985,524288,20.798683166503878,16966681.666030023
2,extruded-quadratic,prepared,triangles,6,1,11.855599999999981,524288,22.61276245117184,16966681.666030023
2,extruded-quadratic,prepared,triangles,7,0,10.532299999999964,524288,20.088768005371026,16966681.666030023
2,extruded-quadratic,prepared,ruled,7,1,10.166699999999992,524288,19.39144134521483,16966681.666030023
2,extruded-quadratic,prepared,ruled,8,0,10.613699999999994,524288,20.24402618408202,16966681.666030023
2,extruded-quadratic,prepared,triangles,8,1,11.989199999999983,524288,22.867584228515593,16966681.666030023
2,extruded-quadratic,prepared,triangles,9,0,11.992899999999963,524288,22.87464141845696,16966681.666030023
2,extruded-quadratic,prepared,ruled,9,1,11.038499999999999,524288,21.05426788330078,16966681.666030023
2,extruded-quadratic,prepared,ruled,10,0,11.461000000000013,524288,21.860122680664087,16966681.666030023
2,extruded-quadratic,prepared,triangles,10,1,12.031400000000076,524288,22.948074340820458,16966681.666030023
2,extruded-quadratic,prepared,triangles,11,0,11.801699999999983,524288,22.50995635986325,16966681.666030023
2,extruded-quadratic,prepared,ruled,11,1,11.019599999999969,524288,21.018218994140565,16966681.666030023
2,extruded-quadratic,prepared,ruled,12,0,9.335500000000025,524288,17.80605316162114,16966681.666030023
2,extruded-quadratic,prepared,triangles,12,1,10.345900000000029,524288,19.733238220214897,16966681.666030023
2,extruded-quadratic,prepared,triangles,13,0,11.024900000000002,524288,21.028327941894535,16966681.666030023
2,extruded-quadratic,prepared,ruled,13,1,10.532299999999964,524288,20.088768005371026,16966681.666030023
2,extruded-quadratic,prepared,ruled,14,0,10.72180000000003,524288,20.45021057128912,16966681.666030023
2,extruded-quadratic,prepared,triangles,14,1,10.747600000000034,524288,20.49942016601569,16966681.666030023
2,extruded-quadratic,prepared,triangles,15,0,10.36220000000003,524288,19.764328002929744,16966681.666030023
2,extruded-quadratic,prepared,ruled,15,1,10.514600000000087,524288,20.05500793457048,16966681.666030023
2,extruded-quadratic,prepared,ruled,16,0,10.967799999999897,524288,20.919418334960742,16966681.666030023
2,extruded-quadratic,prepared,triangles,16,1,10.988699999999994,524288,20.959281921386708,16966681.666030023
2,extruded-quadratic,legacy,ruled,0,0,30.7491,122880,250.23681640625,3976566.0154753737
2,extruded-quadratic,legacy,triangles,0,1,647.1928,122880,5266.868489583333,3976566.0154753737
2,extruded-quadratic,legacy,triangles,1,0,648.1618999999998,122880,5274.755045572916,3976566.0154753737
2,extruded-quadratic,legacy,ruled,1,1,18.420399999999972,122880,149.90559895833312,3976566.0154753737
2,extruded-quadratic,legacy,ruled,2,0,18.41000000000031,122880,149.8209635416692,3976566.0154753737
2,extruded-quadratic,legacy,triangles,2,1,651.3156000000004,122880,5300.419921875003,3976566.0154753737
2,extruded-quadratic,legacy,triangles,3,0,1009.4580000000001,122880,8214.990234375002,3976566.0154753737
2,extruded-quadratic,legacy,ruled,3,1,30.72069999999985,122880,250.00569661458212,3976566.0154753737
2,extruded-quadratic,legacy,ruled,4,0,30.346400000000358,122880,246.95963541666958,3976566.0154753737
2,extruded-quadratic,legacy,triangles,4,1,1228.7265999999995,122880,9999.40266927083,3976566.0154753737
2,modulated-quadratic,prepared,ruled,0,0,19.662200000000666,524288,37.50267028808721,16577626.587830272
2,modulated-quadratic,prepared,triangles,0,1,27.368800000000192,524288,52.20184326171912,16577626.587830272
2,modulated-quadratic,prepared,triangles,1,0,26.881199999999808,524288,51.271820068359006,16577626.587830272
2,modulated-quadratic,prepared,ruled,1,1,23.52559999999994,524288,44.871520996093636,16577626.587830272
2,modulated-quadratic,prepared,ruled,2,0,21.582400000000234,524288,41.16516113281295,16577626.587830272
2,modulated-quadratic,prepared,triangles,2,1,28.22989999999936,524288,53.84426116943238,16577626.587830272
2,modulated-quadratic,prepared,triangles,3,0,28.283699999999953,524288,53.94687652587882,16577626.587830272
2,modulated-quadratic,prepared,ruled,3,1,23.209799999999632,524288,44.26918029785086,16577626.587830272
2,modulated-quadratic,prepared,ruled,4,0,19.884099999999307,524288,37.92591094970571,16577626.587830272
2,modulated-quadratic,prepared,triangles,4,1,25.008100000000013,524288,47.69916534423831,16577626.587830272
2,modulated-quadratic,prepared,triangles,5,0,24.663300000000163,524288,47.041511535644844,16577626.587830272
2,modulated-quadratic,prepared,ruled,5,1,21.388100000000122,524288,40.794563293457266,16577626.587830272
2,modulated-quadratic,prepared,ruled,6,0,23.105099999999766,524288,44.069480895995646,16577626.587830272
2,modulated-quadratic,prepared,triangles,6,1,25.749299999999494,524288,49.11289215087794,16577626.587830272
2,modulated-quadratic,prepared,triangles,7,0,24.83519999999953,524288,47.369384765624105,16577626.587830272
2,modulated-quadratic,prepared,ruled,7,1,22.132300000000214,524288,42.2140121459965,16577626.587830272
2,modulated-quadratic,prepared,ruled,8,0,22.54699999999957,524288,43.00498962402262,16577626.587830272
2,modulated-quadratic,prepared,triangles,8,1,31.326100000000224,524288,59.74979400634808,16577626.587830272
2,modulated-quadratic,prepared,triangles,9,0,25.17950000000019,524288,48.026084899902706,16577626.587830272
2,modulated-quadratic,prepared,ruled,9,1,19.825800000000527,524288,37.814712524415064,16577626.587830272
2,modulated-quadratic,prepared,ruled,10,0,19.614299999999275,524288,37.41130828857283,16577626.587830272
2,modulated-quadratic,prepared,triangles,10,1,28.2463000000007,524288,53.875541687013055,16577626.587830272
2,modulated-quadratic,prepared,triangles,11,0,26.25340000000051,524288,50.07438659668066,16577626.587830272
2,modulated-quadratic,prepared,ruled,11,1,21.999800000000505,524288,41.961288452149404,16577626.587830272
2,modulated-quadratic,prepared,ruled,12,0,23.131900000000314,524288,44.120597839356066,16577626.587830272
2,modulated-quadratic,prepared,triangles,12,1,24.85609999999997,524288,47.409248352050724,16577626.587830272
2,modulated-quadratic,prepared,triangles,13,0,31.09429999999975,524288,59.307670593261236,16577626.587830272
2,modulated-quadratic,prepared,ruled,13,1,21.787500000000364,524288,41.55635833740304,16577626.587830272
2,modulated-quadratic,prepared,ruled,14,0,20.201000000000022,524288,38.530349731445355,16577626.587830272
2,modulated-quadratic,prepared,triangles,14,1,25.546000000000276,524288,48.72512817382865,16577626.587830272
2,modulated-quadratic,prepared,triangles,15,0,24.21060000000034,524288,46.17805480957096,16577626.587830272
2,modulated-quadratic,prepared,ruled,15,1,19.833400000000438,524288,37.829208374024276,16577626.587830272
2,modulated-quadratic,prepared,ruled,16,0,21.56500000000051,524288,41.131973266602536,16577626.587830272
2,modulated-quadratic,prepared,triangles,16,1,25.131199999999808,524288,47.93395996093713,16577626.587830272
2,modulated-quadratic,legacy,ruled,0,0,18.901299999999537,45056,419.50683593748977,1424639.7848918384
2,modulated-quadratic,legacy,triangles,0,1,953.1226999999999,45056,21154.179243607952,1424639.7848918384
2,modulated-quadratic,legacy,triangles,1,0,949.9079999999994,45056,21082.830255681805,1424639.7848918384
2,modulated-quadratic,legacy,ruled,1,1,14.912400000001071,45056,330.97478693184195,1424639.7848918384
2,modulated-quadratic,legacy,ruled,2,0,14.49200000000019,45056,321.64417613636783,1424639.7848918384
2,modulated-quadratic,legacy,triangles,2,1,886.0177000000003,45056,19664.8104580966,1424639.7848918384
2,modulated-quadratic,legacy,triangles,3,0,866.3017,45056,19227.2216796875,1424639.7848918384
2,modulated-quadratic,legacy,ruled,3,1,13.26339999999982,45056,294.3758877840869,1424639.7848918384
2,modulated-quadratic,legacy,ruled,4,0,13.840299999999843,45056,307.1799538352238,1424639.7848918384
2,modulated-quadratic,legacy,triangles,4,1,864.7657999999992,45056,19193.132990056798,1424639.7848918384
2,piecewise-8,prepared,ruled,0,0,34.63349999999991,524288,66.05815887451155,15741580.146764766
2,piecewise-8,prepared,triangles,0,1,44.9979000000003,524288,85.82668304443416,15741580.146764768
2,piecewise-8,prepared,triangles,1,0,44.95180000000073,524288,85.73875427246233,15741580.146764768
2,piecewise-8,prepared,ruled,1,1,32.51709999999912,524288,62.02144622802566,15741580.146764766
2,piecewise-8,prepared,ruled,2,0,35.417199999999866,524288,67.55294799804662,15741580.146764766
2,piecewise-8,prepared,triangles,2,1,48.341700000000856,524288,92.20447540283367,15741580.146764768
2,piecewise-8,prepared,triangles,3,0,46.79320000000007,524288,89.250946044922,15741580.146764768
2,piecewise-8,prepared,ruled,3,1,34.435199999999895,524288,65.6799316406248,15741580.146764766
2,piecewise-8,prepared,ruled,4,0,33.286199999998644,524288,63.48838806152085,15741580.146764766
2,piecewise-8,prepared,triangles,4,1,45.55950000000121,524288,86.8978500366234,15741580.146764768
2,piecewise-8,prepared,triangles,5,0,48.475399999999354,524288,92.45948791503783,15741580.146764768
2,piecewise-8,prepared,ruled,5,1,32.87010000000009,524288,62.694740295410334,15741580.146764766
2,piecewise-8,prepared,ruled,6,0,32.98329999999987,524288,62.91065216064429,15741580.146764766
2,piecewise-8,prepared,triangles,6,1,48.53909999999996,524288,92.58098602294915,15741580.146764768
2,piecewise-8,prepared,triangles,7,0,45.5578000000005,524288,86.89460754394626,15741580.146764768
2,piecewise-8,prepared,ruled,7,1,32.54579999999987,524288,62.07618713378882,15741580.146764766
2,piecewise-8,prepared,ruled,8,0,32.922999999998865,524288,62.79563903808377,15741580.146764766
2,piecewise-8,prepared,triangles,8,1,48.93399999999929,524288,93.33419799804551,15741580.146764768
2,piecewise-8,prepared,triangles,9,0,45.56550000000061,524288,86.90929412841913,15741580.146764768
2,piecewise-8,prepared,ruled,9,1,32.73450000000048,524288,62.4361038208017,15741580.146764766
2,piecewise-8,prepared,ruled,10,0,33.2546999999995,524288,63.42830657958889,15741580.146764766
2,piecewise-8,prepared,triangles,10,1,46.85190000000148,524288,89.36290740967078,15741580.146764768
2,piecewise-8,prepared,triangles,11,0,45.690199999999095,524288,87.14714050292797,15741580.146764768
2,piecewise-8,prepared,ruled,11,1,32.98139999999876,524288,62.907028198239814,15741580.146764766
2,piecewise-8,prepared,ruled,12,0,34.10829999999987,524288,65.05641937255835,15741580.146764766
2,piecewise-8,prepared,triangles,12,1,46.680200000000696,524288,89.03541564941538,15741580.146764768
2,piecewise-8,prepared,triangles,13,0,46.55199999999968,524288,88.79089355468689,15741580.146764768
2,piecewise-8,prepared,ruled,13,1,33.029099999999744,524288,62.99800872802685,15741580.146764766
2,piecewise-8,prepared,ruled,14,0,32.616799999999785,524288,62.21160888671834,15741580.146764766
2,piecewise-8,prepared,triangles,14,1,46.51080000000002,524288,88.71231079101565,15741580.146764768
2,piecewise-8,prepared,triangles,15,0,46.13639999999941,524288,87.9981994628895,15741580.146764768
2,piecewise-8,prepared,ruled,15,1,33.20430000000124,524288,63.33217620849846,15741580.146764766
2,piecewise-8,prepared,ruled,16,0,34.4341000000004,524288,65.67783355712967,15741580.146764766
2,piecewise-8,prepared,triangles,16,1,46.04409999999916,524288,87.82215118408044,15741580.146764768
2,piecewise-8,legacy,ruled,0,0,33.470900000000256,86016,389.12411644345536,2582602.992828578
2,piecewise-8,legacy,triangles,0,1,1550.7410999999993,86016,18028.519112723206,2582602.9928285787
2,piecewise-8,legacy,triangles,1,0,1549.8318,86016,18017.947823660714,2582602.9928285787
2,piecewise-8,legacy,ruled,1,1,31.895199999999022,86016,370.8054315476077,2582602.992828578
2,piecewise-8,legacy,ruled,2,0,33.59110000000146,86016,390.52153087799314,2582602.992828578
2,piecewise-8,legacy,triangles,2,1,1533.9040999999997,86016,17832.77646019345,2582602.9928285787
2,piecewise-8,legacy,triangles,3,0,1571.1411000000007,86016,18265.684291294652,2582602.9928285787
2,piecewise-8,legacy,ruled,3,1,32.65149999999994,86016,379.59798177083263,2582602.992828578
2,piecewise-8,legacy,ruled,4,0,32.490099999999074,86016,377.7215866815369,2582602.992828578
2,piecewise-8,legacy,triangles,4,1,1561.7652000000016,86016,18156.68247767859,2582602.9928285787
2,piecewise-32,prepared,ruled,0,0,32.19540000000052,389120,82.73900082236975,11659431.487244561
2,piecewise-32,prepared,triangles,0,1,39.7016999999978,389120,102.0294510690733,11659431.487244628
2,piecewise-32,prepared,triangles,1,0,41.06100000000151,389120,105.52271792763547,11659431.487244628
2,piecewise-32,prepared,ruled,1,1,32.93109999999797,389120,84.62967722038952,11659431.487244561
2,piecewise-32,prepared,ruled,2,0,34.442800000000716,389120,88.51459703947552,11659431.487244561
2,piecewise-32,prepared,triangles,2,1,40.764500000001135,389120,104.76074218750291,11659431.487244628
2,piecewise-32,prepared,triangles,3,0,42.9403999999995,389120,110.35259046052504,11659431.487244628
2,piecewise-32,prepared,ruled,3,1,33.25790000000052,389120,85.46952097039606,11659431.487244561
2,piecewise-32,prepared,ruled,4,0,32.62779999999839,389120,83.85022615131165,11659431.487244561
2,piecewise-32,prepared,triangles,4,1,41.976299999998446,389120,107.87494860196968,11659431.487244628
2,piecewise-32,prepared,triangles,5,0,40.49250000000029,389120,104.06172902960601,11659431.487244628
2,piecewise-32,prepared,ruled,5,1,33.202399999998306,389120,85.32689144736406,11659431.487244561
2,piecewise-32,prepared,ruled,6,0,34.94090000000142,389120,89.79466488487208,11659431.487244561
2,piecewise-32,prepared,triangles,6,1,42.28120000000126,389120,108.65851151316114,11659431.487244628
2,piecewise-32,prepared,triangles,7,0,40.019500000002154,389120,102.84616570724238,11659431.487244628
2,piecewise-32,prepared,ruled,7,1,35.308499999999185,389120,90.73936060855054,11659431.487244561
2,piecewise-32,prepared,ruled,8,0,32.979599999998754,389120,84.75431743420732,11659431.487244561
2,piecewise-32,prepared,triangles,8,1,40.718299999996816,389120,104.64201274670235,11659431.487244628
2,piecewise-32,prepared,triangles,9,0,39.599200000000565,389120,101.76603618421198,11659431.487244628
2,piecewise-32,prepared,ruled,9,1,33.41560000000027,389120,85.87479440789542,11659431.487244561
2,piecewise-32,prepared,ruled,10,0,32.66189999999915,389120,83.93785978618203,11659431.487244561
2,piecewise-32,prepared,triangles,10,1,40.302700000000186,389120,103.5739617598689,11659431.487244628
2,piecewise-32,prepared,triangles,11,0,41.540399999998044,389120,106.75472861841604,11659431.487244628
2,piecewise-32,prepared,ruled,11,1,32.47929999999906,389120,83.46859580591862,11659431.487244561
2,piecewise-32,prepared,ruled,12,0,32.81049999999959,389120,84.31974712170948,11659431.487244561
2,piecewise-32,prepared,triangles,12,1,40.72940000000017,389120,104.67053865131624,11659431.487244628
2,piecewise-32,prepared,triangles,13,0,40.61409999999887,389120,104.37422902960235,11659431.487244628
2,piecewise-32,prepared,ruled,13,1,32.2387000000017,389120,82.85027754934647,11659431.487244561
2,piecewise-32,prepared,ruled,14,0,32.473699999998644,389120,83.45420435854915,11659431.487244561
2,piecewise-32,prepared,triangles,14,1,40.44510000000082,389120,103.93991570723895,11659431.487244628
2,piecewise-32,prepared,triangles,15,0,39.87989999999991,389120,102.4874074835524,11659431.487244628
2,piecewise-32,prepared,ruled,15,1,33.16909999999916,389120,85.24131373355048,11659431.487244561
2,piecewise-32,prepared,ruled,16,0,35.03229999999894,389120,90.02955386512886,11659431.487244561
2,piecewise-32,prepared,triangles,16,1,44.986799999998766,389120,115.61163651315472,11659431.487244628
2,piecewise-32,legacy,ruled,0,0,30.247199999997974,36864,820.507812499945,1104577.7198440435
2,piecewise-32,legacy,triangles,0,1,678.3555000000015,36864,18401.570638020872,1104577.719844044
2,piecewise-32,legacy,triangles,1,0,675.4284000000007,36864,18322.16796875002,1104577.719844044
2,piecewise-32,legacy,ruled,1,1,31.19380000000092,36864,846.1859809028027,1104577.7198440435
2,piecewise-32,legacy,ruled,2,0,31.053499999998166,36864,842.3800998263391,1104577.7198440435
2,piecewise-32,legacy,triangles,2,1,673.6764000000003,36864,18274.64192708334,1104577.719844044
2,piecewise-32,legacy,triangles,3,0,675.9739000000009,36864,18336.965603298635,1104577.719844044
2,piecewise-32,legacy,ruled,3,1,30.334499999997206,36864,822.8759765624242,1104577.7198440435
2,piecewise-32,legacy,ruled,4,0,30.817800000000716,36864,835.9863281250194,1104577.7198440435
2,piecewise-32,legacy,triangles,4,1,678.7586999999985,36864,18412.508138020792,1104577.719844044
2,piecewise-128,prepared,ruled,0,0,25.978899999998248,262144,99.10163879393863,7598532.069247854
2,piecewise-128,prepared,triangles,0,1,33.76139999999941,262144,128.78952026366963,7598532.06924785
2,piecewise-128,prepared,triangles,1,0,33.171000000002095,262144,126.53732299805486,7598532.06924785
2,piecewise-128,prepared,ruled,1,1,27.04240000000209,262144,103.15856933594547,7598532.069247854
2,piecewise-128,prepared,ruled,2,0,27.107999999996537,262144,103.40881347654928,7598532.069247854
2,piecewise-128,prepared,triangles,2,1,33.37740000000122,262144,127.32467651367652,7598532.06924785
2,piecewise-128,prepared,triangles,3,0,32.39970000000176,262144,123.59504699707702,7598532.06924785
2,piecewise-128,prepared,ruled,3,1,26.71350000000166,262144,101.90391540527976,7598532.069247854
2,piecewise-128,prepared,ruled,4,0,26.804599999999482,262144,102.2514343261699,7598532.069247854
2,piecewise-128,prepared,triangles,4,1,32.75890000000072,262144,124.96528625488557,7598532.06924785
2,piecewise-128,prepared,triangles,5,0,32.61669999999867,262144,124.42283630370588,7598532.06924785
2,piecewise-128,prepared,ruled,5,1,27.354300000002695,262144,104.34837341309621,7598532.069247854
2,piecewise-128,prepared,ruled,6,0,27.132799999999406,262144,103.50341796874774,7598532.069247854
2,piecewise-128,prepared,triangles,6,1,32.38290000000052,262144,123.53096008300979,7598532.06924785
2,piecewise-128,prepared,triangles,7,0,32.84609999999884,262144,125.2979278564409,7598532.06924785
2,piecewise-128,prepared,ruled,7,1,27.85399999999936,262144,106.2545776367163,7598532.069247854
2,piecewise-128,prepared,ruled,8,0,25.818299999999,262144,98.48899841308211,7598532.069247854
2,piecewise-128,prepared,triangles,8,1,33.22920000000158,262144,126.75933837891229,7598532.06924785
2,piecewise-128,prepared,triangles,9,0,32.47540000000299,262144,123.88381958008954,7598532.06924785
2,piecewise-128,prepared,ruled,9,1,27.53059999999823,262144,105.02090454100887,7598532.069247854
2,piecewise-128,prepared,ruled,10,0,26.636200000000827,262144,101.60903930664378,7598532.069247854
2,piecewise-128,prepared,triangles,10,1,34.50489999999991,262144,131.62574768066372,7598532.06924785
2,piecewise-128,prepared,triangles,11,0,32.798500000000786,262144,125.11634826660456,7598532.06924785
2,piecewise-128,prepared,ruled,11,1,27.623300000002928,262144,105.37452697755023,7598532.069247854
2,piecewise-128,prepared,ruled,12,0,26.697000000000116,262144,101.84097290039107,7598532.069247854
2,piecewise-128,prepared,triangles,12,1,33.043900000000576,262144,126.05247497558814,7598532.06924785
2,piecewise-128,prepared,triangles,13,0,33.27189999999973,262144,126.92222595214741,7598532.06924785
2,piecewise-128,prepared,ruled,13,1,35.516899999998714,262144,135.48622131347165,7598532.069247854
2,piecewise-128,prepared,ruled,14,0,26.987499999999272,262144,102.94914245605192,7598532.069247854
2,piecewise-128,prepared,triangles,14,1,32.952799999999115,262144,125.70495605468412,7598532.06924785
2,piecewise-128,prepared,triangles,15,0,32.30329999999958,262144,123.22731018066247,7598532.06924785
2,piecewise-128,prepared,ruled,15,1,26.45560000000114,262144,100.9201049804731,7598532.069247854
2,piecewise-128,prepared,ruled,16,0,27.334899999998015,262144,104.27436828612524,7598532.069247854
2,piecewise-128,prepared,triangles,16,1,35.16149999999834,262144,134.1304779052671,7598532.06924785
2,piecewise-128,legacy,ruled,0,0,33.31049999999959,12288,2710.815429687467,356181.1907459825
2,piecewise-128,legacy,triangles,0,1,227.66499999999724,12288,18527.425130208107,356181.19074598333
2,piecewise-128,legacy,triangles,1,0,250.5640999999996,12288,20390.958658854135,356181.19074598333
2,piecewise-128,legacy,ruled,1,1,32.46779999999853,12288,2642.2363281248804,356181.1907459825
2,piecewise-128,legacy,ruled,2,0,34.65490000000136,12288,2820.2229817709444,356181.1907459825
2,piecewise-128,legacy,triangles,2,1,230.0113999999994,12288,18718.375651041617,356181.19074598333
2,piecewise-128,legacy,triangles,3,0,226.72290000000066,12288,18450.756835937555,356181.19074598333
2,piecewise-128,legacy,ruled,3,1,32.352600000001985,12288,2632.8613281251614,356181.1907459825
2,piecewise-128,legacy,ruled,4,0,33.03399999999965,12288,2688.313802083305,356181.1907459825
2,piecewise-128,legacy,triangles,4,1,227.4425999999985,12288,18509.326171874876,356181.19074598333
3,extruded-quadratic,prepared,ruled,0,0,11.348600000000033,524288,21.645736694336,16966681.666030023
3,extruded-quadratic,prepared,triangles,0,1,11.305200000000013,524288,21.5629577636719,16966681.666030023
3,extruded-quadratic,prepared,triangles,1,0,12.656599999999969,524288,24.140548706054627,16966681.666030023
3,extruded-quadratic,prepared,ruled,1,1,10.989500000000021,524288,20.960807800293008,16966681.666030023
3,extruded-quadratic,prepared,ruled,2,0,11.111199999999997,524288,21.192932128906243,16966681.666030023
3,extruded-quadratic,prepared,triangles,2,1,11.871800000000007,524288,22.64366149902345,16966681.666030023
3,extruded-quadratic,prepared,triangles,3,0,11.854199999999992,524288,22.610092163085923,16966681.666030023
3,extruded-quadratic,prepared,ruled,3,1,11.093899999999962,524288,21.159934997558523,16966681.666030023
3,extruded-quadratic,prepared,ruled,4,0,11.028899999999965,524288,21.035957336425714,16966681.666030023
3,extruded-quadratic,prepared,triangles,4,1,11.855500000000006,524288,22.612571716308604,16966681.666030023
3,extruded-quadratic,prepared,triangles,5,0,11.83359999999999,524288,22.570800781249982,16966681.666030023
3,extruded-quadratic,prepared,ruled,5,1,10.887099999999975,524288,20.765495300292923,16966681.666030023
3,extruded-quadratic,prepared,ruled,6,0,10.94240000000002,524288,20.87097167968754,16966681.666030023
3,extruded-quadratic,prepared,triangles,6,1,11.916100000000029,524288,22.728157043457085,16966681.666030023
3,extruded-quadratic,prepared,triangles,7,0,11.413200000000074,524288,21.768951416015767,16966681.666030023
3,extruded-quadratic,prepared,ruled,7,1,10.238899999999944,524288,19.5291519165038,16966681.666030023
3,extruded-quadratic,prepared,ruled,8,0,11.216499999999996,524288,21.3937759399414,16966681.666030023
3,extruded-quadratic,prepared,triangles,8,1,11.042900000000031,524288,21.062660217285217,16966681.666030023
3,extruded-quadratic,prepared,triangles,9,0,10.291200000000003,524288,19.628906250000007,16966681.666030023
3,extruded-quadratic,prepared,ruled,9,1,9.427999999999997,524288,17.982482910156246,16966681.666030023
3,extruded-quadratic,prepared,ruled,10,0,10.934300000000007,524288,20.855522155761733,16966681.666030023
3,extruded-quadratic,prepared,triangles,10,1,10.426400000000058,524288,19.88677978515636,16966681.666030023
3,extruded-quadratic,prepared,triangles,11,0,10.376300000000015,524288,19.791221618652372,16966681.666030023
3,extruded-quadratic,prepared,ruled,11,1,10.415399999999977,524288,19.86579895019527,16966681.666030023
3,extruded-quadratic,prepared,ruled,12,0,10.552500000000009,524288,20.127296447753924,16966681.666030023
3,extruded-quadratic,prepared,triangles,12,1,11.990200000000073,524288,22.869491577148576,16966681.666030023
3,extruded-quadratic,prepared,triangles,13,0,12.424399999999991,524288,23.697662353515607,16966681.666030023
3,extruded-quadratic,prepared,ruled,13,1,10.175500000000056,524288,19.4082260131837,16966681.666030023
3,extruded-quadratic,prepared,ruled,14,0,10.006200000000035,524288,19.085311889648505,16966681.666030023
3,extruded-quadratic,prepared,triangles,14,1,11.723799999999983,524288,22.361373901367156,16966681.666030023
3,extruded-quadratic,prepared,triangles,15,0,12.086199999999963,524288,23.052597045898366,16966681.666030023
3,extruded-quadratic,prepared,ruled,15,1,11.311799999999948,524288,21.575546264648338,16966681.666030023
3,extruded-quadratic,prepared,ruled,16,0,10.20640000000003,524288,19.467163085937557,16966681.666030023
3,extruded-quadratic,prepared,triangles,16,1,10.758100000000013,524288,20.51944732666018,16966681.666030023
3,extruded-quadratic,legacy,ruled,0,0,34.30289999999991,159744,214.73670372596098,5169535.820118155
3,extruded-quadratic,legacy,triangles,0,1,843.9490999999999,159744,5283.134890825319,5169535.820118155
3,extruded-quadratic,legacy,triangles,1,0,840.9167999999997,159744,5264.152644230768,5169535.820118155
3,extruded-quadratic,legacy,ruled,1,1,22.000100000000202,159744,137.7209785657064,5169535.820118155
3,extruded-quadratic,legacy,ruled,2,0,22.907200000000103,159744,143.39943910256474,5169535.820118155
3,extruded-quadratic,legacy,triangles,2,1,1194.0978999999998,159744,7475.071990184293,5169535.820118155
3,extruded-quadratic,legacy,triangles,3,0,1663.6661999999997,159744,10414.577073317307,5169535.820118155
3,extruded-quadratic,legacy,ruled,3,1,43.448600000000624,159744,271.9889322916706,5169535.820118155
3,extruded-quadratic,legacy,ruled,4,0,40.048899999999776,159744,250.70675580929347,5169535.820118155
3,extruded-quadratic,legacy,triangles,4,1,1646.4475999999995,159744,10306.788361378201,5169535.820118155
3,modulated-quadratic,prepared,ruled,0,0,19.9963000000007,524288,38.13991546630993,16577626.587830272
3,modulated-quadratic,prepared,triangles,0,1,23.81970000000001,524288,45.43247222900393,16577626.587830272
3,modulated-quadratic,prepared,triangles,1,0,24.909999999999854,524288,47.5120544433591,16577626.587830272
3,modulated-quadratic,prepared,ruled,1,1,19.948099999999613,524288,38.04798126220629,16577626.587830272
3,modulated-quadratic,prepared,ruled,2,0,19.351400000000467,524288,36.9098663330087,16577626.587830272
3,modulated-quadratic,prepared,triangles,2,1,23.94840000000022,524288,45.677947998047294,16577626.587830272
3,modulated-quadratic,prepared,triangles,3,0,24.11110000000008,524288,45.98827362060562,16577626.587830272
3,modulated-quadratic,prepared,ruled,3,1,19.622999999999593,524288,37.42790222167891,16577626.587830272
3,modulated-quadratic,prepared,ruled,4,0,20.354199999999764,524288,38.82255554199174,16577626.587830272
3,modulated-quadratic,prepared,triangles,4,1,23.944300000000112,524288,45.67012786865256,16577626.587830272
3,modulated-quadratic,prepared,triangles,5,0,24.211199999999735,524288,46.179199218749496,16577626.587830272
3,modulated-quadratic,prepared,ruled,5,1,22.386900000000423,524288,42.699623107910966,16577626.587830272
3,modulated-quadratic,prepared,ruled,6,0,19.113500000000386,524288,36.45610809326246,16577626.587830272
3,modulated-quadratic,prepared,triangles,6,1,24.59429999999975,524288,46.909904479979986,16577626.587830272
3,modulated-quadratic,prepared,triangles,7,0,24.449399999999514,524288,46.633529663085014,16577626.587830272
3,modulated-quadratic,prepared,ruled,7,1,19.665800000000672,524288,37.50953674316534,16577626.587830272
3,modulated-quadratic,prepared,ruled,8,0,20.004699999999502,524288,38.15593719482327,16577626.587830272
3,modulated-quadratic,prepared,triangles,8,1,24.535100000000966,524288,46.79698944091981,16577626.587830272
3,modulated-quadratic,prepared,triangles,9,0,23.72650000000067,524288,45.25470733642706,16577626.587830272
3,modulated-quadratic,prepared,ruled,9,1,20.22900000000118,524288,38.58375549316631,16577626.587830272
3,modulated-quadratic,prepared,ruled,10,0,19.43080000000009,524288,37.061309814453296,16577626.587830272
3,modulated-quadratic,prepared,triangles,10,1,23.70930000000044,524288,45.221900939942245,16577626.587830272
3,modulated-quadratic,prepared,triangles,11,0,25.00959999999941,524288,47.70202636718637,16577626.587830272
3,modulated-quadratic,prepared,ruled,11,1,22.341699999999037,524288,42.61341094970519,16577626.587830272
3,modulated-quadratic,prepared,ruled,12,0,22.330200000000332,524288,42.59147644043032,16577626.587830272
3,modulated-quadratic,prepared,triangles,12,1,24.14350000000013,524288,46.05007171630884,16577626.587830272
3,modulated-quadratic,prepared,triangles,13,0,24.20550000000003,524288,46.168327331543026,16577626.587830272
3,modulated-quadratic,prepared,ruled,13,1,20.429900000001,524288,38.966941833498,16577626.587830272
3,modulated-quadratic,prepared,ruled,14,0,20.361800000000585,524288,38.83705139160268,16577626.587830272
3,modulated-quadratic,prepared,triangles,14,1,23.67530000000079,524288,45.15705108642729,16577626.587830272
3,modulated-quadratic,prepared,triangles,15,0,24.369699999999284,524288,46.48151397704942,16577626.587830272
3,modulated-quadratic,prepared,ruled,15,1,21.351599999999962,524288,40.724945068359304,16577626.587830272
3,modulated-quadratic,prepared,ruled,16,0,19.3778999999995,524288,36.96041107177639,16577626.587830272
3,modulated-quadratic,prepared,triangles,16,1,24.840100000001257,524288,47.37873077392818,16577626.587830272
3,modulated-quadratic,legacy,ruled,0,0,21.731799999999566,73728,294.7564019097164,2331228.7389139617
3,modulated-quadratic,legacy,triangles,0,1,1408.3428000000004,73728,19101.87174479167,2331228.7389139617
3,modulated-quadratic,legacy,triangles,1,0,1396.4022999999997,73728,18939.9183485243,2331228.7389139617
3,modulated-quadratic,legacy,ruled,1,1,23.576999999999316,73728,319.78352864582405,2331228.7389139617
3,modulated-quadratic,legacy,ruled,2,0,22.68039999999928,73728,307.62261284721245,2331228.7389139617
3,modulated-quadratic,legacy,triangles,2,1,1395.5591999999997,73728,18928.483072916664,2331228.7389139617
3,modulated-quadratic,legacy,triangles,3,0,1395.7412000000004,73728,18930.951605902785,2331228.7389139617
3,modulated-quadratic,legacy,ruled,3,1,22.234200000000783,73728,301.57063802084394,2331228.7389139617
3,modulated-quadratic,legacy,ruled,4,0,22.029099999999744,73728,298.7887912326354,2331228.7389139617
3,modulated-quadratic,legacy,triangles,4,1,1375.8009000000002,73728,18660.493977864586,2331228.7389139617
3,piecewise-8,prepared,ruled,0,0,32.42119999999704,512000,63.322656249994225,15372636.862074979
3,piecewise-8,prepared,triangles,0,1,47.09570000000167,512000,91.98378906250326,15372636.86207498
3,piecewise-8,prepared,triangles,1,0,45.53240000000005,512000,88.9304687500001,15372636.86207498
3,piecewise-8,prepared,ruled,1,1,31.564699999998993,512000,61.64980468749803,15372636.862074979
3,piecewise-8,prepared,ruled,2,0,34.19290000000183,512000,66.78300781250357,15372636.862074979
3,piecewise-8,prepared,triangles,2,1,44.1221000000005,512000,86.17597656250098,15372636.86207498
3,piecewise-8,prepared,triangles,3,0,45.18609999999899,512000,88.25410156249802,15372636.86207498
3,piecewise-8,prepared,ruled,3,1,32.32150000000183,512000,63.12792968750358,15372636.862074979
3,piecewise-8,prepared,ruled,4,0,32.505199999999604,512000,63.48671874999923,15372636.862074979
3,piecewise-8,prepared,triangles,4,1,48.175200000001496,512000,94.09218750000292,15372636.86207498
3,piecewise-8,prepared,triangles,5,0,45.31810000000041,512000,88.51191406250081,15372636.86207498
3,piecewise-8,prepared,ruled,5,1,36.90790000000197,512000,72.08574218750385,15372636.862074979
3,piecewise-8,prepared,ruled,6,0,34.381900000000314,512000,67.15214843750061,15372636.862074979
3,piecewise-8,prepared,triangles,6,1,44.85829999999987,512000,87.61386718749975,15372636.86207498
3,piecewise-8,prepared,triangles,7,0,48.22599999999875,512000,94.19140624999756,15372636.86207498
3,piecewise-8,prepared,ruled,7,1,32.16449999999895,512000,62.821289062497954,15372636.862074979
3,piecewise-8,prepared,ruled,8,0,32.49919999999838,512000,63.47499999999684,15372636.862074979
3,piecewise-8,prepared,triangles,8,1,44.91860000000088,512000,87.73164062500172,15372636.86207498
3,piecewise-8,prepared,triangles,9,0,44.7019999999975,512000,87.30859374999511,15372636.86207498
3,piecewise-8,prepared,ruled,9,1,32.13699999999881,512000,62.76757812499767,15372636.862074979
3,piecewise-8,prepared,ruled,10,0,32.00960000000123,512000,62.5187500000024,15372636.862074979
3,piecewise-8,prepared,triangles,10,1,44.246500000001106,512000,86.41894531250216,15372636.86207498
3,piecewise-8,prepared,triangles,11,0,45.61160000000018,512000,89.08515625000035,15372636.86207498
3,piecewise-8,prepared,ruled,11,1,31.783699999999953,512000,62.077539062499916,15372636.862074979
3,piecewise-8,prepared,ruled,12,0,30.89639999999781,512000,60.34453124999572,15372636.862074979
3,piecewise-8,prepared,triangles,12,1,44.39709999999832,512000,86.71308593749671,15372636.86207498
3,piecewise-8,prepared,triangles,13,0,46.92499999999927,512000,91.65039062499858,15372636.86207498
3,piecewise-8,prepared,ruled,13,1,33.181399999997666,512000,64.80742187499544,15372636.862074979
3,piecewise-8,prepared,ruled,14,0,32.31460000000152,512000,63.11445312500297,15372636.862074979
3,piecewise-8,prepared,triangles,14,1,44.77679999999964,512000,87.4546874999993,15372636.86207498
3,piecewise-8,prepared,triangles,15,0,44.19830000000002,512000,86.32480468750003,15372636.86207498
3,piecewise-8,prepared,ruled,15,1,33.33950000000186,512000,65.11621093750364,15372636.862074979
3,piecewise-8,prepared,ruled,16,0,32.64229999999952,512000,63.75449218749907,15372636.862074979
3,piecewise-8,prepared,triangles,16,1,46.28949999999895,512000,90.40917968749795,15372636.86207498
3,piecewise-8,legacy,ruled,0,0,30.412599999999657,81920,371.2475585937458,2459621.8979319734
3,piecewise-8,legacy,triangles,0,1,1562.4773999999998,81920,19073.210449218746,2459621.897931974
3,piecewise-8,legacy,triangles,1,0,1547.5143000000025,81920,18890.555419921908,2459621.897931974
3,piecewise-8,legacy,ruled,1,1,31.149900000000343,81920,380.2478027343792,2459621.8979319734
3,piecewise-8,legacy,ruled,2,0,30.273700000001554,81920,369.552001953144,2459621.8979319734
3,piecewise-8,legacy,triangles,2,1,1582.0190999999977,81920,19311.756591796846,2459621.897931974
3,piecewise-8,legacy,triangles,3,0,1549.1325000000033,81920,18910.308837890665,2459621.897931974
3,piecewise-8,legacy,ruled,3,1,29.821100000001024,81920,364.0270996093875,2459621.8979319734
3,piecewise-8,legacy,ruled,4,0,30.719300000000658,81920,374.9914550781331,2459621.8979319734
3,piecewise-8,legacy,triangles,4,1,1552.4330999999984,81920,18950.599365234353,2459621.897931974
3,piecewise-32,prepared,ruled,0,0,29.71020000000135,352256,84.34263717296895,10554853.767400043
3,piecewise-32,prepared,triangles,0,1,35.201600000000326,352256,99.93186773255907,10554853.767400093
3,piecewise-32,prepared,triangles,1,0,36.407499999997526,352256,103.35523028705693,10554853.767400093
3,piecewise-32,prepared,ruled,1,1,28.86750000000029,352256,81.95034293241362,10554853.767400043
3,piecewise-32,prepared,ruled,2,0,29.75250000000233,352256,84.462720294338,10554853.767400043
3,piecewise-32,prepared,triangles,2,1,35.75580000000264,352256,101.50515534157725,10554853.767400093
3,piecewise-32,prepared,triangles,3,0,35.599300000001676,352256,101.06087618096406,10554853.767400093
3,piecewise-32,prepared,ruled,3,1,33.85229999999865,352256,96.10141488008338,10554853.767400043
3,piecewise-32,prepared,ruled,4,0,30.025799999999435,352256,85.23857648982397,10554853.767400043
3,piecewise-32,prepared,triangles,4,1,35.765199999998,352256,101.5318404796455,10554853.767400093
3,piecewise-32,prepared,triangles,5,0,40.1984999999986,352256,114.11728969839719,10554853.767400093
3,piecewise-32,prepared,ruled,5,1,29.733600000003207,352256,84.40906613373004,10554853.767400043
3,piecewise-32,prepared,ruled,6,0,29.192299999998795,352256,82.87239961845589,10554853.767400043
3,piecewise-32,prepared,triangles,6,1,35.1265999999996,352256,99.71895439680118,10554853.767400093
3,piecewise-32,prepared,triangles,7,0,36.69930000000022,352256,104.18360510537855,10554853.767400093
3,piecewise-32,prepared,ruled,7,1,30.131099999998696,352256,85.53750681322305,10554853.767400043
3,piecewise-32,prepared,ruled,8,0,30.501900000002934,352256,86.59015034521182,10554853.767400043
3,piecewise-32,prepared,triangles,8,1,36.99510000000009,352256,105.02333530159909,10554853.767400093
3,piecewise-32,prepared,triangles,9,0,35.31499999999869,352256,100.2537926962172,10554853.767400093
3,piecewise-32,prepared,ruled,9,1,29.28809999999794,352256,83.14436091932555,10554853.767400043
3,piecewise-32,prepared,ruled,10,0,31.032400000000052,352256,88.09615734011642,10554853.767400043
3,piecewise-32,prepared,triangles,10,1,37.19830000000002,352256,105.6001884992733,10554853.767400093
3,piecewise-32,prepared,triangles,11,0,36.300900000002,352256,103.05260946584872,10554853.767400093
3,piecewise-32,prepared,ruled,11,1,30.166000000001077,352256,85.63658248546817,10554853.767400043
3,piecewise-32,prepared,ruled,12,0,30.720100000002276,352256,87.20958621003552,10554853.767400043
3,piecewise-32,prepared,triangles,12,1,49.59600000000137,352256,140.79533066860856,10554853.767400093
3,piecewise-32,prepared,triangles,13,0,35.24319999999716,352256,100.04996366278264,10554853.767400093
3,piecewise-32,prepared,ruled,13,1,29.150000000001455,352256,82.75231649709715,10554853.767400043
3,piecewise-32,prepared,ruled,14,0,30.213800000001356,352256,85.77227925145733,10554853.767400043
3,piecewise-32,prepared,triangles,14,1,35.693200000001525,352256,101.32744367732992,10554853.767400093
3,piecewise-32,prepared,triangles,15,0,36.39419999999882,352256,103.31747365551989,10554853.767400093
3,piecewise-32,prepared,ruled,15,1,30.064699999998993,352256,85.34900753996807,10554853.767400043
3,piecewise-32,prepared,ruled,16,0,30.315299999998388,352256,86.06042196583844,10554853.767400043
3,piecewise-32,prepared,triangles,16,1,35.964099999997416,352256,102.09648664606824,10554853.767400093
3,piecewise-32,legacy,ruled,0,0,31.267700000000332,40960,763.3715820312581,1227308.577604482
3,piecewise-32,legacy,triangles,0,1,778.5532999999996,40960,19007.64892578124,1227308.577604482
3,piecewise-32,legacy,triangles,1,0,778.7985999999983,40960,19013.637695312456,1227308.577604482
3,piecewise-32,legacy,ruled,1,1,32.417600000000675,40960,791.4453125000165,1227308.577604482
3,piecewise-32,legacy,ruled,2,0,31.82849999999962,40960,777.0629882812407,1227308.577604482
3,piecewise-32,legacy,triangles,2,1,787.0401999999995,40960,19214.848632812485,1227308.577604482
3,piecewise-32,legacy,triangles,3,0,781.5442000000003,40960,19080.668945312507,1227308.577604482
3,piecewise-32,legacy,ruled,3,1,31.71429999999964,40960,774.2749023437411,1227308.577604482
3,piecewise-32,legacy,ruled,4,0,37.61200000000099,40960,918.2617187500242,1227308.577604482
3,piecewise-32,legacy,triangles,4,1,771.6109000000033,40960,18838.15673828133,1227308.577604482
3,piecewise-128,prepared,ruled,0,0,28.416800000002695,290816,97.71401848592475,8429621.514321852
3,piecewise-128,prepared,triangles,0,1,34.22320000000036,290816,117.67990757042377,8429621.514321849
3,piecewise-128,prepared,triangles,1,0,34.17990000000282,290816,117.53101617518574,8429621.514321849
3,piecewise-128,prepared,ruled,1,1,28.241399999998976,290816,97.1108879841514,8429621.514321852
3,piecewise-128,prepared,ruled,2,0,29.38279999999577,290816,101.03570642604178,8429621.514321852
3,piecewise-128,prepared,triangles,2,1,35.96480000000156,290816,123.66857394366733,8429621.514321849
3,piecewise-128,prepared,triangles,3,0,34.81319999999687,290816,119.70868177815825,8429621.514321849
3,piecewise-128,prepared,ruled,3,1,29.252999999996973,290816,100.58937610034171,8429621.514321852
3,piecewise-128,prepared,ruled,4,0,28.923399999999674,290816,99.45601342429465,8429621.514321852
3,piecewise-128,prepared,triangles,4,1,34.841599999999744,290816,119.80633802816814,8429621.514321849
3,piecewise-128,prepared,triangles,5,0,35.18909999999596,290816,121.00125165051428,8429621.514321849
3,piecewise-128,prepared,ruled,5,1,29.233200000002398,290816,100.52129181338853,8429621.514321852
3,piecewise-128,prepared,ruled,6,0,28.136599999997998,290816,96.75052266724663,8429621.514321852
3,piecewise-128,prepared,triangles,6,1,34.069400000000314,290816,117.15105083626868,8429621.514321849
3,piecewise-128,prepared,triangles,7,0,33.82679999999527,290816,116.31684639082883,8429621.514321849
3,piecewise-128,prepared,ruled,7,1,28.347499999996217,290816,97.47572348150106,8429621.514321852
3,piecewise-128,prepared,ruled,8,0,28.383700000005774,290816,97.60020081428041,8429621.514321852
3,piecewise-128,prepared,triangles,8,1,33.41969999999856,290816,114.91699218749503,8429621.514321849
3,piecewise-128,prepared,triangles,9,0,34.677199999998265,290816,119.24103213027573,8429621.514321849
3,piecewise-128,prepared,ruled,9,1,28.122199999997974,290816,96.70100682217613,8429621.514321852
3,piecewise-128,prepared,ruled,10,0,24.192199999997683,290816,83.18730743837232,8429621.514321852
3,piecewise-128,prepared,triangles,10,1,29.445299999999406,290816,101.25061894806134,8429621.514321849
3,piecewise-128,prepared,triangles,11,0,34.656300000002375,290816,119.16916538293071,8429621.514321849
3,piecewise-128,prepared,ruled,11,1,31.274599999997008,290816,107.54085057217281,8429621.514321852
3,piecewise-128,prepared,ruled,12,0,28.91739999999845,290816,99.43538182217777,8429621.514321852
3,piecewise-128,prepared,triangles,12,1,37.929500000005646,290816,130.42439205547717,8429621.514321849
3,piecewise-128,prepared,triangles,13,0,34.62390000000596,290816,119.05775473153459,8429621.514321849
3,piecewise-128,prepared,ruled,13,1,28.52060000000347,290816,98.07094520247672,8429621.514321852
3,piecewise-128,prepared,ruled,14,0,28.810599999997066,290816,99.06813930456737,8429621.514321852
3,piecewise-128,prepared,triangles,14,1,34.76720000000205,290816,119.55050616197887,8429621.514321849
3,piecewise-128,prepared,triangles,15,0,34.68649999999616,290816,119.27301111354312,8429621.514321849
3,piecewise-128,prepared,ruled,15,1,29.96940000000177,290816,103.05278939261171,8429621.514321852
3,piecewise-128,prepared,ruled,16,0,33.55479999999807,290816,115.38154709506378,8429621.514321852
3,piecewise-128,prepared,triangles,16,1,34.01279999999679,290816,116.95642605632699,8429621.514321849
3,piecewise-128,legacy,ruled,0,0,30.61069999999745,12288,2491.105143228959,356181.1907459825
3,piecewise-128,legacy,triangles,0,1,247.14680000000226,12288,20112.85807291685,356181.19074598333
3,piecewise-128,legacy,triangles,1,0,237.28710000000137,12288,19310.473632812613,356181.19074598333
3,piecewise-128,legacy,ruled,1,1,29.144000000000233,12288,2371.7447916666856,356181.1907459825
3,piecewise-128,legacy,ruled,2,0,31.290600000000268,12288,2546.435546875022,356181.1907459825
3,piecewise-128,legacy,triangles,2,1,231.8165999999983,12288,18865.28320312486,356181.19074598333
3,piecewise-128,legacy,triangles,3,0,235.03519999999844,12288,19127.21354166654,356181.19074598333
3,piecewise-128,legacy,ruled,3,1,29.10609999999724,12288,2368.660481770609,356181.1907459825
3,piecewise-128,legacy,ruled,4,0,28.687999999994645,12288,2334.635416666231,356181.1907459825
3,piecewise-128,legacy,triangles,4,1,234.94399999999587,12288,19119.79166666633,356181.19074598333
