id,native_p1_bytes,multipatch_five_file_bytes,saving_percent,source_p1_e2_m2,source_p1_rms_m,triangles,vertex_entries,measure_array_present,all_faces_upward,face_sha256
manchester-centre,135528,201038,32.58587928650305,0.09667920087969929,0.0015106125137453014,8192,8320,False,True,c7ef3d3b8f79f7db5548f83fee6103bdaaa8a523b3e6eefb20437bda2f3f293f
manchester-north-quarter,135528,201038,32.58587928650305,0.40448881335678405,0.006320137708699751,8192,8320,False,True,844e3bbd3b13fa84b249a6be1470934ce3658e73561dfa7621ec13275807b995
york-centre,135528,201038,32.58587928650305,0.21542632855564683,0.003366036383681982,8192,8320,False,True,764a2035dfc70cfd6a0495ef7864fe8b0f9aae3a948de318d65471ac36f7b7f1
york-north-quarter,135528,201038,32.58587928650305,0.20063877860073878,0.0031349809156365435,8192,8320,False,True,bcdba8efa6be1f091ac74797cc9a5f3830acc8484cf0c99e37597400789bbdc6
bath-centre,135528,201038,32.58587928650305,0.1893815399864518,0.0029590865622883093,8192,8320,False,True,1a4d942c86a30f850fec4f984dfbfb2ec1b3eaa4508e6fbe5ac69f4fdd3ecca3
bath-north-quarter,135528,201038,32.58587928650305,0.596762755951493,0.009324418061742078,8192,8320,False,True,0e4ab8eb0bb996b3db9aa64bea56c600487834ea6f7b2d68cfada4d185756130
oxford-centre,135528,201038,32.58587928650305,0.4515331934644964,0.007055206147882756,8192,8320,False,True,1a5458432781573eae87120f826df23b0e97c1e926bd5c2a9293df707143eb83
oxford-north-quarter,135528,201038,32.58587928650305,0.18908124764265255,0.002954394494416446,8192,8320,False,True,537d3b688ee395ffcc854e417eff90c1bd4e40b2d287219dc8c8e5595e4b8d66
cambridge-centre,135528,201038,32.58587928650305,0.29300451147959444,0.004578195491868663,8192,8320,False,True,f790ba66fba4b84376c1696eecbe58cac4eded5eaab017ac67a96fc89c3a9e04
cambridge-north-quarter,135528,201038,32.58587928650305,0.25147300219858937,0.003929265659352959,8192,8320,False,True,adec41ba1f1ee26756a9939f61d8de7fc21728b54525e678e41c5dbb8ae81068
liverpool-centre,135528,201038,32.58587928650305,0.6783696698736842,0.010599526091776315,8192,8320,False,True,2630a2b15003951e62dbf587806a335f61682f4e2c7b3f189a90f788f288bcd2
liverpool-north-quarter,135528,201038,32.58587928650305,0.8765416303019778,0.013695962973468404,8192,8320,False,True,36177c6b45678c459d9a3e03e0258081bedc8eb71b40f27509d030a9b64927a0
sheffield-centre,135528,201038,32.58587928650305,0.23015543196259053,0.003596178624415477,8192,8320,False,True,8609b2b5599fd9614f7b60f17dc417a04a317651b05b720770eea750037bdc19
sheffield-north-quarter,135528,201038,32.58587928650305,0.2951130213365808,0.004611140958384075,8192,8320,False,True,3427a7243a97ff962a5236d2845d2b67a1834f88eaf7a70b246c1605d0593279
leeds-centre,135528,201038,32.58587928650305,0.06799984519971945,0.0010624975812456164,8192,8320,False,True,4cfb06c2f630f49fb1be8b3f7277bdafe8f258016b255f76fa3983a79002aa65
leeds-north-quarter,135528,201038,32.58587928650305,0.351059568812488,0.005485305762695125,8192,8320,False,True,d42b4098ba647c6ce5b31b588bf9477f0f142eda753180bac145c5333189bad8
nottingham-centre,135528,201038,32.58587928650305,0.11407576765166069,0.0017824338695571983,8192,8320,False,True,b4c0c440c8a45f355471c8a3098f5d8578aed2910c2f7c7feb02db5f93821146
nottingham-north-quarter,135528,201038,32.58587928650305,0.3374589001489522,0.005272795314827378,8192,8320,False,True,99c5739a23a46a47a2ddab9f5c80f67fcb36b2842c36e19114d84a27df5d23eb
newcastle-centre,135528,201038,32.58587928650305,0.10097906725997825,0.0015777979259371602,8192,8320,False,True,b2dd5245689b93de0c9615c2a71037c39644c97475f79032e5d54b8929a51565
newcastle-north-quarter,135528,201038,32.58587928650305,0.7198302215591809,0.011247347211862201,8192,8320,False,True,0f8746114ca6d85058823954a325571e7cf62c975d3f80ac965dcb2ab853fd6d
