method,stride_m,bytes,rmse_m,mae_m,p95_absolute_m,max_absolute_m,psnr_peak_1_db,ssim,status
GUGIS,2,17897434,0.04422566742968691,0.02565147636658402,0.0936111671894309,1.652312361082295,67.679735043958,0.9999562416841972,local-native-readback
MultiPatch,2,41987726,0.04438189923075313,0.025775669782365517,0.09397836188504698,1.652312361082295,67.64910529890562,0.9999559054849138,file-format-readback-only
GUGIS,4,4328374,0.10181954304354326,0.06754889499629821,0.20997243639350205,2.797700802734198,60.436600086633725,0.9998201959403595,local-native-readback
MultiPatch,4,10479296,0.10198017215187687,0.06767847071825452,0.2103191042772434,2.7977008027344255,60.42290814407909,0.9998194683450025,file-format-readback-only
GUGIS,8,1058814,0.20361820553579432,0.1386324303561318,0.4150753348284971,4.444941953256148,54.41689084452436,0.9995917289274344,local-native-readback
MultiPatch,8,2621989,0.20385424010394118,0.13877800402428533,0.41562178133042377,4.444941953256375,54.40682797788914,0.9995904306493194,file-format-readback-only
GUGIS,16,264106,0.4348767771320694,0.303549967381366,0.8964934492770789,5.63579050107046,47.82589862906269,0.9992532416726576,local-native-readback
MultiPatch,16,663966,0.4353209178685197,0.30351737398118384,0.8973337798392776,5.63579050107046,47.81703223518985,0.9992509091769918,file-format-readback-only
GUGIS,32,66412,0.9316281524793765,0.669783942903692,1.9046030099940592,9.205266483583728,41.20837088283312,0.9988112394254958,local-native-readback
MultiPatch,32,170774,0.9326595208481707,0.6706909204581718,1.9064259636313634,9.205266483583728,41.19876039956959,0.9988077261132821,file-format-readback-only
GUGIS,64,17211,1.948941061233796,1.3976942088627253,3.7555513784582093,19.15092659370839,34.79724884670443,0.9983321838500543,local-native-readback
MultiPatch,64,43382,1.9450236854023466,1.3933573090797333,3.750672918026634,19.15092659370839,34.81472507355057,0.9983334757379728,file-format-readback-only
SPG,,1595828,0.051286961767439465,0.038296835391621986,0.10425820371892769,1.0173636692779837,66.39308351365028,0.9999406926913942,local-pretrained-cpu-replay
