angle_degrees,budget_N,p1_binary_bytes,principal_binary_bytes,p1_e2_m2,principal_e2_m2,world_e2_m2,principal_e2_reduction_percent,principal_binary_saving_percent,p2_control_binary_bytes,p2_control_e2_m2
0,8,336,336,149.88131878997532,1.8257418583506282,1.8257418583506282,98.78187497075002,0.0,336,3.6288313237189915e-13
0,16,524,336,66.11411641161733,1.8257418583506282,1.8257418583506282,97.23849919284436,35.87786259541985,336,3.6288313237189915e-13
0,32,888,552,28.935144155063497,0.4564354645875813,0.4564354645875813,98.42255679756927,37.83783783783784,336,3.6288313237189915e-13
0,64,1904,1848,10.614790655176005,0.028527216536706777,0.028527216536706777,99.73125031417557,2.941176470588236,336,3.6288313237189915e-13
0,128,3244,1848,5.210849001830554,0.028527216536706777,0.028527216536706777,99.45254186934442,43.03329223181258,336,3.6288313237189915e-13
0,256,6360,3576,2.151727857894162,0.007131804134166056,0.007131804134166056,99.66855454754646,43.77358490566038,336,3.6288313237189915e-13
0,512,11320,7032,0.9419488956540361,0.0017829510335128232,0.0017829510335128232,99.81071679772236,37.879858657243815,336,3.6288313237189915e-13
0,1024,22944,13944,0.4609478376418266,0.00044573775835254177,0.00044573775835254177,99.90329973980724,39.22594142259415,336,3.6288313237189915e-13
0,2048,47184,27768,0.1992211144334025,0.00011143443957344888,0.00011143443957344888,99.94406494517895,41.14954221770092,336,3.6288313237189915e-13
15,8,336,336,144.0861636679919,2.9149260171723657,13.93359175753561,97.97695632740349,0.0,336,4.001290564466812e-13
15,16,592,552,53.79621676809124,0.6874169605741601,3.483397939384033,98.7221834510454,6.756756756756754,336,4.001290564466812e-13
15,32,976,552,19.52066054460675,0.6874169605741601,3.483397939384033,96.47851588319288,43.442622950819676,336,4.001290564466812e-13
15,64,2048,1848,8.541291368029368,0.04283187061028713,0.21771237121153145,99.49853167671333,9.765625,336,4.001290564466812e-13
15,128,3792,3576,3.476649062390278,0.010699107158258779,0.05442809280292386,99.69225806325983,5.696202531645566,336,4.001290564466812e-13
15,256,6896,3576,1.619797740422122,0.010699107158258779,0.05442809280292386,99.33947881940676,48.14385150812065,336,4.001290564466812e-13
15,512,13016,7032,0.7284814692100784,0.0026746091307827714,0.013607023200760453,99.63285145280594,45.97418561770129,336,4.001290564466812e-13
15,1024,24992,13944,0.3556312473820574,0.000668606935038597,0.0034017558002221995,99.81199432278224,44.20614596670934,336,4.001290564466812e-13
15,2048,48016,27768,0.16598192833638012,0.000167151731367363,0.0008504389500774781,99.89929522265302,42.16927690769744,336,4.001290564466812e-13
30,8,336,336,163.04237593164615,3.5038134947949837,47.01285285252692,97.85097986043584,0.0,336,3.015692693250766e-13
30,16,632,552,56.3191781086244,0.862278998154474,11.753213213131646,98.46894250393467,12.658227848101266,336,3.015692693250766e-13
30,32,976,552,21.85654604709008,0.862278998154474,11.753213213131646,96.05482496503936,43.442622950819676,336,3.015692693250766e-13
30,64,1872,1848,8.024087584025294,0.05324095225161823,0.7345758258206835,99.3364859032993,1.2820512820512775,336,3.015692693250766e-13
30,128,3832,3576,3.647226396046818,0.013309781549013756,0.1836439564551547,99.63507114437864,6.680584551148227,336,3.015692693250766e-13
30,256,7024,3576,1.5609527964558625,0.013309781549013756,0.1836439564551547,99.14732965793497,49.08883826879271,336,3.015692693250766e-13
30,512,13392,7032,0.7486041299852796,0.003327187660704459,0.04591098911375846,99.55554778187373,47.491039426523294,336,3.015692693250766e-13
30,1024,26072,13944,0.34185780136405464,0.0008317601784876088,0.011477747278431542,99.75669410638903,46.51733660632096,336,3.015692693250766e-13
30,2048,48712,27768,0.1684287733392559,0.00020793991852905054,0.0028694368195989325,99.87654133292878,42.99556577434719,336,3.015692693250766e-13
45,8,376,336,205.08467086114024,3.651483716701344,92.19996384670274,98.21952381844584,10.63829787234043,336,2.777899097635477e-13
45,16,632,552,74.94065939498768,0.9128709291753421,23.049990961675704,98.78187497075,12.658227848101266,336,2.777899097635477e-13
45,32,1064,984,33.057058205808666,0.228217732293923,5.762497740418899,99.3096247982108,7.518796992481203,336,2.777899097635477e-13
45,64,1852,1848,14.467572077531756,0.0570544330735474,1.4406244351047206,99.60563919939163,0.2159827213822907,336,2.777899097635477e-13
45,128,3408,1848,5.3073953275880035,0.0570544330735474,1.4406244351047206,98.92500125669976,45.77464788732394,336,2.777899097635477e-13
45,256,6496,3576,2.6054245009152774,0.014263608268444335,0.3601561087761444,99.45254186934093,44.950738916256164,336,2.777899097635477e-13
45,512,12752,7032,1.0758639289470813,0.0035659020671444715,0.09003902719401272,99.66855454754075,44.85570890840652,336,2.777899097635477e-13
45,1024,23544,13944,0.47097444782701814,0.0008914755168129442,0.0225097567984929,99.81071679771036,40.77471967380224,336,2.777899097635477e-13
45,2048,46344,27768,0.2304739188209134,0.0002228688792639027,0.0056274391996155165,99.90329973976921,40.082858622475406,336,2.777899097635477e-13
60,8,376,336,163.04237593164615,3.503813494794897,47.01285285252686,97.8509798604359,10.63829787234043,336,5.031024831164464e-13
60,16,632,552,56.31917810862442,0.862278998154497,11.753213213131657,98.46894250393464,12.658227848101266,336,5.031024831164464e-13
60,32,1016,984,21.856546047090088,0.21296612097347611,2.9383033032829347,99.02561859264203,3.149606299212604,336,5.031024831164464e-13
60,64,1872,1848,8.024087584025295,0.05324095225175025,0.7345758258207324,99.33648590329766,1.2820512820512775,336,5.031024831164464e-13
60,128,3752,3576,3.647226396046819,0.01330978154897004,0.18364395645518267,99.63507114437984,4.690831556503195,336,5.031024831164464e-13
60,256,6984,3576,1.5609527964558632,0.01330978154897004,0.18364395645518267,99.14732965793777,48.79725085910653,336,5.031024831164464e-13
60,512,13272,7032,0.7486041299852799,0.0033271876607403688,0.045910989113810974,99.55554778186894,47.01627486437613,336,5.031024831164464e-13
60,1024,25648,13944,0.3418578013640548,0.0008317601784886878,0.011477747278451196,99.75669410638872,45.633187772925766,336,5.031024831164464e-13
60,2048,47752,27768,0.168428773339256,0.00020793991854063128,0.0028694368196209054,99.8765413329219,41.84955603953762,336,5.031024831164464e-13
75,8,376,336,144.0861636679919,2.914926017172251,13.93359175753559,97.97695632740357,10.63829787234043,336,5.440172642837909e-13
75,16,592,552,53.79621676809123,0.6874169605741008,3.4833979393840306,98.72218345104551,6.756756756756754,336,5.440172642837909e-13
75,32,1016,984,19.52066054460675,0.1716853518037031,0.870849484846035,99.12049414818016,3.149606299212604,336,5.440172642837909e-13
75,64,2088,1848,8.541291368029368,0.042831870610206595,0.2177123712115102,99.49853167671426,11.494252873563216,336,5.440172642837909e-13
75,128,3672,3576,3.476649062390278,0.010699107158271836,0.054428092802898724,99.69225806325946,2.614379084967322,336,5.440172642837909e-13
75,256,6856,3576,1.6197977404221222,0.010699107158271836,0.054428092802898724,99.33947881940595,47.84130688448075,336,5.440172642837909e-13
75,512,13176,7032,0.7284814692100785,0.0026746091307976744,0.013607023200741737,99.63285145280389,46.63023679417122,336,5.440172642837909e-13
75,1024,24792,13944,0.3556312473820574,0.0006686069350329732,0.0034017558002141335,99.81199432278383,43.75605033881897,336,5.440172642837909e-13
75,2048,48848,27768,0.16598192833638012,0.0001671517313678696,0.0008504389500892937,99.89929522265271,43.154274484113984,336,5.440172642837909e-13
90,8,336,336,149.88131878997535,1.8257418583506269,1.8257418583506269,98.78187497075002,0.0,336,4.1274198627578496e-13
90,16,524,336,66.11411641161733,1.8257418583506269,1.8257418583506269,97.23849919284436,35.87786259541985,336,4.1274198627578496e-13
90,32,1016,984,28.935144155063497,0.11410886614686706,0.11410886614687607,99.60563919939241,3.149606299212604,336,4.1274198627578496e-13
90,64,1816,984,10.614790655176005,0.11410886614686706,0.11410886614687607,98.92500125670189,45.81497797356828,336,4.1274198627578496e-13
90,128,3312,1848,5.210849001830555,0.028527216536706788,0.02852721653670754,99.45254186934442,44.20289855072463,336,4.1274198627578496e-13
90,256,6480,3576,2.151727857894162,0.00713180413416119,0.0071318041341577165,99.66855454754669,44.81481481481482,336,4.1274198627578496e-13
90,512,11352,7032,0.9419488956540361,0.0017829510335183203,0.0017829510335167693,99.81071679772178,38.05496828752643,336,4.1274198627578496e-13
90,1024,23084,13944,0.4609478376418267,0.00044573775835838545,0.0004457377583585252,99.90329973980597,39.59452434586726,336,4.1274198627578496e-13
90,2048,45856,27768,0.1992211144334025,0.00011143443957154426,0.0001114344395713797,99.9440649451799,39.445219818562464,336,4.1274198627578496e-13
