site,city,ruled_binary_bytes,p2_binary_bytes,source_p1_binary_bytes,regular_grid_bytes,lossless_geotiff_bytes,ruled_vs_p2_file_saving_percent,ruled_e2_m2,p2_e2_m2,source_p1_e2_m2,source_p1_rms_m,origin_easting_bng,origin_northing_bng
manchester-centre,manchester,135528,694376,135528,16980,8370,80.48204431028722,3.085590607059065e-14,2.6268273526977866e-13,0.09667920087969929,0.0015106125137453014,383805.5,398336.5
manchester-north-quarter,manchester,135528,694376,135528,16980,13250,80.48204431028722,5.578711640199474e-14,1.5122418473005418e-13,0.40448881335678405,0.006320137708699751,383805.5,398923.5
york-centre,york,135528,694376,135528,16980,10348,80.48204431028722,2.892793798498527e-14,8.211378973965578e-14,0.21542632855564683,0.003366036383681982,460266.5,451879.5
york-north-quarter,york,135528,694376,135528,16980,9120,80.48204431028722,2.1398135219019216e-14,7.629202414996455e-14,0.20063877860073878,0.0031349809156365435,460266.5,452582.5
bath-centre,bath,135528,694376,135528,16980,11912,80.48204431028722,6.328720892366851e-14,2.370599952797019e-13,0.1893815399864518,0.0029590865622883093,374904.5,165056.5
bath-north-quarter,bath,135528,694376,135528,16980,12512,80.48204431028722,1.5199513819909316e-13,5.601289653549036e-13,0.596762755951493,0.009324418061742078,374904.5,165671.5
oxford-centre,oxford,135528,694376,135528,16980,10030,80.48204431028722,7.714733990426699e-14,3.74355361832257e-13,0.4515331934644964,0.007055206147882756,451591.5,206464.5
oxford-north-quarter,oxford,135528,694376,135528,16980,9618,80.48204431028722,4.9595239494594214e-14,3.18110336857776e-13,0.18908124764265255,0.002954394494416446,451591.5,207222.5
cambridge-centre,cambridge,135528,694376,135528,16980,9634,80.48204431028722,2.880394788522985e-14,7.455832042045341e-14,0.29300451147959444,0.004578195491868663,545415.5,258272.5
cambridge-north-quarter,cambridge,135528,694376,135528,16980,10020,80.48204431028722,1.9317738837021902e-14,3.82369577020413e-14,0.25147300219858937,0.003929265659352959,545415.5,259099.5
liverpool-centre,liverpool,135528,694376,135528,16980,8868,80.48204431028722,6.102315304344269e-14,1.042942605897064e-13,0.6783696698736842,0.010599526091776315,334444.5,390085.5
liverpool-north-quarter,liverpool,135528,694376,135528,16980,12802,80.48204431028722,4.760076173062502e-14,1.0585999570974842e-13,0.8765416303019778,0.013695962973468404,334444.5,390789.5
sheffield-centre,sheffield,135528,694376,135528,16980,10144,80.48204431028722,4.7599227220438327e-14,5.809842084032402e-13,0.23015543196259053,0.003596178624415477,435188.5,387145.5
sheffield-north-quarter,sheffield,135528,694376,135528,16980,11962,80.48204431028722,7.660513046110313e-14,3.1530191735242835e-13,0.2951130213365808,0.004611140958384075,435188.5,387763.5
leeds-centre,leeds,135528,694376,135528,16980,10684,80.48204431028722,3.644726064189323e-14,2.678557418925362e-13,0.06799984519971945,0.0010624975812456164,430036.5,433506.5
leeds-north-quarter,leeds,135528,694376,135528,16980,10812,80.48204431028722,5.886216958215909e-14,3.1475180131840935e-13,0.351059568812488,0.005485305762695125,430036.5,434290.5
nottingham-centre,nottingham,135528,694376,135528,16980,5574,80.48204431028722,4.7990460326032557e-14,2.6470472684324464e-13,0.11407576765166069,0.0017824338695571983,457373.5,339853.5
nottingham-north-quarter,nottingham,135528,694376,135528,16980,6326,80.48204431028722,5.514447120314223e-14,2.9670562564969035e-13,0.3374589001489522,0.005272795314827378,457373.5,340642.5
newcastle-centre,newcastle,135528,694376,135528,16980,8066,80.48204431028722,2.3486555563629026e-14,2.967684366407104e-13,0.10097906725997825,0.0015777979259371602,424902.5,564500.5
newcastle-north-quarter,newcastle,135528,694376,135528,16980,11348,80.48204431028722,8.066254914193288e-14,3.0306439545016477e-13,0.7198302215591809,0.011247347211862201,424902.5,565200.5
