case_id,target_m,family,archive_sha256,expanded_vertices,shared_vertices,expanded_buffer_bytes,shared_buffer_bytes,vertex_saving_percent,buffer_saving_percent,display_bound_m,oriented_faces_unchanged
steep-plane,0.05,hybrid,b7ad4902518b9358116f92d2d9fe7fea6fab284388457d38b1d7116a07edab8e,6,4,240,168,33.333333333333336,30.000000000000004,0,true
steep-plane,0.05,compact_hybrid,2acab89c219766f66d48f7191c79a0796d470d5593adcb7845fe16be02e3a30a,6,4,240,168,33.333333333333336,30.000000000000004,0,true
steep-plane,0.05,local_triangles,476ea0010dc3b24cd7b93ed02e8c53fa6caa62f6f8cfe319a0cebc9355c1d4ca,6,4,240,168,33.333333333333336,30.000000000000004,0,true
steep-plane,0.1,hybrid,b86f3ec2f1a6a43f00d7e0b1a8bf42f3e4cdca7c8301e307baf32336f011e3ec,6,4,240,168,33.333333333333336,30.000000000000004,0,true
steep-plane,0.1,compact_hybrid,94897411e86f6bfa91f9bdd41e53cd628f1983a146cb3b7c9d71628b8f0acca8,6,4,240,168,33.333333333333336,30.000000000000004,0,true
steep-plane,0.1,local_triangles,4be40a1caebae9ff2bb6481d1e5ecd1fe81f61969731c60958635e0e4437b14d,6,4,240,168,33.333333333333336,30.000000000000004,0,true
steep-plane,0.25,hybrid,79d6b7aba2f6447c088eba0fef063409cf143fcc434b160de75229d461988bf3,6,4,240,168,33.333333333333336,30.000000000000004,0,true
steep-plane,0.25,compact_hybrid,74d4760236b3badd97710bb6398336f8b15db335acab391b6baae43941f89797,6,4,240,168,33.333333333333336,30.000000000000004,0,true
steep-plane,0.25,local_triangles,96e9bdf2c5d421b41c9b66f1b53b0560bd357dae1185a4729e09849651ae104f,6,4,240,168,33.333333333333336,30.000000000000004,0,true
steep-plane,0.5,hybrid,40ed29b591599e3116a1a4e65ac9f82324f42a42cc789dbac538ea52ed88706d,6,4,240,168,33.333333333333336,30.000000000000004,0,true
steep-plane,0.5,compact_hybrid,615dd5aab81d5c7c6f7a9a71528d6db5db1cae388d7063dd63966998ffa5b615,6,4,240,168,33.333333333333336,30.000000000000004,0,true
steep-plane,0.5,local_triangles,ad6d4b8be7582dd80fe2ebb076b46ee402814bca18c19a9b38a104e37d547b93,6,4,240,168,33.333333333333336,30.000000000000004,0,true
bilinear-saddle,0.05,hybrid,26789f74bace6376bba93f6d78393ac75b59d93fe450dccab2330edce0026f76,1681,1681,98916,98916,0,0,0.025,true
bilinear-saddle,0.05,compact_hybrid,0160e4c2d0ac03d738fce26fe6d3142ebd2042b55b5d4e247565c5f4bea16b13,1681,1681,98916,98916,0,0,0.025,true
bilinear-saddle,0.05,local_triangles,4ec622a79b377247fa97058e55e84be7408c1f47f63e949f2e2153ec386e2047,3072,545,122880,31908,82.25911458333334,74.033203125,0,true
bilinear-saddle,0.1,hybrid,780213f05e922e20da6f0c78a466ae7c3179e068049f4ee6313a1909b23ca91b,900,900,52584,52584,0,0,0.04756242568370987,true
bilinear-saddle,0.1,compact_hybrid,3a7239245387d0e4b994b9c811ed59742bc97112e54d8a73f212ea4f629cacb0,900,900,52584,52584,0,0,0.04756242568370987,true
bilinear-saddle,0.1,local_triangles,866292dd5400338f58a0eac1fbdf5684e505b37c52396343d28b0ff26fe58dcd,3072,545,122880,31908,82.25911458333334,74.033203125,0,true
bilinear-saddle,0.25,hybrid,8b8d373f18cc1d3fab2c78d021a1278d5f8bca414a54afc10bc58345205a4702,361,361,20772,20772,0,0,0.12345679012345678,true
bilinear-saddle,0.25,compact_hybrid,416cc64ba582494323e83a6fb8ff8995a4400c2f2eff32f8bb14abe7d54ba608,361,361,20772,20772,0,0,0.12345679012345678,true
bilinear-saddle,0.25,local_triangles,32d8c1d76bdb9f62bb4706a207cde5ad4a7cfb0828c948167d5c9900c90c4df2,768,145,30720,8292,81.11979166666666,73.0078125,0,true
bilinear-saddle,0.5,hybrid,76335270f78c4cd6393426c12775a30f96ecbba1a87bf70e9081448778b3c49c,196,196,11112,11112,0,0,0.23668639053254437,true
bilinear-saddle,0.5,compact_hybrid,8c3fa4bd607c24eee4e292a9d56740e2397b2b0f96f9e8693566e729b8e9727a,196,196,11112,11112,0,0,0.23668639053254437,true
bilinear-saddle,0.5,local_triangles,72993989398abd0b06fa5a3355652bb9d0f3e7a5691444594769e0d8152f448b,768,145,30720,8292,81.11979166666666,73.0078125,0,true
linear-flow,0.05,hybrid,9fc67a563a911257d921da181112fd4382d55cbc9e813c5bb65173dd0c2fe1b8,2048,1824,111360,103296,10.9375,7.241379310344831,0.019132653061224525,true
linear-flow,0.05,compact_hybrid,7116dd402d4d0727144916b1f95e218e088941de11adebd2d25ea4ab23c11c83,2048,1824,111360,103296,10.9375,7.241379310344831,0.019132653061224525,true
linear-flow,0.05,local_triangles,34a98c2b6853748ec139b8378127d2fc13372f0f9d49c544fb54e57df867bb80,12288,2113,491520,125220,82.80436197916666,74.52392578125,0,true
linear-flow,0.1,hybrid,837b754bfea8859bd429e60dac5f3134b4315544361af50361b498884d68550e,1152,971,60672,54156,15.711805555555557,10.739715189873422,0.03750000000000007,true
linear-flow,0.1,compact_hybrid,dd57a850539f0ed32e66126b8fa1e62f5d48f79c9478dc398d59aa9a68c0b891,1152,971,60672,54156,15.711805555555557,10.739715189873422,0.03750000000000007,true
linear-flow,0.1,local_triangles,9459381a2a433d325bed11ce9d5eb90e4523b1559a6535fbc2811938248b9bb1,4608,817,184320,47844,82.26996527777779,74.04296875,0,true
linear-flow,0.25,hybrid,0387e7a3374d38ce31afefd816a8fe77d7d37c8ffed8569b171e65f37be7406f,400,325,20544,17844,18.75,13.142523364485982,0.11718750000000011,true
linear-flow,0.25,compact_hybrid,43ec14075b960f283f7f36b098bae96e3ef46966c7332c351053c4374bfc6431,400,325,20544,17844,18.75,13.142523364485982,0.11718750000000011,true
linear-flow,0.25,local_triangles,0e1462154c739eb5d1e517410fd377dad2510a9e27d5046df09a290e2b671fd0,3072,545,122880,31908,82.25911458333334,74.033203125,0,true
linear-flow,0.5,hybrid,d6488f61392f7ea85d0192dbaf09017eda9ebc92596cd6361ff263f544862d7d,256,206,12672,10872,19.53125,14.204545454545459,0.20833333333333354,true
linear-flow,0.5,compact_hybrid,ad8dddbace8bec1096b505c24fd2a537b7090e50c92ca27b742a9bd6aea16035,256,206,12672,10872,19.53125,14.204545454545459,0.20833333333333354,true
linear-flow,0.5,local_triangles,6a39d62d2d1ac7ac024a83bd889994078c74f350ad4d20b1370c7612437b8d6e,1152,217,46080,12420,81.16319444444444,73.046875,0,true
convex-bowl,0.05,hybrid,ef055b857ba70d978f01534f9c0f6ce7e9680110d87cb93618d7baa46e5f6967,6144,1089,245760,63780,82.275390625,74.0478515625,0,true
convex-bowl,0.05,compact_hybrid,92852d5cb241ec6403f1448c1e3ed267be7058b283c78ec61fa3d7537bf257bb,6144,1089,245760,63780,82.275390625,74.0478515625,0,true
convex-bowl,0.05,local_triangles,4ce19cc060754105efbf47389174af75a001ae10cc445b0dd269e93f00f59ed4,6144,1089,245760,63780,82.275390625,74.0478515625,0,true
convex-bowl,0.1,hybrid,e179709186ddc974ea0b3cb32010a5282f44e0ae8098be2bd8e75233ca2295b3,6144,1089,245760,63780,82.275390625,74.0478515625,0,true
convex-bowl,0.1,compact_hybrid,b5a57cbe38c93a794f1d28927e81b8fd5e194021ee138fcf3b0b02fb267636c3,6144,1089,245760,63780,82.275390625,74.0478515625,0,true
convex-bowl,0.1,local_triangles,438511df273d6ce64c4e036cb9b31bf47f02fcc6449d2e08413afa493f43df50,4608,817,184320,47844,82.26996527777779,74.04296875,0,true
convex-bowl,0.25,hybrid,fbd076812a85c932817f4370c715572da8d8cee9c75608df4bcf4fb4a8876490,1536,289,61440,16548,81.18489583333334,73.06640625,0,true
convex-bowl,0.25,compact_hybrid,81239e518a7a4a3b99c15284a67c1e02bd8f79b06d3bcbaaf71b3950a60894a1,1536,289,61440,16548,81.18489583333334,73.06640625,0,true
convex-bowl,0.25,local_triangles,a4b9a2869dccc96c33284e35fc2f22d358996b8ac9c512c945cc22086fd2e04d,1536,289,61440,16548,81.18489583333334,73.06640625,0,true
convex-bowl,0.5,hybrid,02b75eda787c0aac971f6137bc602e50851d13db9b584a861f051782ef17b0f0,768,153,30720,8580,80.078125,72.0703125,0,true
convex-bowl,0.5,compact_hybrid,8a46da26c3b7406b76266a9f9145e98e97b76973be2b5f2af74d2ed29290f658,768,153,30720,8580,80.078125,72.0703125,0,true
convex-bowl,0.5,local_triangles,8ed13c748834490a8fb6dbe5fa3d416f63476ef917fc12d83701166ebf0bbe4f,768,145,30720,8292,81.11979166666666,73.0078125,0,true
rotating-direction,0.05,hybrid,ee5d45308e3972b0669ff87e6b9b31cfb59d8dfb092cb982766745fa52d19ceb,13592,2997,549312,167892,77.95026486168335,69.435948968892,0.018924999999999415,true
rotating-direction,0.05,compact_hybrid,434178800c4fc37c12e72b9b2ad99320c6417d2f59a73b48639b928267ae79be,13592,2997,549312,167892,77.95026486168335,69.435948968892,0.018924999999999415,true
rotating-direction,0.05,local_triangles,99d67e8dd8deb367bcfcc9d83945d5f7074a1d7bf0f11c3b64b928d47e0988b4,21456,3673,858240,218052,82.88124533929904,74.59312080536913,0,true
rotating-direction,0.1,hybrid,3d9d8fb13b123f033e94872e37961010712fa972fba4bd1f33aeaf99ff17bcca,7656,1767,309408,97404,76.92006269592476,68.51923673596029,0.04203750000000017,true
rotating-direction,0.1,compact_hybrid,05378003baa5b03720d1df31a600d57589598f2c80c6a6ada91de0b87fbfae56,7656,1767,309408,97404,76.92006269592476,68.51923673596029,0.04203750000000017,true
rotating-direction,0.1,local_triangles,8bd7c089043cf5fee55bbebd9b963b062fc8832e87862108b98c33134cefbe72,11064,1913,442560,113124,82.70968908170644,74.43872017353578,0,true
rotating-direction,0.25,hybrid,db500229f560d68e08c6866fceaf98e3fec48557768cd41a2eac5cc4c80889cc,2520,749,102336,38580,70.27777777777777,62.300656660412756,0.0988749999999996,true
rotating-direction,0.25,compact_hybrid,dc4c7347fd388471ff07dbf08feebb43cdc2a4b9a5b2c875e74d1e090604d56b,2520,749,102336,38580,70.27777777777777,62.300656660412756,0.0988749999999996,true
rotating-direction,0.25,local_triangles,5c9184cf0b44e344d48d559709b19321f444f0c7d973fe7fc0499bde1950341d,4416,781,176640,45780,82.3143115942029,74.08288043478262,0,true
rotating-direction,0.5,hybrid,086a2781845135aad7aa1894264fd085771cce23cdb325ede3de3c6fdac807a9,1328,437,53952,21876,67.0933734939759,59.45284697508897,0.2063000000000006,true
rotating-direction,0.5,compact_hybrid,f79054d896231b91892474e0523ffba6e403397011b0af089d96aa84c309fad7,1328,437,53952,21876,67.0933734939759,59.45284697508897,0.2063000000000006,true
rotating-direction,0.5,local_triangles,af62ed5153c85a0dfa92ce63d642e8cb4f7a1ba3094827a99158e5a65bfa73dc,2448,441,97920,25668,81.98529411764706,73.78676470588235,0,true
sharp-ridge,0.05,hybrid,9669be99ee1d4719468553932585b8712cba34f843c30066cbf92391e472e206,12,6,480,264,50,44.99999999999999,0,true
sharp-ridge,0.05,compact_hybrid,34574ce21fc18c3b25593056200a1b76841f7231ed9121d66c10bc6e598bd66f,12,6,480,264,50,44.99999999999999,0,true
sharp-ridge,0.05,local_triangles,9460410c16f944ee95733e71f1adfb0dafd2ef9c7924d396f8a9d32669994a34,18,7,720,324,61.111111111111114,55.00000000000001,0,true
sharp-ridge,0.1,hybrid,9be6fe4e822472dd9efbd91e2d78f112e6b38aaa305eab243b0641f414958ab5,12,6,480,264,50,44.99999999999999,0,true
sharp-ridge,0.1,compact_hybrid,b785ea0993ad6c5327fa0af3fd21e3837bb6bf921961de882aed609912cc860d,12,6,480,264,50,44.99999999999999,0,true
sharp-ridge,0.1,local_triangles,23cb9d3f3428462b80d36f39a7b47ebd7155f6a4b1c7aa63a927018c4244c5fb,18,7,720,324,61.111111111111114,55.00000000000001,0,true
sharp-ridge,0.25,hybrid,07c2624c75508d84733aa189b857537efdeb051a81da790fe81dec61d4017895,12,6,480,264,50,44.99999999999999,0,true
sharp-ridge,0.25,compact_hybrid,5b63c1f3d47c4828fa6d607477c0bae2b5a557a221c3dc95883182316fb2070f,12,6,480,264,50,44.99999999999999,0,true
sharp-ridge,0.25,local_triangles,5cf420e1bceaf621b3e1a2163575f166a09bdd12057126f535a76069e8f47779,18,7,720,324,61.111111111111114,55.00000000000001,0,true
sharp-ridge,0.5,hybrid,694c05ff42570d94febda1b3a60ddaa86985c33de1eb7c0c3b8f8abf9e3e1900,12,6,480,264,50,44.99999999999999,0,true
sharp-ridge,0.5,compact_hybrid,c6692c2f20629cb755180d6a5e33606a894ae15df51f08fdb9cf4ed11d270627,12,6,480,264,50,44.99999999999999,0,true
sharp-ridge,0.5,local_triangles,0bd7bced16230b3b2e90987351938939bc874b561065f6a77622b92b91d49d06,18,7,720,324,61.111111111111114,55.00000000000001,0,true
swiss-dem-crop,0.05,hybrid,d794510733c52b9afe5b7ef110865903ca9a02ba3f09fa36787a81276663229e,99690,20276,4015032,1156128,79.66094894171934,71.20501156653296,0.024826250000018035,true
swiss-dem-crop,0.05,compact_hybrid,516c2202045723c43db249bd86b4e171a1eb40f966abe55a59a56f5b747b39fd,99690,20276,4015032,1156128,79.66094894171934,71.20501156653296,0.024826250000018035,true
swiss-dem-crop,0.05,local_triangles,bce9d54219f5eb366635f3b191a10f1bcd0cc73c75f5fba5be91922cd8097691,60693,10281,2427720,612888,83.06064949829471,74.75458454846522,0,true
swiss-dem-crop,0.1,hybrid,85a266e13df8f37fec2ff01413c7d1c68cb6f7b4a6dbcb6c708dc9a2ab7fea27,98322,16695,3933240,994668,83.02007689021785,74.71123043597645,0.032394374999995534,true
swiss-dem-crop,0.1,compact_hybrid,61992ac6bbb11fb0a991a99b6411ba517389f5c8de77dbd0ddf52173b3723b54,98322,16695,3933240,994668,83.02007689021785,74.71123043597645,0.032394374999995534,true
swiss-dem-crop,0.1,local_triangles,604fafd6ae3d325e793a2ecb45af84d2f761eb60e292e6cf476015afa386d10d,29760,5063,1190400,301308,82.9872311827957,74.68850806451613,0,true
swiss-dem-crop,0.25,hybrid,78f9ceaea82a385afe64913d67c7858dccd4dffdf6c072c9aba6d8c8099efab5,26130,4488,1045200,266088,82.82433983926522,74.54190585533868,0,true
swiss-dem-crop,0.25,compact_hybrid,83ed6f7b57a3197b3a42530f454bcf09241919a634c8a292e604c3ed8e614bdb,26130,4488,1045200,266088,82.82433983926522,74.54190585533868,0,true
swiss-dem-crop,0.25,local_triangles,ee106aba07f91405aa34a5ae55e2fc811bea7382404650fafd350fe2644f9997,6321,1097,252840,64776,82.64515108368929,74.38063597532036,0,true
swiss-dem-crop,0.5,hybrid,73e299fa252ad33ab8a1c49b55f4c217c80a7efb863a75536ae8d95d57d294b4,2760,504,110400,29184,81.73913043478261,73.56521739130434,0,true
swiss-dem-crop,0.5,compact_hybrid,2ec8b3402e0c8ac426e774a5d7514a7eb96f50f2de9ec5f8c386d6851121e8ed,2760,504,110400,29184,81.73913043478261,73.56521739130434,0,true
swiss-dem-crop,0.5,local_triangles,cccae062c700b3c02c40553ffabd489329d472368494348c52c73bed41d75bf9,1269,231,50760,13392,81.7966903073286,73.61702127659575,0,true
