case,target_m,mode,bytes,points,patches,target_met,source_rmse_m,source_max_m,offgrid_rmse_m,offgrid_max_m,offgrid_met
steep-plane,0.05,hybrid,1080,4,1,True,0.0,0.0,7.85306692685001e-15,4.263256414560601e-14,True
steep-plane,0.05,local_triangles,1080,4,1,True,0.0,0.0,8.908835857791929e-15,4.263256414560601e-14,True
steep-plane,0.1,hybrid,1079,4,1,True,0.0,0.0,7.85306692685001e-15,4.263256414560601e-14,True
steep-plane,0.1,local_triangles,1079,4,1,True,0.0,0.0,8.908835857791929e-15,4.263256414560601e-14,True
steep-plane,0.25,hybrid,1080,4,1,True,0.0,0.0,7.85306692685001e-15,4.263256414560601e-14,True
steep-plane,0.25,local_triangles,1080,4,1,True,0.0,0.0,8.908835857791929e-15,4.263256414560601e-14,True
steep-plane,0.5,hybrid,1079,4,1,True,0.0,0.0,7.85306692685001e-15,4.263256414560601e-14,True
steep-plane,0.5,local_triangles,1079,4,1,True,0.0,0.0,8.908835857791929e-15,4.263256414560601e-14,True
bilinear-saddle,0.05,hybrid,1093,4,1,True,5.506553621180229e-16,3.552713678800501e-15,3.6972162705081144e-15,1.4210854715202004e-14,True
bilinear-saddle,0.05,local_triangles,30394,545,248,True,0.01923076923076923,0.03906250000000355,0.016573502693719298,0.038977955107007745,True
bilinear-saddle,0.1,hybrid,1092,4,1,True,5.506553621180229e-16,3.552713678800501e-15,3.6972162705081144e-15,1.4210854715202004e-14,True
bilinear-saddle,0.1,local_triangles,30393,545,248,True,0.01923076923076923,0.03906250000000355,0.016573502693719298,0.038977955107007745,True
bilinear-saddle,0.25,hybrid,1093,4,1,True,5.506553621180229e-16,3.552713678800501e-15,3.6972162705081144e-15,1.4210854715202004e-14,True
bilinear-saddle,0.25,local_triangles,8254,145,68,True,0.06933752452815364,0.15625000000000355,0.06682027310115135,0.15563743344751302,True
bilinear-saddle,0.5,hybrid,1092,4,1,True,5.506553621180229e-16,3.552713678800501e-15,3.6972162705081144e-15,1.4210854715202004e-14,True
bilinear-saddle,0.5,local_triangles,8253,145,68,True,0.06933752452815364,0.15625000000000355,0.06682027310115135,0.15563743344751302,True
linear-flow,0.05,hybrid,4549,66,32,True,0.016542599790099175,0.03182238908039814,0.017403860375956304,0.03182196568092621,True
linear-flow,0.05,local_triangles,124239,2113,937,True,0.011787077087365825,0.03182613908039644,0.010083540901785657,0.030577538965179007,True
linear-flow,0.1,hybrid,4548,66,32,True,0.016542599790099175,0.03182238908039814,0.017403860375956304,0.03182196568092621,True
linear-flow,0.1,local_triangles,43577,817,320,True,0.02194758074649192,0.06112301408039755,0.021294958445746748,0.05970657021833148,True
linear-flow,0.25,hybrid,2746,34,16,True,0.06810832295502156,0.1271313006432635,0.06982384082190812,0.12713144766213702,True
linear-flow,0.25,local_triangles,30851,545,242,True,0.04349816684034219,0.1271313006432635,0.04055298090518933,0.12672372900086515,True
linear-flow,0.5,hybrid,2745,34,16,True,0.06810832295502156,0.1271313006432635,0.06982384082190812,0.12713144766213702,True
linear-flow,0.5,local_triangles,11980,217,90,True,0.08569171826274967,0.2443188006432635,0.08626673871333887,0.24175543054068527,True
convex-bowl,0.05,hybrid,93004,1089,1024,True,0.029794600970198502,0.04883187500000474,0.03425790521173963,0.04882676542659681,True
convex-bowl,0.05,local_triangles,53641,1089,347,True,0.029794104457378182,0.048826875000003156,0.03425741599804003,0.04882676542659681,True
convex-bowl,0.1,hybrid,93003,1089,1024,True,0.029794600970198502,0.04883187500000474,0.03425790521173963,0.04882676542659681,True
convex-bowl,0.1,local_triangles,43552,817,320,True,0.04621502407383341,0.07812500000000355,0.04934597567040909,0.08136859430340948,True
convex-bowl,0.25,hybrid,23446,289,256,True,0.13156803624031613,0.1953125,0.13790859965461227,0.19531176736987987,True
convex-bowl,0.25,local_triangles,14732,289,105,True,0.13156803624031613,0.1953125,0.1379085996546123,0.19531176736989408,True
convex-bowl,0.5,hybrid,12082,153,128,True,0.2959331349299741,0.4296875,0.3039984278321954,0.42958609899061884,True
convex-bowl,0.5,local_triangles,8209,145,63,True,0.27411884153482313,0.46875,0.27564299717267543,0.46811420748162647,True
rotating-direction,0.05,hybrid,237731,2601,2500,True,0.004970378966509659,0.019463286743164332,0.005972352299658673,0.022069137104391956,True
rotating-direction,0.05,local_triangles,224800,3673,1607,True,0.006852486607908129,0.030278256225585665,0.006305255861518878,0.029622283225890556,True
rotating-direction,0.1,hybrid,131578,1485,1408,True,0.01621313184757734,0.077057587890625,0.01612051495850465,0.07025151248597439,True
rotating-direction,0.1,local_triangles,113383,1913,826,True,0.016773597483339914,0.05874454101562421,0.014016131538276183,0.05233596061255241,True
rotating-direction,0.25,hybrid,44881,529,484,True,0.03359246998738115,0.11123999999999512,0.032165277540860356,0.10229019431687192,True
rotating-direction,0.25,local_triangles,44528,781,340,True,0.0340907444493165,0.1548772558593754,0.031348918784707906,0.14405007555491522,True
rotating-direction,0.5,hybrid,24042,289,256,True,0.07964502538169599,0.2954114062500004,0.0762230440160746,0.28061988199418764,True
rotating-direction,0.5,local_triangles,25336,441,196,True,0.06619357722830356,0.2061480371093758,0.06144134155816456,0.1965629267718363,True
sharp-ridge,0.05,hybrid,1178,6,2,True,0.0,0.0,2.979945937023131e-15,1.4210854715202004e-14,True
sharp-ridge,0.05,local_triangles,1197,7,2,True,0.0,0.0,3.3712457323395986e-15,1.4210854715202004e-14,True
sharp-ridge,0.1,hybrid,1177,6,2,True,0.0,0.0,2.979945937023131e-15,1.4210854715202004e-14,True
sharp-ridge,0.1,local_triangles,1196,7,2,True,0.0,0.0,3.3712457323395986e-15,1.4210854715202004e-14,True
sharp-ridge,0.25,hybrid,1178,6,2,True,0.0,0.0,2.979945937023131e-15,1.4210854715202004e-14,True
sharp-ridge,0.25,local_triangles,1197,7,2,True,0.0,0.0,3.3712457323395986e-15,1.4210854715202004e-14,True
sharp-ridge,0.5,hybrid,1177,6,2,True,0.0,0.0,2.979945937023131e-15,1.4210854715202004e-14,True
sharp-ridge,0.5,local_triangles,1196,7,2,True,0.0,0.0,3.3712457323395986e-15,1.4210854715202004e-14,True
