case,target_m,mode,bytes,points,patches,rmse_m,max_m
swiss-dem-crop,0.05,hybrid,1580455,16641,16384,0.007785885344096351,0.04919025824756318
swiss-dem-crop,0.05,compact_hybrid,647240,16641,1373,0.007785885344094486,0.04919025824779055
swiss-dem-crop,0.05,local_triangles,614702,10281,4539,0.013198256515961926,0.049177771734548514
swiss-dem-crop,0.1,hybrid,1578686,16641,16384,0.008901328524485686,0.07809447577210449
swiss-dem-crop,0.1,compact_hybrid,589617,16641,444,0.00890132852448388,0.07809447577210449
swiss-dem-crop,0.1,local_triangles,297752,5063,2204,0.028059740829638406,0.09203319613789063
swiss-dem-crop,0.25,hybrid,409756,4488,4355,0.039053873034980535,0.20323516514645235
swiss-dem-crop,0.25,compact_hybrid,218761,4488,1199,0.03905387303498227,0.20323516514645235
swiss-dem-crop,0.25,local_triangles,61814,1097,471,0.07265606279915894,0.24026674343576815
swiss-dem-crop,0.5,hybrid,42343,504,460,0.10953045001770266,0.4458296173568215
swiss-dem-crop,0.5,compact_hybrid,24367,504,148,0.10953045001770376,0.4458296173568215
swiss-dem-crop,0.5,local_triangles,13057,231,98,0.13744840838963307,0.4436380982742776
