case_id,family,archive_sha256,fixture_sha256,rays,hits,cells,linear_batch_median_ms,hierarchy_batch_median_ms,query_only_ratio,hierarchy_extra_build_ms,approximate_build_break_even_rays,mean_candidate_cells,max_candidate_cells
steep-plane,compact_hybrid,94897411e86f6bfa91f9bdd41e53cd628f1983a146cb3b7c9d71628b8f0acca8,9ced2c279fa6e129973c5faeddad9dd38e7758b35ebb3b15623bb8c053beaacf,1024,869,2,3.6348000000002685,9.163300000000163,0.39666932218744383,0.20109999999976935,,1.75,2
steep-plane,local_triangles,4be40a1caebae9ff2bb6481d1e5ecd1fe81f61969731c60958635e0e4437b14d,9ced2c279fa6e129973c5faeddad9dd38e7758b35ebb3b15623bb8c053beaacf,1024,869,2,3.1134000000001834,8.286800000000312,0.3757059419800244,0.05819999999994252,,1.75,2
bilinear-saddle,compact_hybrid,3a7239245387d0e4b994b9c811ed59742bc97112e54d8a73f212ea4f629cacb0,ec154478e335e38fcf0f5ab6d88c28a795165101452cc16cc49fe0ad8d4cd153,1024,884,1,3.819799999999759,8.00799999999981,0.4769980019979832,0.04120000000011714,,0.875,1
bilinear-saddle,local_triangles,866292dd5400338f58a0eac1fbdf5684e505b37c52396343d28b0ff26fe58dcd,ec154478e335e38fcf0f5ab6d88c28a795165101452cc16cc49fe0ad8d4cd153,1024,884,1024,12.519600000000082,7.95699999999988,1.5734070629634624,5.628799999999956,1264,1.7861328125,6
linear-flow,compact_hybrid,dd57a850539f0ed32e66126b8fa1e62f5d48f79c9478dc398d59aa9a68c0b891,6542ad9cfa562bdc7cd66461efb16452c81dd44e8de45c7611bdd1cfa0353bb7,1024,884,32,4.197999999999865,6.839100000000144,0.6138234563026973,0.15729999999985012,,1.09765625,5
linear-flow,local_triangles,9459381a2a433d325bed11ce9d5eb90e4523b1559a6535fbc2811938248b9bb1,6542ad9cfa562bdc7cd66461efb16452c81dd44e8de45c7611bdd1cfa0353bb7,1024,884,1536,17.926100000000133,7.506000000000313,2.388236077804341,5.478499999999713,539,1.783203125,6
convex-bowl,compact_hybrid,b5a57cbe38c93a794f1d28927e81b8fd5e194021ee138fcf3b0b02fb267636c3,7ad35ad860a1ee5a809a19fdb8fc58fc15dc27832c4745640d81a1b7ce619227,1024,893,2048,22.377100000000155,7.579999999999927,2.9521240105541384,3.615600000000086,251,1.8203125,6
convex-bowl,local_triangles,438511df273d6ce64c4e036cb9b31bf47f02fcc6449d2e08413afa493f43df50,7ad35ad860a1ee5a809a19fdb8fc58fc15dc27832c4745640d81a1b7ce619227,1024,893,1536,20.570600000000013,8.656700000000455,2.376263472223703,3.6138999999993757,311,1.8271484375,6
rotating-direction,compact_hybrid,05378003baa5b03720d1df31a600d57589598f2c80c6a6ada91de0b87fbfae56,7ce0e43092b40ae5506a7dc3636e59a15cb7a9c0490da5884f312d4e65fbc7b5,1024,895,2420,30.417599999999766,8.10189999999966,3.754378602550148,6.299600000000282,290,1.533203125,4
rotating-direction,local_triangles,8bd7c089043cf5fee55bbebd9b963b062fc8832e87862108b98c33134cefbe72,7ce0e43092b40ae5506a7dc3636e59a15cb7a9c0490da5884f312d4e65fbc7b5,1024,895,3688,41.90230000000065,8.430299999999988,4.9704399606183305,11.48449999999957,352,2.0244140625,7
sharp-ridge,compact_hybrid,b785ea0993ad6c5327fa0af3fd21e3837bb6bf921961de882aed609912cc860d,6287db9397f7d4e8f34f70aa404b0c88dd301e7d4003cf278c3cad4b4163ba27,1024,893,4,2.7742000000007465,7.534499999999753,0.36819961510396676,0.07629999999971915,,1.767578125,4
sharp-ridge,local_triangles,23cb9d3f3428462b80d36f39a7b47ebd7155f6a4b1c7aa63a927018c4244c5fb,6287db9397f7d4e8f34f70aa404b0c88dd301e7d4003cf278c3cad4b4163ba27,1024,893,6,3.068000000000211,7.268900000000031,0.4220721154507832,0.025399999999535794,,1.7685546875,4
swiss-dem-crop,hybrid,85a266e13df8f37fec2ff01413c7d1c68cb6f7b4a6dbcb6c708dc9a2ab7fea27,5fcab320282fa2e16c815749858dfdcd05fe66d98799059c3efc9c9e745ad34b,1024,885,32762,339.72530000000006,8.77140000000054,38.73102355382027,82.8734999999997,257,1.77734375,6
swiss-dem-crop,compact_hybrid,61992ac6bbb11fb0a991a99b6411ba517389f5c8de77dbd0ddf52173b3723b54,5fcab320282fa2e16c815749858dfdcd05fe66d98799059c3efc9c9e745ad34b,1024,885,32762,308.2586000000001,9.451000000000931,32.61650618981798,85.83460000000014,295,1.77734375,6
swiss-dem-crop,local_triangles,604fafd6ae3d325e793a2ecb45af84d2f761eb60e292e6cf476015afa386d10d,5fcab320282fa2e16c815749858dfdcd05fe66d98799059c3efc9c9e745ad34b,1024,885,9920,107.11310000000049,8.519200000000637,12.573140670484609,32.544200000000274,339,1.7802734375,6
