case,target_m,mode,native_bytes,points,patches,source_target_met,analytic_bound_available,source_rmse_m,source_max_m,offgrid_rmse_m,offgrid_max_m,offgrid_sampled_target_met
steep-plane,0.05,hybrid,923,4,1,True,True,0.0,0.0,7.85306692685001e-15,4.263256414560601e-14,True
steep-plane,0.05,triangles,923,4,1,True,True,0.0,0.0,7.85306692685001e-15,4.263256414560601e-14,True
steep-plane,0.1,hybrid,922,4,1,True,True,0.0,0.0,7.85306692685001e-15,4.263256414560601e-14,True
steep-plane,0.1,triangles,922,4,1,True,True,0.0,0.0,7.85306692685001e-15,4.263256414560601e-14,True
steep-plane,0.25,hybrid,923,4,1,True,True,0.0,0.0,7.85306692685001e-15,4.263256414560601e-14,True
steep-plane,0.25,triangles,923,4,1,True,True,0.0,0.0,7.85306692685001e-15,4.263256414560601e-14,True
steep-plane,0.5,hybrid,922,4,1,True,True,0.0,0.0,7.85306692685001e-15,4.263256414560601e-14,True
steep-plane,0.5,triangles,922,4,1,True,True,0.0,0.0,7.85306692685001e-15,4.263256414560601e-14,True
bilinear-saddle,0.05,hybrid,936,4,1,True,True,5.506553621180229e-16,3.552713678800501e-15,3.6972162705081144e-15,1.4210854715202004e-14,True
bilinear-saddle,0.05,triangles,91708,1105,1024,True,True,5.506553621180229e-16,3.552713678800501e-15,0.01634386406512363,0.03883390156325106,True
bilinear-saddle,0.1,hybrid,935,4,1,True,True,5.506553621180229e-16,3.552713678800501e-15,3.6972162705081144e-15,1.4210854715202004e-14,True
bilinear-saddle,0.1,triangles,46070,585,512,True,True,5.506553621180229e-16,3.552713678800501e-15,0.033156159334449015,0.07772411768723941,True
bilinear-saddle,0.25,hybrid,936,4,1,True,True,5.506553621180229e-16,3.552713678800501e-15,3.6972162705081144e-15,1.4210854715202004e-14,True
bilinear-saddle,0.25,triangles,23693,325,256,True,True,5.506553621180229e-16,3.552713678800501e-15,0.06615276308666816,0.15578134804499655,True
bilinear-saddle,0.5,hybrid,935,4,1,True,True,5.506553621180229e-16,3.552713678800501e-15,3.6972162705081144e-15,1.4210854715202004e-14,True
bilinear-saddle,0.5,triangles,12679,195,128,True,True,5.506553621180229e-16,3.552713678800501e-15,0.13271137746401748,0.3115970453200454,True
linear-flow,0.05,hybrid,4392,66,32,True,True,0.016542599790099175,0.03182238908039814,0.017403860375956304,0.03182196568092621,True
linear-flow,0.05,triangles,93574,1105,1024,True,True,2.5905763018961686e-06,4.9809127933286845e-06,0.012892572345875937,0.03671970504679045,True
linear-flow,0.1,hybrid,4391,66,32,True,True,0.016542599790099175,0.03182238908039814,0.017403860375956304,0.03182196568092621,True
linear-flow,0.1,triangles,47551,585,512,True,True,2.8428388565899996e-06,4.957407284678084e-06,0.025177156435607372,0.06497859352985813,True
linear-flow,0.25,hybrid,2589,34,16,True,True,0.06810832295502156,0.1271313006432635,0.06982384082190812,0.12713144766213702,True
linear-flow,0.25,triangles,24739,325,256,True,True,3.2529125652841037e-06,4.9574072864544405e-06,0.049685573654152715,0.12308254648618666,True
linear-flow,0.5,hybrid,2588,34,16,True,True,0.06810832295502156,0.1271313006432635,0.06982384082190812,0.12713144766213702,True
linear-flow,0.5,triangles,13375,195,128,True,True,3.2529125652464662e-06,4.957407284678084e-06,0.09950289948039348,0.2385511542431722,True
convex-bowl,0.05,hybrid,92847,1089,1024,True,True,0.02979460097019917,0.04883187500000474,0.03425790521173963,0.04882676542659681,True
convex-bowl,0.05,triangles,92847,1089,1024,True,True,0.02979460097019917,0.04883187500000474,0.03425790521173963,0.04882676542659681,True
convex-bowl,0.1,hybrid,92846,1089,1024,True,True,0.02979460097019917,0.04883187500000474,0.03425790521173963,0.04882676542659681,True
convex-bowl,0.1,triangles,92846,1089,1024,True,True,0.02979460097019917,0.04883187500000474,0.03425790521173963,0.04882676542659681,True
convex-bowl,0.25,hybrid,23289,289,256,True,True,0.13156803624031613,0.1953125,0.13790859965461227,0.19531176736987987,True
convex-bowl,0.25,triangles,23289,289,256,True,True,0.13156803624031613,0.1953125,0.13790859965461227,0.19531176736987987,True
convex-bowl,0.5,hybrid,11925,153,128,True,True,0.2959331349299741,0.4296875,0.3039984278321954,0.42958609899061884,True
convex-bowl,0.5,triangles,11925,153,128,True,True,0.2959331349299741,0.4296875,0.3039984278321954,0.42958609899061884,True
rotating-direction,0.05,hybrid,237574,2601,2500,True,True,0.004970378966509648,0.019463286743164332,0.005972352299658673,0.022069137104391956,True
rotating-direction,0.05,triangles,254408,2809,2704,False,True,0.004658788255349338,0.019463286743164332,0.006359981966082077,0.03214302988441631,True
rotating-direction,0.1,hybrid,131421,1485,1408,True,True,0.016213131847577333,0.077057587890625,0.01612051495850465,0.07025151248597439,True
rotating-direction,0.1,triangles,215875,2401,2304,True,True,0.0055604803214753685,0.034329999999997085,0.007166393595344464,0.03214302988441631,True
rotating-direction,0.25,hybrid,44724,529,484,True,True,0.033592469987381156,0.11123999999999512,0.032165277540860356,0.10229019431687192,True
rotating-direction,0.25,triangles,89740,1053,988,True,True,0.022891573725829145,0.11123484374999748,0.021868127611270174,0.09674408295438042,True
rotating-direction,0.5,hybrid,23885,289,256,True,True,0.07964502538169599,0.2954114062500004,0.0762230440160746,0.28061988199418764,True
rotating-direction,0.5,triangles,47918,575,528,True,True,0.034009302346108355,0.15625,0.0317713532589296,0.155571700495571,True
sharp-ridge,0.05,hybrid,1021,6,2,True,True,0.0,0.0,2.979945937023131e-15,1.4210854715202004e-14,True
sharp-ridge,0.05,triangles,1021,6,2,True,True,0.0,0.0,2.979945937023131e-15,1.4210854715202004e-14,True
sharp-ridge,0.1,hybrid,1020,6,2,True,True,0.0,0.0,2.979945937023131e-15,1.4210854715202004e-14,True
sharp-ridge,0.1,triangles,1020,6,2,True,True,0.0,0.0,2.979945937023131e-15,1.4210854715202004e-14,True
sharp-ridge,0.25,hybrid,1021,6,2,True,True,0.0,0.0,2.979945937023131e-15,1.4210854715202004e-14,True
sharp-ridge,0.25,triangles,1021,6,2,True,True,0.0,0.0,2.979945937023131e-15,1.4210854715202004e-14,True
sharp-ridge,0.5,hybrid,1020,6,2,True,True,0.0,0.0,2.979945937023131e-15,1.4210854715202004e-14,True
sharp-ridge,0.5,triangles,1020,6,2,True,True,0.0,0.0,2.979945937023131e-15,1.4210854715202004e-14,True
swiss-dem-crop,0.05,hybrid,1578845,16641,16384,True,False,2.883973415259764e-06,5.000000101063051e-06,0.009157950948167277,0.10130833581411025,False
swiss-dem-crop,0.05,triangles,1578845,16641,16384,True,False,2.883973415259764e-06,5.000000101063051e-06,0.009157950948167277,0.10130833581411025,False
swiss-dem-crop,0.1,hybrid,1578844,16641,16384,True,False,2.883973415259764e-06,5.000000101063051e-06,0.009157950948167277,0.10130833581411025,False
swiss-dem-crop,0.1,triangles,1578844,16641,16384,True,False,2.883973415259764e-06,5.000000101063051e-06,0.009157950948167277,0.10130833581411025,False
swiss-dem-crop,0.25,hybrid,403800,4422,4290,True,False,0.050607067666899694,0.2442639843750385,0.040227416958994525,0.20323516514645235,True
swiss-dem-crop,0.25,triangles,403800,4422,4290,True,False,0.050607067666899694,0.2442639843750385,0.040227416958994525,0.20323516514645235,True
swiss-dem-crop,0.5,hybrid,42525,504,460,True,False,0.11824727724823375,0.49643246093773996,0.1097635751655774,0.4458296173568215,True
swiss-dem-crop,0.5,triangles,42525,504,460,True,False,0.11824727724823375,0.49643246093773996,0.1097635751655774,0.4458296173568215,True
