case,id,family,target_m,build_target_met,bytes,bound_m,rmse_m,sampled_max_m,samples,fixture_sha256,archive_sha256
steep-plane,hybrid:0.05,hybrid,0.05,True,753,5e-06,7.85306692685001e-15,4.263256414560601e-14,4096,c41a10c7bac1ea52c7710f64bca6dfe0d0c028ead2ce5a85ae93f522c8c7c00f,b7ad4902518b9358116f92d2d9fe7fea6fab284388457d38b1d7116a07edab8e
steep-plane,compact_hybrid:0.05,compact_hybrid,0.05,True,753,5e-06,7.85306692685001e-15,4.263256414560601e-14,4096,c41a10c7bac1ea52c7710f64bca6dfe0d0c028ead2ce5a85ae93f522c8c7c00f,2acab89c219766f66d48f7191c79a0796d470d5593adcb7845fe16be02e3a30a
steep-plane,local_triangles:0.05,local_triangles,0.05,True,753,5e-06,8.908835857791929e-15,4.263256414560601e-14,4096,c41a10c7bac1ea52c7710f64bca6dfe0d0c028ead2ce5a85ae93f522c8c7c00f,476ea0010dc3b24cd7b93ed02e8c53fa6caa62f6f8cfe319a0cebc9355c1d4ca
steep-plane,hybrid:0.1,hybrid,0.1,True,752,5e-06,7.85306692685001e-15,4.263256414560601e-14,4096,c41a10c7bac1ea52c7710f64bca6dfe0d0c028ead2ce5a85ae93f522c8c7c00f,b86f3ec2f1a6a43f00d7e0b1a8bf42f3e4cdca7c8301e307baf32336f011e3ec
steep-plane,compact_hybrid:0.1,compact_hybrid,0.1,True,752,5e-06,7.85306692685001e-15,4.263256414560601e-14,4096,c41a10c7bac1ea52c7710f64bca6dfe0d0c028ead2ce5a85ae93f522c8c7c00f,94897411e86f6bfa91f9bdd41e53cd628f1983a146cb3b7c9d71628b8f0acca8
steep-plane,local_triangles:0.1,local_triangles,0.1,True,752,5e-06,8.908835857791929e-15,4.263256414560601e-14,4096,c41a10c7bac1ea52c7710f64bca6dfe0d0c028ead2ce5a85ae93f522c8c7c00f,4be40a1caebae9ff2bb6481d1e5ecd1fe81f61969731c60958635e0e4437b14d
steep-plane,hybrid:0.25,hybrid,0.25,True,753,5e-06,7.85306692685001e-15,4.263256414560601e-14,4096,c41a10c7bac1ea52c7710f64bca6dfe0d0c028ead2ce5a85ae93f522c8c7c00f,79d6b7aba2f6447c088eba0fef063409cf143fcc434b160de75229d461988bf3
steep-plane,compact_hybrid:0.25,compact_hybrid,0.25,True,753,5e-06,7.85306692685001e-15,4.263256414560601e-14,4096,c41a10c7bac1ea52c7710f64bca6dfe0d0c028ead2ce5a85ae93f522c8c7c00f,74d4760236b3badd97710bb6398336f8b15db335acab391b6baae43941f89797
steep-plane,local_triangles:0.25,local_triangles,0.25,True,753,5e-06,8.908835857791929e-15,4.263256414560601e-14,4096,c41a10c7bac1ea52c7710f64bca6dfe0d0c028ead2ce5a85ae93f522c8c7c00f,96e9bdf2c5d421b41c9b66f1b53b0560bd357dae1185a4729e09849651ae104f
steep-plane,hybrid:0.5,hybrid,0.5,True,752,5e-06,7.85306692685001e-15,4.263256414560601e-14,4096,c41a10c7bac1ea52c7710f64bca6dfe0d0c028ead2ce5a85ae93f522c8c7c00f,40ed29b591599e3116a1a4e65ac9f82324f42a42cc789dbac538ea52ed88706d
steep-plane,compact_hybrid:0.5,compact_hybrid,0.5,True,752,5e-06,7.85306692685001e-15,4.263256414560601e-14,4096,c41a10c7bac1ea52c7710f64bca6dfe0d0c028ead2ce5a85ae93f522c8c7c00f,615dd5aab81d5c7c6f7a9a71528d6db5db1cae388d7063dd63966998ffa5b615
steep-plane,local_triangles:0.5,local_triangles,0.5,True,752,5e-06,8.908835857791929e-15,4.263256414560601e-14,4096,c41a10c7bac1ea52c7710f64bca6dfe0d0c028ead2ce5a85ae93f522c8c7c00f,ad6d4b8be7582dd80fe2ebb076b46ee402814bca18c19a9b38a104e37d547b93
bilinear-saddle,hybrid:0.05,hybrid,0.05,True,766,5.000000003552714e-06,3.6972162705081144e-15,1.4210854715202004e-14,4096,7a937c527f0a9fa82cd4fe51ee826b9f37fdff6f61a950756a66c05ee6a7bbcd,26789f74bace6376bba93f6d78393ac75b59d93fe450dccab2330edce0026f76
bilinear-saddle,compact_hybrid:0.05,compact_hybrid,0.05,True,766,5.000000003552714e-06,3.6972162705081144e-15,1.4210854715202004e-14,4096,7a937c527f0a9fa82cd4fe51ee826b9f37fdff6f61a950756a66c05ee6a7bbcd,0160e4c2d0ac03d738fce26fe6d3142ebd2042b55b5d4e247565c5f4bea16b13
bilinear-saddle,local_triangles:0.05,local_triangles,0.05,True,30067,0.0390675,0.016573502693719298,0.038977955107007745,4096,7a937c527f0a9fa82cd4fe51ee826b9f37fdff6f61a950756a66c05ee6a7bbcd,4ec622a79b377247fa97058e55e84be7408c1f47f63e949f2e2153ec386e2047
bilinear-saddle,hybrid:0.1,hybrid,0.1,True,765,5.000000003552714e-06,3.6972162705081144e-15,1.4210854715202004e-14,4096,7a937c527f0a9fa82cd4fe51ee826b9f37fdff6f61a950756a66c05ee6a7bbcd,780213f05e922e20da6f0c78a466ae7c3179e068049f4ee6313a1909b23ca91b
bilinear-saddle,compact_hybrid:0.1,compact_hybrid,0.1,True,765,5.000000003552714e-06,3.6972162705081144e-15,1.4210854715202004e-14,4096,7a937c527f0a9fa82cd4fe51ee826b9f37fdff6f61a950756a66c05ee6a7bbcd,3a7239245387d0e4b994b9c811ed59742bc97112e54d8a73f212ea4f629cacb0
bilinear-saddle,local_triangles:0.1,local_triangles,0.1,True,30066,0.0390675,0.016573502693719298,0.038977955107007745,4096,7a937c527f0a9fa82cd4fe51ee826b9f37fdff6f61a950756a66c05ee6a7bbcd,866292dd5400338f58a0eac1fbdf5684e505b37c52396343d28b0ff26fe58dcd
bilinear-saddle,hybrid:0.25,hybrid,0.25,True,766,5.000000003552714e-06,3.6972162705081144e-15,1.4210854715202004e-14,4096,7a937c527f0a9fa82cd4fe51ee826b9f37fdff6f61a950756a66c05ee6a7bbcd,8b8d373f18cc1d3fab2c78d021a1278d5f8bca414a54afc10bc58345205a4702
bilinear-saddle,compact_hybrid:0.25,compact_hybrid,0.25,True,766,5.000000003552714e-06,3.6972162705081144e-15,1.4210854715202004e-14,4096,7a937c527f0a9fa82cd4fe51ee826b9f37fdff6f61a950756a66c05ee6a7bbcd,416cc64ba582494323e83a6fb8ff8995a4400c2f2eff32f8bb14abe7d54ba608
bilinear-saddle,local_triangles:0.25,local_triangles,0.25,True,7927,0.156255,0.06682027310115135,0.15563743344751302,4096,7a937c527f0a9fa82cd4fe51ee826b9f37fdff6f61a950756a66c05ee6a7bbcd,32d8c1d76bdb9f62bb4706a207cde5ad4a7cfb0828c948167d5c9900c90c4df2
bilinear-saddle,hybrid:0.5,hybrid,0.5,True,765,5.000000003552714e-06,3.6972162705081144e-15,1.4210854715202004e-14,4096,7a937c527f0a9fa82cd4fe51ee826b9f37fdff6f61a950756a66c05ee6a7bbcd,76335270f78c4cd6393426c12775a30f96ecbba1a87bf70e9081448778b3c49c
bilinear-saddle,compact_hybrid:0.5,compact_hybrid,0.5,True,765,5.000000003552714e-06,3.6972162705081144e-15,1.4210854715202004e-14,4096,7a937c527f0a9fa82cd4fe51ee826b9f37fdff6f61a950756a66c05ee6a7bbcd,8c3fa4bd607c24eee4e292a9d56740e2397b2b0f96f9e8693566e729b8e9727a
bilinear-saddle,local_triangles:0.5,local_triangles,0.5,True,7926,0.156255,0.06682027310115135,0.15563743344751302,4096,7a937c527f0a9fa82cd4fe51ee826b9f37fdff6f61a950756a66c05ee6a7bbcd,72993989398abd0b06fa5a3355652bb9d0f3e7a5691444594769e0d8152f448b
linear-flow,hybrid:0.05,hybrid,0.05,True,4222,0.031892755102040815,0.017403860375956304,0.03182196568092621,4096,dd5d2179f03b71a0e55035c874441d15fa5b1b983d143fcf69657ac297422a00,9fc67a563a911257d921da181112fd4382d55cbc9e813c5bb65173dd0c2fe1b8
linear-flow,compact_hybrid:0.05,compact_hybrid,0.05,True,2810,0.031892755102040815,0.017403860375956304,0.03182196568092621,4096,dd5d2179f03b71a0e55035c874441d15fa5b1b983d143fcf69657ac297422a00,7116dd402d4d0727144916b1f95e218e088941de11adebd2d25ea4ab23c11c83
linear-flow,local_triangles:0.05,local_triangles,0.05,True,123912,0.042522006802721085,0.010083540901785657,0.030577538965179007,4096,dd5d2179f03b71a0e55035c874441d15fa5b1b983d143fcf69657ac297422a00,34a98c2b6853748ec139b8378127d2fc13372f0f9d49c544fb54e57df867bb80
linear-flow,hybrid:0.1,hybrid,0.1,True,4221,0.031892755102040815,0.017403860375956304,0.03182196568092621,4096,dd5d2179f03b71a0e55035c874441d15fa5b1b983d143fcf69657ac297422a00,837b754bfea8859bd429e60dac5f3134b4315544361af50361b498884d68550e
linear-flow,compact_hybrid:0.1,compact_hybrid,0.1,True,2809,0.031892755102040815,0.017403860375956304,0.03182196568092621,4096,dd5d2179f03b71a0e55035c874441d15fa5b1b983d143fcf69657ac297422a00,dd57a850539f0ed32e66126b8fa1e62f5d48f79c9478dc398d59aa9a68c0b891
linear-flow,local_triangles:0.1,local_triangles,0.1,True,43250,0.0815845068027211,0.021294958445746748,0.05970657021833148,4096,dd5d2179f03b71a0e55035c874441d15fa5b1b983d143fcf69657ac297422a00,9459381a2a433d325bed11ce9d5eb90e4523b1559a6535fbc2811938248b9bb1
linear-flow,hybrid:0.25,hybrid,0.25,True,2419,0.12755602040816327,0.06982384082190812,0.12713144766213702,4096,dd5d2179f03b71a0e55035c874441d15fa5b1b983d143fcf69657ac297422a00,0387e7a3374d38ce31afefd816a8fe77d7d37c8ffed8569b171e65f37be7406f
linear-flow,compact_hybrid:0.25,compact_hybrid,0.25,True,2069,0.12755602040816327,0.06982384082190812,0.12713144766213702,4096,dd5d2179f03b71a0e55035c874441d15fa5b1b983d143fcf69657ac297422a00,43ec14075b960f283f7f36b098bae96e3ef46966c7332c351053c4374bfc6431
linear-flow,local_triangles:0.25,local_triangles,0.25,True,30524,0.17007302721088435,0.04055298090518933,0.12672372900086515,4096,dd5d2179f03b71a0e55035c874441d15fa5b1b983d143fcf69657ac297422a00,0e1462154c739eb5d1e517410fd377dad2510a9e27d5046df09a290e2b671fd0
linear-flow,hybrid:0.5,hybrid,0.5,True,2418,0.12755602040816327,0.06982384082190812,0.12713144766213702,4096,dd5d2179f03b71a0e55035c874441d15fa5b1b983d143fcf69657ac297422a00,d6488f61392f7ea85d0192dbaf09017eda9ebc92596cd6361ff263f544862d7d
linear-flow,compact_hybrid:0.5,compact_hybrid,0.5,True,2068,0.12755602040816327,0.06982384082190812,0.12713144766213702,4096,dd5d2179f03b71a0e55035c874441d15fa5b1b983d143fcf69657ac297422a00,ad8dddbace8bec1096b505c24fd2a537b7090e50c92ca27b742a9bd6aea16035
linear-flow,local_triangles:0.5,local_triangles,0.5,True,11653,0.32632302721088435,0.08626673871333887,0.24175543054068527,4096,dd5d2179f03b71a0e55035c874441d15fa5b1b983d143fcf69657ac297422a00,6a39d62d2d1ac7ac024a83bd889994078c74f350ad4d20b1370c7612437b8d6e
convex-bowl,hybrid:0.05,hybrid,0.05,True,92677,0.048833125,0.03425790521173963,0.04882676542659681,4096,10fc1f62429d895066ababcff010f9d1863383819bbee38f8237a7b8fe89d473,ef055b857ba70d978f01534f9c0f6ce7e9680110d87cb93618d7baa46e5f6967
convex-bowl,compact_hybrid:0.05,compact_hybrid,0.05,True,35212,0.048833125,0.03425790521173963,0.04882676542659681,4096,10fc1f62429d895066ababcff010f9d1863383819bbee38f8237a7b8fe89d473,92852d5cb241ec6403f1448c1e3ed267be7058b283c78ec61fa3d7537bf257bb
convex-bowl,local_triangles:0.05,local_triangles,0.05,True,53314,0.048833125,0.03425741599804003,0.04882676542659681,4096,10fc1f62429d895066ababcff010f9d1863383819bbee38f8237a7b8fe89d473,4ce19cc060754105efbf47389174af75a001ae10cc445b0dd269e93f00f59ed4
convex-bowl,hybrid:0.1,hybrid,0.1,True,92676,0.048833125,0.03425790521173963,0.04882676542659681,4096,10fc1f62429d895066ababcff010f9d1863383819bbee38f8237a7b8fe89d473,e179709186ddc974ea0b3cb32010a5282f44e0ae8098be2bd8e75233ca2295b3
convex-bowl,compact_hybrid:0.1,compact_hybrid,0.1,True,35211,0.048833125,0.03425790521173963,0.04882676542659681,4096,10fc1f62429d895066ababcff010f9d1863383819bbee38f8237a7b8fe89d473,b5a57cbe38c93a794f1d28927e81b8fd5e194021ee138fcf3b0b02fb267636c3
convex-bowl,local_triangles:0.1,local_triangles,0.1,True,43225,0.08138520833333333,0.04934597567040909,0.08136859430340948,4096,10fc1f62429d895066ababcff010f9d1863383819bbee38f8237a7b8fe89d473,438511df273d6ce64c4e036cb9b31bf47f02fcc6449d2e08413afa493f43df50
convex-bowl,hybrid:0.25,hybrid,0.25,True,23119,0.1953175,0.13790859965461227,0.19531176736987987,4096,10fc1f62429d895066ababcff010f9d1863383819bbee38f8237a7b8fe89d473,fbd076812a85c932817f4370c715572da8d8cee9c75608df4bcf4fb4a8876490
convex-bowl,compact_hybrid:0.25,compact_hybrid,0.25,True,9455,0.1953175,0.13790859965461227,0.19531176736987987,4096,10fc1f62429d895066ababcff010f9d1863383819bbee38f8237a7b8fe89d473,81239e518a7a4a3b99c15284a67c1e02bd8f79b06d3bcbaaf71b3950a60894a1
convex-bowl,local_triangles:0.25,local_triangles,0.25,True,14405,0.1953175,0.1379085996546123,0.19531176736989408,4096,10fc1f62429d895066ababcff010f9d1863383819bbee38f8237a7b8fe89d473,a4b9a2869dccc96c33284e35fc2f22d358996b8ac9c512c945cc22086fd2e04d
convex-bowl,hybrid:0.5,hybrid,0.5,True,11755,0.4296925,0.3039984278321954,0.42958609899061884,4096,10fc1f62429d895066ababcff010f9d1863383819bbee38f8237a7b8fe89d473,02b75eda787c0aac971f6137bc602e50851d13db9b584a861f051782ef17b0f0
convex-bowl,compact_hybrid:0.5,compact_hybrid,0.5,True,5488,0.4296925,0.30399842783219533,0.4295860989906224,4096,10fc1f62429d895066ababcff010f9d1863383819bbee38f8237a7b8fe89d473,8a46da26c3b7406b76266a9f9145e98e97b76973be2b5f2af74d2ed29290f658
convex-bowl,local_triangles:0.5,local_triangles,0.5,True,7882,0.468755,0.27564299717267543,0.46811420748162647,4096,10fc1f62429d895066ababcff010f9d1863383819bbee38f8237a7b8fe89d473,8ed13c748834490a8fb6dbe5fa3d416f63476ef917fc12d83701166ebf0bbe4f
rotating-direction,hybrid:0.05,hybrid,0.05,True,237404,0.04992667154947916,0.005972352299658673,0.022069137104391956,4096,0be88989863717c6434da048b3102a494aeddb87f62d6310f59c12181460c367,ee5d45308e3972b0669ff87e6b9b31cfb59d8dfb092cb982766745fa52d19ceb
rotating-direction,compact_hybrid:0.05,compact_hybrid,0.05,True,105128,0.04992667154947916,0.0059723522996586575,0.022069137104391956,4096,0be88989863717c6434da048b3102a494aeddb87f62d6310f59c12181460c367,434178800c4fc37c12e72b9b2ad99320c6417d2f59a73b48639b928267ae79be
rotating-direction,local_triangles:0.05,local_triangles,0.05,True,224473,0.04980587280273437,0.006305255861518878,0.029622283225890556,4096,0be88989863717c6434da048b3102a494aeddb87f62d6310f59c12181460c367,99d67e8dd8deb367bcfcc9d83945d5f7074a1d7bf0f11c3b64b928d47e0988b4
rotating-direction,hybrid:0.1,hybrid,0.1,True,131251,0.0999945731608073,0.01612051495850465,0.07025151248597439,4096,0be88989863717c6434da048b3102a494aeddb87f62d6310f59c12181460c367,3d9d8fb13b123f033e94872e37961010712fa972fba4bd1f33aeaf99ff17bcca
rotating-direction,compact_hybrid:0.1,compact_hybrid,0.1,True,56929,0.0999945731608073,0.016120514958504657,0.07025151248597439,4096,0be88989863717c6434da048b3102a494aeddb87f62d6310f59c12181460c367,05378003baa5b03720d1df31a600d57589598f2c80c6a6ada91de0b87fbfae56
rotating-direction,local_triangles:0.1,local_triangles,0.1,True,113056,0.09993099487304688,0.014016131538276183,0.05233596061255241,4096,0be88989863717c6434da048b3102a494aeddb87f62d6310f59c12181460c367,8bd7c089043cf5fee55bbebd9b963b062fc8832e87862108b98c33134cefbe72
rotating-direction,hybrid:0.25,hybrid,0.25,True,44554,0.244145625,0.032165277540860356,0.10229019431687192,4096,0be88989863717c6434da048b3102a494aeddb87f62d6310f59c12181460c367,db500229f560d68e08c6866fceaf98e3fec48557768cd41a2eac5cc4c80889cc
rotating-direction,compact_hybrid:0.25,compact_hybrid,0.25,True,25768,0.244145625,0.03216527754086034,0.10229019431687192,4096,0be88989863717c6434da048b3102a494aeddb87f62d6310f59c12181460c367,dc4c7347fd388471ff07dbf08feebb43cdc2a4b9a5b2c875e74d1e090604d56b
rotating-direction,local_triangles:0.25,local_triangles,0.25,True,44201,0.24943533854166666,0.031348918784707906,0.14405007555491522,4096,0be88989863717c6434da048b3102a494aeddb87f62d6310f59c12181460c367,5c9184cf0b44e344d48d559709b19321f444f0c7d973fe7fc0499bde1950341d
rotating-direction,hybrid:0.5,hybrid,0.5,True,23715,0.49967947916666666,0.0762230440160746,0.28061988199418764,4096,0be88989863717c6434da048b3102a494aeddb87f62d6310f59c12181460c367,086a2781845135aad7aa1894264fd085771cce23cdb325ede3de3c6fdac807a9
rotating-direction,compact_hybrid:0.5,compact_hybrid,0.5,True,14446,0.49967947916666666,0.0762230440160746,0.28061988199418764,4096,0be88989863717c6434da048b3102a494aeddb87f62d6310f59c12181460c367,f79054d896231b91892474e0523ffba6e403397011b0af089d96aa84c309fad7
rotating-direction,local_triangles:0.5,local_triangles,0.5,True,25009,0.49479666666666666,0.06144134155816456,0.1965629267718363,4096,0be88989863717c6434da048b3102a494aeddb87f62d6310f59c12181460c367,af62ed5153c85a0dfa92ce63d642e8cb4f7a1ba3094827a99158e5a65bfa73dc
sharp-ridge,hybrid:0.05,hybrid,0.05,True,851,5e-06,2.979945937023131e-15,1.4210854715202004e-14,4096,1feade770e68fa032ca157a7e548627209d84700f1054b122b17ff17d031f099,9669be99ee1d4719468553932585b8712cba34f843c30066cbf92391e472e206
sharp-ridge,compact_hybrid:0.05,compact_hybrid,0.05,True,851,5e-06,3.2002070358452693e-15,1.4210854715202004e-14,4096,1feade770e68fa032ca157a7e548627209d84700f1054b122b17ff17d031f099,34574ce21fc18c3b25593056200a1b76841f7231ed9121d66c10bc6e598bd66f
sharp-ridge,local_triangles:0.05,local_triangles,0.05,True,870,5e-06,3.3712457323395986e-15,1.4210854715202004e-14,4096,1feade770e68fa032ca157a7e548627209d84700f1054b122b17ff17d031f099,9460410c16f944ee95733e71f1adfb0dafd2ef9c7924d396f8a9d32669994a34
sharp-ridge,hybrid:0.1,hybrid,0.1,True,850,5e-06,2.979945937023131e-15,1.4210854715202004e-14,4096,1feade770e68fa032ca157a7e548627209d84700f1054b122b17ff17d031f099,9be6fe4e822472dd9efbd91e2d78f112e6b38aaa305eab243b0641f414958ab5
sharp-ridge,compact_hybrid:0.1,compact_hybrid,0.1,True,850,5e-06,3.2002070358452693e-15,1.4210854715202004e-14,4096,1feade770e68fa032ca157a7e548627209d84700f1054b122b17ff17d031f099,b785ea0993ad6c5327fa0af3fd21e3837bb6bf921961de882aed609912cc860d
sharp-ridge,local_triangles:0.1,local_triangles,0.1,True,869,5e-06,3.3712457323395986e-15,1.4210854715202004e-14,4096,1feade770e68fa032ca157a7e548627209d84700f1054b122b17ff17d031f099,23cb9d3f3428462b80d36f39a7b47ebd7155f6a4b1c7aa63a927018c4244c5fb
sharp-ridge,hybrid:0.25,hybrid,0.25,True,851,5e-06,2.979945937023131e-15,1.4210854715202004e-14,4096,1feade770e68fa032ca157a7e548627209d84700f1054b122b17ff17d031f099,07c2624c75508d84733aa189b857537efdeb051a81da790fe81dec61d4017895
sharp-ridge,compact_hybrid:0.25,compact_hybrid,0.25,True,851,5e-06,3.2002070358452693e-15,1.4210854715202004e-14,4096,1feade770e68fa032ca157a7e548627209d84700f1054b122b17ff17d031f099,5b63c1f3d47c4828fa6d607477c0bae2b5a557a221c3dc95883182316fb2070f
sharp-ridge,local_triangles:0.25,local_triangles,0.25,True,870,5e-06,3.3712457323395986e-15,1.4210854715202004e-14,4096,1feade770e68fa032ca157a7e548627209d84700f1054b122b17ff17d031f099,5cf420e1bceaf621b3e1a2163575f166a09bdd12057126f535a76069e8f47779
sharp-ridge,hybrid:0.5,hybrid,0.5,True,850,5e-06,2.979945937023131e-15,1.4210854715202004e-14,4096,1feade770e68fa032ca157a7e548627209d84700f1054b122b17ff17d031f099,694c05ff42570d94febda1b3a60ddaa86985c33de1eb7c0c3b8f8abf9e3e1900
sharp-ridge,compact_hybrid:0.5,compact_hybrid,0.5,True,850,5e-06,3.2002070358452693e-15,1.4210854715202004e-14,4096,1feade770e68fa032ca157a7e548627209d84700f1054b122b17ff17d031f099,c6692c2f20629cb755180d6a5e33606a894ae15df51f08fdb9cf4ed11d270627
sharp-ridge,local_triangles:0.5,local_triangles,0.5,True,869,5e-06,3.3712457323395986e-15,1.4210854715202004e-14,4096,1feade770e68fa032ca157a7e548627209d84700f1054b122b17ff17d031f099,0bd7bced16230b3b2e90987351938939bc874b561065f6a77622b92b91d49d06
swiss-dem-crop,hybrid:0.05,hybrid,0.05,True,1580455,0.049992209330195506,0.007785885344096351,0.04919025824756318,4096,8f26fda32a220747424e69ccd1869fb269fcd15c5f22e5316d44a4091809ea5c,d794510733c52b9afe5b7ef110865903ca9a02ba3f09fa36787a81276663229e
swiss-dem-crop,compact_hybrid:0.05,compact_hybrid,0.05,True,647240,0.049992209330195506,0.007785885344094486,0.04919025824779055,4096,8f26fda32a220747424e69ccd1869fb269fcd15c5f22e5316d44a4091809ea5c,516c2202045723c43db249bd86b4e171a1eb40f966abe55a59a56f5b747b39fd
swiss-dem-crop,local_triangles:0.05,local_triangles,0.05,True,614702,0.04999244370516116,0.013198256515961926,0.049177771734548514,4096,8f26fda32a220747424e69ccd1869fb269fcd15c5f22e5316d44a4091809ea5c,bce9d54219f5eb366635f3b191a10f1bcd0cc73c75f5fba5be91922cd8097691
swiss-dem-crop,multipatch:0.05,multipatch,0.05,True,739106,0.04999244370516116,0.013198256515961926,0.049177771734548514,4096,8f26fda32a220747424e69ccd1869fb269fcd15c5f22e5316d44a4091809ea5c,baab1e921e6dad13b7d2ced201acc9232cfe6dac3dc74a88ab86f1b957a32630
swiss-dem-crop,hybrid:0.1,hybrid,0.1,True,1578686,0.09930802964278136,0.008901328524485686,0.07809447577210449,4096,8f26fda32a220747424e69ccd1869fb269fcd15c5f22e5316d44a4091809ea5c,85a266e13df8f37fec2ff01413c7d1c68cb6f7b4a6dbcb6c708dc9a2ab7fea27
swiss-dem-crop,compact_hybrid:0.1,compact_hybrid,0.1,True,589617,0.09930802964278136,0.00890132852448388,0.07809447577210449,4096,8f26fda32a220747424e69ccd1869fb269fcd15c5f22e5316d44a4091809ea5c,61992ac6bbb11fb0a991a99b6411ba517389f5c8de77dbd0ddf52173b3723b54
swiss-dem-crop,local_triangles:0.1,local_triangles,0.1,True,297752,0.0999803147990513,0.028059740829638406,0.09203319613789063,4096,8f26fda32a220747424e69ccd1869fb269fcd15c5f22e5316d44a4091809ea5c,604fafd6ae3d325e793a2ecb45af84d2f761eb60e292e6cf476015afa386d10d
swiss-dem-crop,multipatch:0.1,multipatch,0.1,True,361330,0.0999803147990513,0.028059740829638406,0.09203319613789063,4096,8f26fda32a220747424e69ccd1869fb269fcd15c5f22e5316d44a4091809ea5c,21faf4b0a63c566d31eb0ef7c96bf6b4866f6a9a200bc1d025623634da6a6e66
swiss-dem-crop,hybrid:0.25,hybrid,0.25,True,409756,0.2442671507365156,0.039053873034980535,0.20323516514645235,4096,8f26fda32a220747424e69ccd1869fb269fcd15c5f22e5316d44a4091809ea5c,78f9ceaea82a385afe64913d67c7858dccd4dffdf6c072c9aba6d8c8099efab5
swiss-dem-crop,compact_hybrid:0.25,compact_hybrid,0.25,True,218761,0.2442671507365156,0.03905387303498227,0.20323516514645235,4096,8f26fda32a220747424e69ccd1869fb269fcd15c5f22e5316d44a4091809ea5c,83ed6f7b57a3197b3a42530f454bcf09241919a634c8a292e604c3ed8e614bdb
swiss-dem-crop,local_triangles:0.25,local_triangles,0.25,True,61814,0.24992870835377454,0.07265606279915894,0.24026674343576815,4096,8f26fda32a220747424e69ccd1869fb269fcd15c5f22e5316d44a4091809ea5c,ee106aba07f91405aa34a5ae55e2fc811bea7382404650fafd350fe2644f9997
swiss-dem-crop,multipatch:0.25,multipatch,0.25,True,77722,0.24992870835377454,0.07265606279915894,0.24026674343576815,4096,8f26fda32a220747424e69ccd1869fb269fcd15c5f22e5316d44a4091809ea5c,93610bc7cc07be794ca1d47a94a07dd81ade8b2dc9e263b7ab4832becc476fd2
swiss-dem-crop,hybrid:0.5,hybrid,0.5,True,42343,0.49643389878339056,0.10953045001770266,0.4458296173568215,4096,8f26fda32a220747424e69ccd1869fb269fcd15c5f22e5316d44a4091809ea5c,73e299fa252ad33ab8a1c49b55f4c217c80a7efb863a75536ae8d95d57d294b4
swiss-dem-crop,compact_hybrid:0.5,compact_hybrid,0.5,True,24367,0.49643389878339056,0.10953045001770376,0.4458296173568215,4096,8f26fda32a220747424e69ccd1869fb269fcd15c5f22e5316d44a4091809ea5c,2ec8b3402e0c8ac426e774a5d7514a7eb96f50f2de9ec5f8c386d6851121e8ed
swiss-dem-crop,local_triangles:0.5,local_triangles,0.5,True,13057,0.4966706053262549,0.13744840838963307,0.4436380982742776,4096,8f26fda32a220747424e69ccd1869fb269fcd15c5f22e5316d44a4091809ea5c,cccae062c700b3c02c40553ffabd489329d472368494348c52c73bed41d75bf9
swiss-dem-crop,multipatch:0.5,multipatch,0.5,True,16474,0.4966706053262549,0.13744840838963307,0.4436380982742776,4096,8f26fda32a220747424e69ccd1869fb269fcd15c5f22e5316d44a4091809ea5c,0106c2187b791dadc6cff87c3bd57b64fd612f7d4cb42d2e94d5b89c791861b0
