case_id,condition,constraint,method,complete_bytes,e2_m2,continuous_bound_m,ruled_cells,minus_cells,plus_cells
manchester-centre,bytes,256,p1-local,204,8.301279135084533,0.4391545663720441,0,0,1
manchester-centre,bytes,256,hybrid-local,204,8.059576571840388,0.38981494411290407,1,0,0
manchester-centre,bytes,512,p1-local,432,6.205432828972533,0.43461001023114443,0,2,2
manchester-centre,bytes,512,hybrid-local,432,6.172686226634174,0.43461001023114443,1,1,2
manchester-centre,bytes,1024,p1-local,644,5.573108495452167,0.4189687977677655,0,3,5
manchester-centre,bytes,1024,hybrid-local,644,5.573108495452167,0.4189687977677655,0,3,5
manchester-centre,bytes,2048,p1-local,1836,3.5427691987847307,0.2914397726899457,0,18,14
manchester-centre,bytes,2048,hybrid-local,1856,3.5412787583059018,0.2914397726899457,2,18,12
manchester-centre,bytes,4096,p1-local,3216,2.8731697222799584,0.24962806805432555,0,34,30
manchester-centre,bytes,4096,hybrid-local,3336,2.8687269345215416,0.24962806805432555,8,30,26
manchester-centre,bytes,8192,p1-local,6036,2.329981389224203,0.24962806805432555,0,66,62
manchester-centre,bytes,8192,hybrid-local,6136,2.328167640334086,0.24962806805432555,8,60,60
manchester-centre,bytes,16384,p1-local,11204,1.3846834599954,0.18149948223889587,0,142,114
manchester-centre,bytes,16384,hybrid-local,11784,1.379000808518095,0.18149948223889587,34,116,106
manchester-centre,bytes,32768,p1-local,22640,1.0073554171038492,0.17549896344006774,0,267,245
manchester-centre,bytes,32768,hybrid-local,23520,1.0041061834193343,0.17549896344006774,83,211,218
manchester-centre,bytes,65536,p1-local,43308,0.5418960674246012,0.08699989422620057,0,519,505
manchester-centre,bytes,65536,hybrid-local,45628,0.5389018317504973,0.08699989422620057,184,380,460
manchester-centre,bytes,135528,p1-local,135528,0.09667920087969886,0.024750710571415407,0,4096,0
manchester-centre,bytes,135528,hybrid-local,135528,0.0,1.0377239990234376e-09,4096,0,0
manchester-centre,maximum_error,0.01,p1-local,,,,,,
manchester-centre,maximum_error,0.01,hybrid-local,135528,0.0,1.0377239990234376e-09,4096,0,0
manchester-centre,maximum_error,0.025,p1-local,135528,0.09667920087969886,0.024750710571415407,0,4096,0
manchester-centre,maximum_error,0.025,hybrid-local,135528,0.0,1.0377239990234376e-09,4096,0,0
manchester-centre,maximum_error,0.05,p1-local,135528,0.09667920087969886,0.024750710571415407,0,4096,0
manchester-centre,maximum_error,0.05,hybrid-local,135528,0.0,1.0377239990234376e-09,4096,0,0
manchester-centre,maximum_error,0.1,p1-local,43308,0.5418960674246012,0.08699989422620057,0,519,505
manchester-centre,maximum_error,0.1,hybrid-local,45628,0.5389018317504973,0.08699989422620057,184,380,460
manchester-centre,maximum_error,0.25,p1-local,3216,2.8731697222799584,0.24962806805432555,0,34,30
manchester-centre,maximum_error,0.25,hybrid-local,3336,2.8687269345215416,0.24962806805432555,8,30,26
manchester-centre,maximum_error,0.5,p1-local,204,8.301279135084533,0.4391545663720441,0,0,1
manchester-centre,maximum_error,0.5,hybrid-local,204,8.059576571840388,0.38981494411290407,1,0,0
manchester-north-quarter,bytes,256,p1-local,204,120.50641505053062,4.611987174586697,0,1,0
manchester-north-quarter,bytes,256,hybrid-local,204,120.50641505053062,4.611987174586697,0,1,0
manchester-north-quarter,bytes,512,p1-local,368,50.75433973079466,2.576212645606442,0,4,0
manchester-north-quarter,bytes,512,hybrid-local,368,50.75433973079466,2.576212645606442,0,4,0
manchester-north-quarter,bytes,1024,p1-local,1008,29.23639681700838,1.7874798785013395,0,12,4
manchester-north-quarter,bytes,1024,hybrid-local,604,43.48916218143905,2.9768549214166837,1,7,0
manchester-north-quarter,bytes,2048,p1-local,1656,21.97475965703028,1.7874798785013395,0,27,5
manchester-north-quarter,bytes,2048,hybrid-local,1716,21.782766567959154,1.7874798785013395,4,25,3
manchester-north-quarter,bytes,4096,p1-local,3016,10.17298780314202,0.9257912646097379,0,53,11
manchester-north-quarter,bytes,4096,hybrid-local,3136,10.168649892769574,0.9257912646097379,7,49,8
manchester-north-quarter,bytes,8192,p1-local,5916,7.564564042800226,1.053988934592648,0,94,34
manchester-north-quarter,bytes,8192,hybrid-local,6016,7.539115272087009,1.053988934592648,12,88,28
manchester-north-quarter,bytes,16384,p1-local,10844,3.6685733716175943,0.6258611689371305,0,180,76
manchester-north-quarter,bytes,16384,hybrid-local,11264,3.6583886714020726,0.6258611689371305,34,163,59
manchester-north-quarter,bytes,32768,p1-local,21580,2.315152735541606,0.583151818351193,0,361,151
manchester-north-quarter,bytes,32768,hybrid-local,22160,2.2912972123295754,0.583151818351193,40,337,135
manchester-north-quarter,bytes,65536,p1-local,41608,1.1005027262308305,0.38216114147131014,0,659,365
manchester-north-quarter,bytes,65536,hybrid-local,43868,1.0767514825671547,0.38216114147131014,167,546,311
manchester-north-quarter,bytes,135528,p1-local,135528,0.40448881335678377,0.20032215221349764,0,4096,0
manchester-north-quarter,bytes,135528,hybrid-local,135528,0.0,1.0294156188964845e-09,4096,0,0
manchester-north-quarter,maximum_error,0.01,p1-local,,,,,,
manchester-north-quarter,maximum_error,0.01,hybrid-local,135528,0.0,1.0294156188964845e-09,4096,0,0
manchester-north-quarter,maximum_error,0.025,p1-local,,,,,,
manchester-north-quarter,maximum_error,0.025,hybrid-local,135528,0.0,1.0294156188964845e-09,4096,0,0
manchester-north-quarter,maximum_error,0.05,p1-local,,,,,,
manchester-north-quarter,maximum_error,0.05,hybrid-local,135528,0.0,1.0294156188964845e-09,4096,0,0
manchester-north-quarter,maximum_error,0.1,p1-local,,,,,,
manchester-north-quarter,maximum_error,0.1,hybrid-local,135528,0.0,1.0294156188964845e-09,4096,0,0
manchester-north-quarter,maximum_error,0.25,p1-local,135528,0.40448881335678377,0.20032215221349764,0,4096,0
manchester-north-quarter,maximum_error,0.25,hybrid-local,135528,0.0,1.0294156188964845e-09,4096,0,0
manchester-north-quarter,maximum_error,0.5,p1-local,41608,1.1005027262308305,0.38216114147131014,0,659,365
manchester-north-quarter,maximum_error,0.5,hybrid-local,43868,1.0767514825671547,0.38216114147131014,167,546,311
york-centre,bytes,256,p1-local,204,23.428834610062435,0.9277189086112488,0,1,0
york-centre,bytes,256,hybrid-local,204,23.428834610062435,0.9277189086112488,0,1,0
york-centre,bytes,512,p1-local,388,20.858582595168787,1.0238135467204559,0,3,1
york-centre,bytes,512,hybrid-local,388,20.858582595168787,1.0238135467204559,0,3,1
york-centre,bytes,1024,p1-local,988,8.069648873440707,0.6389383683833588,0,8,8
york-centre,bytes,1024,hybrid-local,1008,8.001884557647776,0.6389383683833588,1,7,8
york-centre,bytes,2048,p1-local,1716,6.678629872371193,0.5216256390246857,0,16,16
york-centre,bytes,2048,hybrid-local,1816,6.634593114668687,0.5216256390246857,5,15,12
york-centre,bytes,4096,p1-local,3136,4.59265634262416,0.4260002384814728,0,32,32
york-centre,bytes,4096,hybrid-local,3356,4.548293568644347,0.4260002384814728,9,28,27
york-centre,bytes,8192,p1-local,6156,3.353301988695924,0.4001253853473175,0,60,68
york-centre,bytes,8192,hybrid-local,6296,3.3490382391752447,0.4001253853473175,12,53,63
york-centre,bytes,16384,p1-local,11184,2.1830425345019346,0.41825032335848694,0,135,121
york-centre,bytes,16384,hybrid-local,11884,2.174749693088523,0.41825032335848694,39,106,111
york-centre,bytes,32768,p1-local,21180,1.615754165491895,0.33900070292086487,0,248,264
york-centre,bytes,32768,hybrid-local,22240,1.6108036279166067,0.33900070292086487,81,184,247
york-centre,bytes,65536,p1-local,42008,0.740841407761387,0.22999954325289612,0,512,512
york-centre,bytes,65536,hybrid-local,44688,0.7319824310799855,0.22999954325289612,215,362,447
york-centre,bytes,135528,p1-local,135528,0.21542632855564656,0.09299993616671448,0,4096,0
york-centre,bytes,135528,hybrid-local,135528,0.0,1.016568000793457e-09,4096,0,0
york-centre,maximum_error,0.01,p1-local,,,,,,
york-centre,maximum_error,0.01,hybrid-local,135528,0.0,1.016568000793457e-09,4096,0,0
york-centre,maximum_error,0.025,p1-local,,,,,,
york-centre,maximum_error,0.025,hybrid-local,135528,0.0,1.016568000793457e-09,4096,0,0
york-centre,maximum_error,0.05,p1-local,,,,,,
york-centre,maximum_error,0.05,hybrid-local,135528,0.0,1.016568000793457e-09,4096,0,0
york-centre,maximum_error,0.1,p1-local,135528,0.21542632855564656,0.09299993616671448,0,4096,0
york-centre,maximum_error,0.1,hybrid-local,135528,0.0,1.016568000793457e-09,4096,0,0
york-centre,maximum_error,0.25,p1-local,42008,0.740841407761387,0.22999954325289612,0,512,512
york-centre,maximum_error,0.25,hybrid-local,44688,0.7319824310799855,0.22999954325289612,215,362,447
york-centre,maximum_error,0.5,p1-local,3136,4.59265634262416,0.4260002384814728,0,32,32
york-centre,maximum_error,0.5,hybrid-local,3292,6.655470944924899,0.4789999733600128,4,36,24
york-north-quarter,bytes,256,p1-local,204,13.489849313844505,0.7431871603145914,0,0,1
york-north-quarter,bytes,256,hybrid-local,204,13.489849313844505,0.7431871603145914,0,0,1
york-north-quarter,bytes,512,p1-local,372,9.591397438388537,0.471999467433961,0,0,4
york-north-quarter,bytes,512,hybrid-local,392,9.488703661161152,0.471999467433961,1,0,3
york-north-quarter,bytes,1024,p1-local,976,8.203050858689567,0.5274057994499521,0,8,8
york-north-quarter,bytes,1024,hybrid-local,976,8.203050858689567,0.5274057994499521,0,8,8
york-north-quarter,bytes,2048,p1-local,1756,4.3793004456235565,0.47862482172396953,0,14,18
york-north-quarter,bytes,2048,hybrid-local,1876,4.339566344526122,0.4459996233597117,8,10,14
york-north-quarter,bytes,4096,p1-local,3116,3.1485725193989658,0.3847496519699412,0,33,31
york-north-quarter,bytes,4096,hybrid-local,3216,3.1364369019532394,0.3847496519699412,9,25,30
york-north-quarter,bytes,8192,p1-local,6156,2.816915371037214,0.37487518888858135,0,65,63
york-north-quarter,bytes,8192,hybrid-local,6296,2.81157369000679,0.37487518888858135,11,58,59
york-north-quarter,bytes,16384,p1-local,11104,1.8824817705167067,0.31474971872714336,0,112,144
york-north-quarter,bytes,16384,hybrid-local,11524,1.8796437462363897,0.31474971872714336,31,91,134
york-north-quarter,bytes,32768,p1-local,22460,1.4922829740173804,0.26849985224154765,0,228,284
york-north-quarter,bytes,32768,hybrid-local,23260,1.4871066818622976,0.26849985224154765,57,184,271
york-north-quarter,bytes,65536,p1-local,43388,0.7540094906742788,0.2549996386185008,0,485,539
york-north-quarter,bytes,65536,hybrid-local,45548,0.7496268147448218,0.2549996386185008,190,347,487
york-north-quarter,bytes,135528,p1-local,135528,0.20063877860073887,0.10424971681979471,0,4096,0
york-north-quarter,bytes,135528,hybrid-local,135528,0.0,1.014741000175476e-09,4096,0,0
york-north-quarter,maximum_error,0.01,p1-local,,,,,,
york-north-quarter,maximum_error,0.01,hybrid-local,135528,0.0,1.014741000175476e-09,4096,0,0
york-north-quarter,maximum_error,0.025,p1-local,,,,,,
york-north-quarter,maximum_error,0.025,hybrid-local,135528,0.0,1.014741000175476e-09,4096,0,0
york-north-quarter,maximum_error,0.05,p1-local,,,,,,
york-north-quarter,maximum_error,0.05,hybrid-local,135528,0.0,1.014741000175476e-09,4096,0,0
york-north-quarter,maximum_error,0.1,p1-local,,,,,,
york-north-quarter,maximum_error,0.1,hybrid-local,135528,0.0,1.014741000175476e-09,4096,0,0
york-north-quarter,maximum_error,0.25,p1-local,87264,0.565627024981013,0.20549965006259258,0,1026,1022
york-north-quarter,maximum_error,0.25,hybrid-local,91984,0.5553993421909647,0.20549965006259258,485,675,888
york-north-quarter,maximum_error,0.5,p1-local,260,11.03214660083493,0.44146940213588054,0,0,2
york-north-quarter,maximum_error,0.5,hybrid-local,260,11.03214660083493,0.44146940213588054,0,0,2
bath-centre,bytes,256,p1-local,204,23.567391626964,0.9955471168382029,0,0,1
bath-centre,bytes,256,hybrid-local,204,23.567391626964,0.9955471168382029,0,0,1
bath-centre,bytes,512,p1-local,388,13.745087713097828,0.8462504158837656,0,3,1
bath-centre,bytes,512,hybrid-local,388,13.745087713097828,0.8462504158837656,0,3,1
bath-centre,bytes,1024,p1-local,988,7.448202794854919,0.5741255293710092,0,8,8
bath-centre,bytes,1024,hybrid-local,624,9.705163990852716,0.7742517004830698,1,6,1
bath-centre,bytes,2048,p1-local,1716,6.4346142260830685,0.8619999895913462,0,20,12
bath-centre,bytes,2048,hybrid-local,1756,6.431883591301282,0.8619999895913462,3,18,11
bath-centre,bytes,4096,p1-local,3176,4.901143481402171,0.8018746386391977,0,30,34
bath-centre,bytes,4096,hybrid-local,3256,4.865047370095026,0.8018746386391977,9,24,31
bath-centre,bytes,8192,p1-local,6096,3.0757657503095728,0.44099879368375344,0,64,64
bath-centre,bytes,8192,hybrid-local,6276,3.032032240673588,0.44099879368375344,20,49,59
bath-centre,bytes,16384,p1-local,11184,2.0039825197810193,0.3330020914895396,0,136,120
bath-centre,bytes,16384,hybrid-local,11644,2.000120016503176,0.3330020914895396,42,102,112
bath-centre,bytes,32768,p1-local,21540,1.4401179301505955,0.2972502718789439,0,286,226
bath-centre,bytes,32768,hybrid-local,22640,1.431028609536415,0.2972502718789439,95,206,211
bath-centre,bytes,65536,p1-local,42628,0.7351661366202864,0.21899986370633645,0,547,477
bath-centre,bytes,65536,hybrid-local,44908,0.725766710009364,0.21899986370633645,217,360,447
bath-centre,bytes,135528,p1-local,135528,0.18938153998645268,0.10150003536771339,0,4096,0
bath-centre,bytes,135528,hybrid-local,135528,0.0,1.0354379997253418e-09,4096,0,0
bath-centre,maximum_error,0.01,p1-local,,,,,,
bath-centre,maximum_error,0.01,hybrid-local,135528,0.0,1.0354379997253418e-09,4096,0,0
bath-centre,maximum_error,0.025,p1-local,,,,,,
bath-centre,maximum_error,0.025,hybrid-local,135528,0.0,1.0354379997253418e-09,4096,0,0
bath-centre,maximum_error,0.05,p1-local,,,,,,
bath-centre,maximum_error,0.05,hybrid-local,135528,0.0,1.0354379997253418e-09,4096,0,0
bath-centre,maximum_error,0.1,p1-local,,,,,,
bath-centre,maximum_error,0.1,hybrid-local,135528,0.0,1.0354379997253418e-09,4096,0,0
bath-centre,maximum_error,0.25,p1-local,42628,0.7351661366202864,0.21899986370633645,0,547,477
bath-centre,maximum_error,0.25,hybrid-local,44908,0.725766710009364,0.21899986370633645,217,360,447
bath-centre,maximum_error,0.5,p1-local,6096,3.0757657503095728,0.44099879368375344,0,64,64
bath-centre,maximum_error,0.5,hybrid-local,6276,3.032032240673588,0.44099879368375344,20,49,59
bath-north-quarter,bytes,256,p1-local,204,85.84606076533753,4.37414097894711,0,1,0
bath-north-quarter,bytes,256,hybrid-local,204,85.84606076533753,4.37414097894711,0,1,0
bath-north-quarter,bytes,512,p1-local,412,46.79195167313896,2.906767488613553,0,1,3
bath-north-quarter,bytes,512,hybrid-local,392,45.983146016091084,2.906767488613553,2,0,2
bath-north-quarter,bytes,1024,p1-local,584,39.24618601220967,2.697654963627286,0,4,4
bath-north-quarter,bytes,1024,hybrid-local,584,39.17403215422785,2.697654963627286,1,3,4
bath-north-quarter,bytes,2048,p1-local,1836,23.665966543138623,2.1116247188000155,0,20,12
bath-north-quarter,bytes,2048,hybrid-local,1896,23.640738151576542,2.1116247188000155,4,17,11
bath-north-quarter,bytes,4096,p1-local,3196,19.71066117098049,1.9135017405895662,0,30,34
bath-north-quarter,bytes,4096,hybrid-local,3216,19.69049882206396,1.9135017405895662,4,29,31
bath-north-quarter,bytes,8192,p1-local,6056,12.88925358232008,1.4782466899303865,0,68,60
bath-north-quarter,bytes,8192,hybrid-local,6416,12.757792205613951,1.4782466899303865,17,62,49
bath-north-quarter,bytes,16384,p1-local,11804,7.978642683666593,1.243499756946988,0,129,127
bath-north-quarter,bytes,16384,hybrid-local,12244,7.961153653322792,1.243499756946988,31,118,107
bath-north-quarter,bytes,32768,p1-local,22140,5.683640527233534,1.1899986277965975,0,284,228
bath-north-quarter,bytes,32768,hybrid-local,23220,5.6515489944294,1.1899986277965975,62,251,199
bath-north-quarter,bytes,65536,p1-local,44268,2.785102224201385,0.5590057383923005,0,542,482
bath-north-quarter,bytes,65536,hybrid-local,46228,2.7348716681172944,0.5590057383923005,147,460,417
bath-north-quarter,bytes,135528,p1-local,135528,0.5967627559514912,0.19550132860226144,0,4096,0
bath-north-quarter,bytes,135528,hybrid-local,135528,0.0,1.087613006591797e-09,4096,0,0
bath-north-quarter,maximum_error,0.01,p1-local,,,,,,
bath-north-quarter,maximum_error,0.01,hybrid-local,135528,0.0,1.087613006591797e-09,4096,0,0
bath-north-quarter,maximum_error,0.025,p1-local,,,,,,
bath-north-quarter,maximum_error,0.025,hybrid-local,135528,0.0,1.087613006591797e-09,4096,0,0
bath-north-quarter,maximum_error,0.05,p1-local,,,,,,
bath-north-quarter,maximum_error,0.05,hybrid-local,135528,0.0,1.087613006591797e-09,4096,0,0
bath-north-quarter,maximum_error,0.1,p1-local,,,,,,
bath-north-quarter,maximum_error,0.1,hybrid-local,135528,0.0,1.087613006591797e-09,4096,0,0
bath-north-quarter,maximum_error,0.25,p1-local,135528,0.5967627559514912,0.19550132860226144,0,4096,0
bath-north-quarter,maximum_error,0.25,hybrid-local,135528,0.0,1.087613006591797e-09,4096,0,0
bath-north-quarter,maximum_error,0.5,p1-local,83684,1.9328125999474697,0.45749664415401925,0,1147,901
bath-north-quarter,maximum_error,0.5,hybrid-local,88684,1.901022422237549,0.45749664415401925,384,899,765
oxford-centre,bytes,256,p1-local,204,26.61886590112753,1.6975190054093563,0,1,0
oxford-centre,bytes,256,hybrid-local,204,26.61886590112753,1.6975190054093563,0,1,0
oxford-centre,bytes,512,p1-local,204,26.61886590112753,1.6975190054093563,0,1,0
oxford-centre,bytes,512,hybrid-local,204,26.61886590112753,1.6975190054093563,0,1,0
oxford-centre,bytes,1024,p1-local,1008,17.082757632805766,1.3257522593651974,0,7,9
oxford-centre,bytes,1024,hybrid-local,1008,17.08003138571624,1.3257522593651974,1,7,8
oxford-centre,bytes,2048,p1-local,1816,14.222612851953802,1.1750030528222286,0,13,19
oxford-centre,bytes,2048,hybrid-local,1876,14.220143994179256,1.1750030528222286,2,13,17
oxford-centre,bytes,4096,p1-local,3236,11.215888924461295,1.2772531520043575,0,33,31
oxford-centre,bytes,4096,hybrid-local,3316,11.182528764055794,1.296784282795068,10,26,28
oxford-centre,bytes,8192,p1-local,6096,8.243791009613863,1.2037525187646114,0,74,54
oxford-centre,bytes,8192,hybrid-local,6376,8.213945652703483,1.2037525187646114,13,63,52
oxford-centre,bytes,16384,p1-local,11244,5.7305669911348005,0.7865018855248652,0,150,106
oxford-centre,bytes,16384,hybrid-local,11724,5.70093605831776,0.7865018855248652,29,131,96
oxford-centre,bytes,32768,p1-local,21920,4.521880833174845,0.8490028391991816,0,285,227
oxford-centre,bytes,32768,hybrid-local,23100,4.510504751037686,0.8490028391991816,53,250,209
oxford-centre,bytes,65536,p1-local,43908,2.318010113728183,0.6160030375634394,0,562,462
oxford-centre,bytes,65536,hybrid-local,45888,2.3050377375708426,0.6160030375634394,137,477,410
oxford-centre,bytes,135528,p1-local,135528,0.45153319346449633,0.23350048171627147,0,4096,0
oxford-centre,bytes,135528,hybrid-local,135528,0.0,1.064416000366211e-09,4096,0,0
oxford-centre,maximum_error,0.01,p1-local,,,,,,
oxford-centre,maximum_error,0.01,hybrid-local,135528,0.0,1.064416000366211e-09,4096,0,0
oxford-centre,maximum_error,0.025,p1-local,,,,,,
oxford-centre,maximum_error,0.025,hybrid-local,135528,0.0,1.064416000366211e-09,4096,0,0
oxford-centre,maximum_error,0.05,p1-local,,,,,,
oxford-centre,maximum_error,0.05,hybrid-local,135528,0.0,1.064416000366211e-09,4096,0,0
oxford-centre,maximum_error,0.1,p1-local,,,,,,
oxford-centre,maximum_error,0.1,hybrid-local,135528,0.0,1.064416000366211e-09,4096,0,0
oxford-centre,maximum_error,0.25,p1-local,135528,0.45153319346449633,0.23350048171627147,0,4096,0
oxford-centre,maximum_error,0.25,hybrid-local,135528,0.0,1.064416000366211e-09,4096,0,0
oxford-centre,maximum_error,0.5,p1-local,135528,0.45153319346449633,0.23350048171627147,0,4096,0
oxford-centre,maximum_error,0.5,hybrid-local,135528,0.0,1.064416000366211e-09,4096,0,0
oxford-north-quarter,bytes,256,p1-local,204,12.734204355224303,0.7998409281872264,0,0,1
oxford-north-quarter,bytes,256,hybrid-local,204,12.734204355224303,0.7998409281872264,0,0,1
oxford-north-quarter,bytes,512,p1-local,388,8.603567580834586,0.7532477389477245,0,1,3
oxford-north-quarter,bytes,512,hybrid-local,388,8.603567580834586,0.7532477389477245,0,1,3
oxford-north-quarter,bytes,1024,p1-local,1008,6.778095423986839,0.7112507830761424,0,6,10
oxford-north-quarter,bytes,1024,hybrid-local,644,7.611695048302177,0.7532477389477245,0,3,5
oxford-north-quarter,bytes,2048,p1-local,1656,5.904591719458754,0.5429973612926952,0,11,21
oxford-north-quarter,bytes,2048,hybrid-local,1676,5.901345627517192,0.5429973612926952,2,9,21
oxford-north-quarter,bytes,4096,p1-local,3196,4.174311794574477,0.5429973612926952,0,20,44
oxford-north-quarter,bytes,4096,hybrid-local,3176,4.16851746091011,0.5429973612926952,5,17,42
oxford-north-quarter,bytes,8192,p1-local,6016,3.1322989928197247,0.3565006266735546,0,55,73
oxford-north-quarter,bytes,8192,hybrid-local,6356,3.1202437865479005,0.3565006266735546,18,46,64
oxford-north-quarter,bytes,16384,p1-local,11504,1.9127998361882206,0.3565006266735546,0,114,142
oxford-north-quarter,bytes,16384,hybrid-local,11944,1.8912450598763866,0.3565006266735546,23,106,127
oxford-north-quarter,bytes,32768,p1-local,22380,1.4673543998824228,0.204498292078828,0,238,274
oxford-north-quarter,bytes,32768,hybrid-local,23220,1.446146925217353,0.204498292078828,55,206,251
oxford-north-quarter,bytes,65536,p1-local,44588,0.7727541487320501,0.13249969588742175,0,527,497
oxford-north-quarter,bytes,65536,hybrid-local,46448,0.765390573930509,0.13249969588742175,139,454,431
oxford-north-quarter,bytes,135528,p1-local,135528,0.18908124764265147,0.056249619593476435,0,4096,0
oxford-north-quarter,bytes,135528,hybrid-local,135528,0.0,1.0632029991149903e-09,4096,0,0
oxford-north-quarter,maximum_error,0.01,p1-local,,,,,,
oxford-north-quarter,maximum_error,0.01,hybrid-local,135528,0.0,1.0632029991149903e-09,4096,0,0
oxford-north-quarter,maximum_error,0.025,p1-local,,,,,,
oxford-north-quarter,maximum_error,0.025,hybrid-local,135528,0.0,1.0632029991149903e-09,4096,0,0
oxford-north-quarter,maximum_error,0.05,p1-local,,,,,,
oxford-north-quarter,maximum_error,0.05,hybrid-local,135528,0.0,1.0632029991149903e-09,4096,0,0
oxford-north-quarter,maximum_error,0.1,p1-local,135528,0.18908124764265147,0.056249619593476435,0,4096,0
oxford-north-quarter,maximum_error,0.1,hybrid-local,135528,0.0,1.0632029991149903e-09,4096,0,0
oxford-north-quarter,maximum_error,0.25,p1-local,22380,1.4673543998824228,0.204498292078828,0,238,274
oxford-north-quarter,maximum_error,0.25,hybrid-local,23220,1.446146925217353,0.204498292078828,55,206,251
oxford-north-quarter,maximum_error,0.5,p1-local,6016,3.1322989928197247,0.3565006266735546,0,55,73
oxford-north-quarter,maximum_error,0.5,hybrid-local,6356,3.1202437865479005,0.3565006266735546,18,46,64
cambridge-centre,bytes,256,p1-local,204,19.619326389233567,1.0175932506907417,0,1,0
cambridge-centre,bytes,256,hybrid-local,204,19.619326389233567,1.0175932506907417,0,1,0
cambridge-centre,bytes,512,p1-local,392,15.48064457550582,0.8884378085720971,0,2,2
cambridge-centre,bytes,512,hybrid-local,392,14.976475987297716,0.8935623328078225,2,0,2
cambridge-centre,bytes,1024,p1-local,604,11.812736186783786,0.804968536912246,0,2,6
cambridge-centre,bytes,1024,hybrid-local,624,11.810500750213967,0.804968536912246,1,2,5
cambridge-centre,bytes,2048,p1-local,1676,8.017763093707098,0.8600002537358239,0,15,17
cambridge-centre,bytes,2048,hybrid-local,1716,8.01043587224006,0.8600002537358239,2,14,16
cambridge-centre,bytes,4096,p1-local,3016,6.7878297269545005,1.06475031477098,0,24,40
cambridge-centre,bytes,4096,hybrid-local,3116,6.77386348763039,1.06475031477098,6,19,39
cambridge-centre,bytes,8192,p1-local,6036,5.241807153120887,0.9532504091847375,0,53,75
cambridge-centre,bytes,8192,hybrid-local,6236,5.2250853020465495,0.9532504091847375,12,48,68
cambridge-centre,bytes,16384,p1-local,11564,3.3099679190329763,0.5802500258076623,0,118,138
cambridge-centre,bytes,16384,hybrid-local,11904,3.303340281021001,0.5802500258076623,22,108,126
cambridge-centre,bytes,32768,p1-local,22340,2.5065736014738143,0.4382495890248253,0,256,256
cambridge-centre,bytes,32768,hybrid-local,23060,2.5002149591545186,0.4382495890248253,48,226,238
cambridge-centre,bytes,65536,p1-local,43108,1.2814416364992955,0.3860001574147179,0,537,487
cambridge-centre,bytes,65536,hybrid-local,45448,1.2741900445918124,0.3860001574147179,149,448,427
cambridge-centre,bytes,135528,p1-local,135528,0.2930045114795945,0.14474988084916612,0,4096,0
cambridge-centre,bytes,135528,hybrid-local,135528,0.0,1.012130000114441e-09,4096,0,0
cambridge-centre,maximum_error,0.01,p1-local,,,,,,
cambridge-centre,maximum_error,0.01,hybrid-local,135528,0.0,1.012130000114441e-09,4096,0,0
cambridge-centre,maximum_error,0.025,p1-local,,,,,,
cambridge-centre,maximum_error,0.025,hybrid-local,135528,0.0,1.012130000114441e-09,4096,0,0
cambridge-centre,maximum_error,0.05,p1-local,,,,,,
cambridge-centre,maximum_error,0.05,hybrid-local,135528,0.0,1.012130000114441e-09,4096,0,0
cambridge-centre,maximum_error,0.1,p1-local,,,,,,
cambridge-centre,maximum_error,0.1,hybrid-local,135528,0.0,1.012130000114441e-09,4096,0,0
cambridge-centre,maximum_error,0.25,p1-local,135528,0.2930045114795945,0.14474988084916612,0,4096,0
cambridge-centre,maximum_error,0.25,hybrid-local,135528,0.0,1.012130000114441e-09,4096,0,0
cambridge-centre,maximum_error,0.5,p1-local,22340,2.5065736014738143,0.4382495890248253,0,256,256
cambridge-centre,maximum_error,0.5,hybrid-local,23060,2.5002149591545186,0.4382495890248253,48,226,238
cambridge-north-quarter,bytes,256,p1-local,204,24.824203235558986,0.9684529910621132,0,1,0
cambridge-north-quarter,bytes,256,hybrid-local,204,24.824203235558986,0.9684529910621132,0,1,0
cambridge-north-quarter,bytes,512,p1-local,388,15.591630640663153,0.9498749087390389,0,3,1
cambridge-north-quarter,bytes,512,hybrid-local,388,15.591630640663153,0.9498749087390389,0,3,1
cambridge-north-quarter,bytes,1024,p1-local,1016,12.432454631817313,0.9003124843177285,0,16,0
cambridge-north-quarter,bytes,1024,hybrid-local,1016,12.432454631817313,0.9003124843177285,0,16,0
cambridge-north-quarter,bytes,2048,p1-local,1676,8.579151316031945,0.8692499409255471,0,27,5
cambridge-north-quarter,bytes,2048,hybrid-local,1716,8.569778861125988,0.8692499409255471,3,26,3
cambridge-north-quarter,bytes,4096,p1-local,3332,7.23483179952869,0.879375160747477,0,46,18
cambridge-north-quarter,bytes,4096,hybrid-local,3432,7.233561557374817,0.879375160747477,4,43,17
cambridge-north-quarter,bytes,8192,p1-local,5996,4.733951624328127,0.6919997940597024,0,88,40
cambridge-north-quarter,bytes,8192,hybrid-local,6276,4.711416860899449,0.6919997940597024,14,79,35
cambridge-north-quarter,bytes,16384,p1-local,11936,3.617413007988755,0.43075001340479513,0,164,92
cambridge-north-quarter,bytes,16384,hybrid-local,12316,3.6126726333179104,0.43075001340479513,25,151,80
cambridge-north-quarter,bytes,32768,p1-local,22100,1.954134911506004,0.428749681526133,0,348,164
cambridge-north-quarter,bytes,32768,hybrid-local,22880,1.9453131817937346,0.428749681526133,56,310,146
cambridge-north-quarter,bytes,65536,p1-local,44188,1.2876069192952155,0.4544997225341286,0,637,387
cambridge-north-quarter,bytes,65536,hybrid-local,46508,1.2787697264729585,0.4544997225341286,134,558,332
cambridge-north-quarter,bytes,135528,p1-local,135528,0.2514730021985894,0.1057499657210793,0,4096,0
cambridge-north-quarter,bytes,135528,hybrid-local,135528,0.0,1.0070289998054505e-09,4096,0,0
cambridge-north-quarter,maximum_error,0.01,p1-local,,,,,,
cambridge-north-quarter,maximum_error,0.01,hybrid-local,135528,0.0,1.0070289998054505e-09,4096,0,0
cambridge-north-quarter,maximum_error,0.025,p1-local,,,,,,
cambridge-north-quarter,maximum_error,0.025,hybrid-local,135528,0.0,1.0070289998054505e-09,4096,0,0
cambridge-north-quarter,maximum_error,0.05,p1-local,,,,,,
cambridge-north-quarter,maximum_error,0.05,hybrid-local,135528,0.0,1.0070289998054505e-09,4096,0,0
cambridge-north-quarter,maximum_error,0.1,p1-local,,,,,,
cambridge-north-quarter,maximum_error,0.1,hybrid-local,135528,0.0,1.0070289998054505e-09,4096,0,0
cambridge-north-quarter,maximum_error,0.25,p1-local,135528,0.2514730021985894,0.1057499657210793,0,4096,0
cambridge-north-quarter,maximum_error,0.25,hybrid-local,135528,0.0,1.0070289998054505e-09,4096,0,0
cambridge-north-quarter,maximum_error,0.5,p1-local,11936,3.617413007988755,0.43075001340479513,0,164,92
cambridge-north-quarter,maximum_error,0.5,hybrid-local,12316,3.6126726333179104,0.43075001340479513,25,151,80
liverpool-centre,bytes,256,p1-local,204,185.22699741636762,6.570187644188311,0,1,0
liverpool-centre,bytes,256,hybrid-local,204,185.22699741636762,6.570187644188311,0,1,0
liverpool-centre,bytes,512,p1-local,412,138.55503241368652,7.262078219180014,0,3,1
liverpool-centre,bytes,512,hybrid-local,412,138.55503241368652,7.262078219180014,0,3,1
liverpool-centre,bytes,1024,p1-local,988,60.08990717172999,3.994375229899791,0,10,6
liverpool-centre,bytes,1024,hybrid-local,988,60.08990717172999,3.994375229899791,0,10,6
liverpool-centre,bytes,2048,p1-local,1676,35.846998895007694,3.275625766341594,0,24,8
liverpool-centre,bytes,2048,hybrid-local,1756,35.84699573919712,3.275625766341594,2,22,8
liverpool-centre,bytes,4096,p1-local,3056,23.09948033748192,2.4320000420259507,0,42,22
liverpool-centre,bytes,4096,hybrid-local,3176,22.97938199940038,2.4320000420259507,6,39,19
liverpool-centre,bytes,8192,p1-local,5856,13.13186592346989,1.5606244812654526,0,75,53
liverpool-centre,bytes,8192,hybrid-local,6416,13.083548912059495,1.5606244812654526,23,60,45
liverpool-centre,bytes,16384,p1-local,11604,9.405986114462817,1.476750374858287,0,157,99
liverpool-centre,bytes,16384,hybrid-local,12264,9.337421410605131,1.476750374858287,40,127,89
liverpool-centre,bytes,32768,p1-local,21780,5.255500152117173,0.940000058238414,0,281,231
liverpool-centre,bytes,32768,hybrid-local,22840,5.140952371658026,0.940000058238414,74,234,204
liverpool-centre,bytes,65536,p1-local,43188,2.887963593404794,0.6034998903917344,0,578,446
liverpool-centre,bytes,65536,hybrid-local,45068,2.87470009249447,0.6034998903917344,194,427,403
liverpool-centre,bytes,135528,p1-local,135528,0.678369669873684,0.23024988276233976,0,4096,0
liverpool-centre,bytes,135528,hybrid-local,135528,0.0,1.0179549999237062e-09,4096,0,0
liverpool-centre,maximum_error,0.01,p1-local,,,,,,
liverpool-centre,maximum_error,0.01,hybrid-local,135528,0.0,1.0179549999237062e-09,4096,0,0
liverpool-centre,maximum_error,0.025,p1-local,,,,,,
liverpool-centre,maximum_error,0.025,hybrid-local,135528,0.0,1.0179549999237062e-09,4096,0,0
liverpool-centre,maximum_error,0.05,p1-local,,,,,,
liverpool-centre,maximum_error,0.05,hybrid-local,135528,0.0,1.0179549999237062e-09,4096,0,0
liverpool-centre,maximum_error,0.1,p1-local,,,,,,
liverpool-centre,maximum_error,0.1,hybrid-local,135528,0.0,1.0179549999237062e-09,4096,0,0
liverpool-centre,maximum_error,0.25,p1-local,135528,0.678369669873684,0.23024988276233976,0,4096,0
liverpool-centre,maximum_error,0.25,hybrid-local,135528,0.0,1.0179549999237062e-09,4096,0,0
liverpool-centre,maximum_error,0.5,p1-local,135528,0.678369669873684,0.23024988276233976,0,4096,0
liverpool-centre,maximum_error,0.5,hybrid-local,135528,0.0,1.0179549999237062e-09,4096,0,0
liverpool-north-quarter,bytes,256,p1-local,204,135.83802528207295,3.647733927792017,0,0,1
liverpool-north-quarter,bytes,256,hybrid-local,204,135.83802528207295,3.647733927792017,0,0,1
liverpool-north-quarter,bytes,512,p1-local,388,69.14658631493793,4.068062544887964,0,1,3
liverpool-north-quarter,bytes,512,hybrid-local,388,69.14658631493793,4.068062544887964,0,1,3
liverpool-north-quarter,bytes,1024,p1-local,1008,48.066232958111094,3.9287500391659185,0,7,9
liverpool-north-quarter,bytes,1024,hybrid-local,584,55.687101096129226,3.7585941563305303,0,3,5
liverpool-north-quarter,bytes,2048,p1-local,1736,31.23292578668687,3.9287500391659185,0,12,20
liverpool-north-quarter,bytes,2048,hybrid-local,1796,31.22494100954863,3.9287500391659185,3,11,18
liverpool-north-quarter,bytes,4096,p1-local,3216,23.099099626756193,2.3350000391659185,0,32,32
liverpool-north-quarter,bytes,4096,hybrid-local,3236,23.080837863857703,2.3350000391659185,2,31,31
liverpool-north-quarter,bytes,8192,p1-local,5736,14.582876091158582,1.9385998259243415,0,61,67
liverpool-north-quarter,bytes,8192,hybrid-local,5876,14.57725818469962,1.9385998259243415,10,56,62
liverpool-north-quarter,bytes,16384,p1-local,10864,8.082616061847954,1.1514997492489265,0,126,130
liverpool-north-quarter,bytes,16384,hybrid-local,11184,8.02710773066119,1.1514997492489265,19,113,124
liverpool-north-quarter,bytes,32768,p1-local,20640,5.3235604823092455,1.254000187939112,0,262,250
liverpool-north-quarter,bytes,32768,hybrid-local,21400,5.302759181222784,1.254000187939112,41,234,237
liverpool-north-quarter,bytes,65536,p1-local,41848,2.6545672937267617,0.6479997645077156,0,527,497
liverpool-north-quarter,bytes,65536,hybrid-local,43788,2.6272519529451563,0.6479997645077156,150,432,442
liverpool-north-quarter,bytes,135528,p1-local,135528,0.8765416303019777,0.3725001822170661,0,4096,0
liverpool-north-quarter,bytes,135528,hybrid-local,135528,0.0,1.0189459991455078e-09,4096,0,0
liverpool-north-quarter,maximum_error,0.01,p1-local,,,,,,
liverpool-north-quarter,maximum_error,0.01,hybrid-local,135528,0.0,1.0189459991455078e-09,4096,0,0
liverpool-north-quarter,maximum_error,0.025,p1-local,,,,,,
liverpool-north-quarter,maximum_error,0.025,hybrid-local,135528,0.0,1.0189459991455078e-09,4096,0,0
liverpool-north-quarter,maximum_error,0.05,p1-local,,,,,,
liverpool-north-quarter,maximum_error,0.05,hybrid-local,135528,0.0,1.0189459991455078e-09,4096,0,0
liverpool-north-quarter,maximum_error,0.1,p1-local,,,,,,
liverpool-north-quarter,maximum_error,0.1,hybrid-local,135528,0.0,1.0189459991455078e-09,4096,0,0
liverpool-north-quarter,maximum_error,0.25,p1-local,,,,,,
liverpool-north-quarter,maximum_error,0.25,hybrid-local,135528,0.0,1.0189459991455078e-09,4096,0,0
liverpool-north-quarter,maximum_error,0.5,p1-local,135528,0.8765416303019777,0.3725001822170661,0,4096,0
liverpool-north-quarter,maximum_error,0.5,hybrid-local,135528,0.0,1.0189459991455078e-09,4096,0,0
sheffield-centre,bytes,256,p1-local,204,19.879852638522223,1.017538310186552,0,0,1
sheffield-centre,bytes,256,hybrid-local,204,19.879852638522223,1.017538310186552,0,0,1
sheffield-centre,bytes,512,p1-local,260,14.938218567872775,0.9353106032773724,0,2,0
sheffield-centre,bytes,512,hybrid-local,260,14.938218567872775,0.9353106032773724,0,2,0
sheffield-centre,bytes,1024,p1-local,1008,7.923591851907001,0.7228789340421429,0,10,6
sheffield-centre,bytes,1024,hybrid-local,1008,7.90768708513407,0.7228789340421429,1,10,5
sheffield-centre,bytes,2048,p1-local,1736,6.117728557369386,0.711751938955473,0,22,10
sheffield-centre,bytes,2048,hybrid-local,1756,6.032152951374847,0.711751938955473,3,20,9
sheffield-centre,bytes,4096,p1-local,3136,4.634824991641335,0.7010030757352581,0,38,26
sheffield-centre,bytes,4096,hybrid-local,3316,4.607419631023697,0.7010030757352581,9,31,24
sheffield-centre,bytes,8192,p1-local,5916,3.3590436361440106,0.6045045863553753,0,69,59
sheffield-centre,bytes,8192,hybrid-local,6256,3.357474605050259,0.6045045863553753,13,63,52
sheffield-centre,bytes,16384,p1-local,11516,2.817003322732067,0.6045045863553753,0,144,112
sheffield-centre,bytes,16384,hybrid-local,11956,2.802311113406611,0.6045045863553753,28,125,103
sheffield-centre,bytes,32768,p1-local,22200,1.581502232976574,0.38949966539590264,0,252,260
sheffield-centre,bytes,32768,hybrid-local,23240,1.5689477494958581,0.38949966539590264,78,191,243
sheffield-centre,bytes,65536,p1-local,43228,0.9986882395507135,0.28349685777871514,0,501,523
sheffield-centre,bytes,65536,hybrid-local,45188,0.9865286548088535,0.28349685777871514,164,385,475
sheffield-centre,bytes,135528,p1-local,135528,0.23015543196258634,0.10050010790078544,0,4096,0
sheffield-centre,bytes,135528,hybrid-local,135528,0.0,1.0892620010375978e-09,4096,0,0
sheffield-centre,maximum_error,0.01,p1-local,,,,,,
sheffield-centre,maximum_error,0.01,hybrid-local,135528,0.0,1.0892620010375978e-09,4096,0,0
sheffield-centre,maximum_error,0.025,p1-local,,,,,,
sheffield-centre,maximum_error,0.025,hybrid-local,135528,0.0,1.0892620010375978e-09,4096,0,0
sheffield-centre,maximum_error,0.05,p1-local,,,,,,
sheffield-centre,maximum_error,0.05,hybrid-local,135528,0.0,1.0892620010375978e-09,4096,0,0
sheffield-centre,maximum_error,0.1,p1-local,,,,,,
sheffield-centre,maximum_error,0.1,hybrid-local,135528,0.0,1.0892620010375978e-09,4096,0,0
sheffield-centre,maximum_error,0.25,p1-local,86584,0.6182427744236074,0.23999786485879326,0,997,1051
sheffield-centre,maximum_error,0.25,hybrid-local,91464,0.6053231437969998,0.23999786485879326,519,646,883
sheffield-centre,maximum_error,0.5,p1-local,22200,1.581502232976574,0.38949966539590264,0,252,260
sheffield-centre,maximum_error,0.5,hybrid-local,23240,1.5689477494958581,0.38949966539590264,78,191,243
sheffield-north-quarter,bytes,256,p1-local,204,46.85939345138178,1.993595839611323,0,0,1
sheffield-north-quarter,bytes,256,hybrid-local,204,46.85939345138178,1.993595839611323,0,0,1
sheffield-north-quarter,bytes,512,p1-local,372,20.977655005995363,1.993595839611323,0,0,4
sheffield-north-quarter,bytes,512,hybrid-local,412,20.866431294245427,1.993595839611323,2,0,2
sheffield-north-quarter,bytes,1024,p1-local,1008,13.247287441083484,1.0304391394770456,0,6,10
sheffield-north-quarter,bytes,1024,hybrid-local,1008,13.247287441083484,1.0304391394770456,0,6,10
sheffield-north-quarter,bytes,2048,p1-local,1736,11.695779438113112,0.8046267043268991,0,13,19
sheffield-north-quarter,bytes,2048,hybrid-local,1836,11.687195295860548,0.8046267043268991,4,11,17
sheffield-north-quarter,bytes,4096,p1-local,3076,6.690746117605865,0.5476255427515817,0,22,42
sheffield-north-quarter,bytes,4096,hybrid-local,3196,6.666024899713984,0.5476255427515817,9,17,38
sheffield-north-quarter,bytes,8192,p1-local,6056,4.89997404798982,0.551999570003779,0,55,73
sheffield-north-quarter,bytes,8192,hybrid-local,6136,4.897040347204535,0.551999570003779,6,51,71
sheffield-north-quarter,bytes,16384,p1-local,11284,2.823674802097383,0.5255012522852731,0,107,149
sheffield-north-quarter,bytes,16384,hybrid-local,11764,2.8014833499135308,0.5255012522852731,32,89,135
sheffield-north-quarter,bytes,32768,p1-local,22420,1.9772876331463052,0.2935009013331247,0,230,282
sheffield-north-quarter,bytes,32768,hybrid-local,23640,1.9657027061657582,0.2935009013331247,63,202,247
sheffield-north-quarter,bytes,65536,p1-local,43448,1.111972865466915,0.2975006114161325,0,474,550
sheffield-north-quarter,bytes,65536,hybrid-local,46328,1.0987543180239296,0.2975006114161325,164,378,482
sheffield-north-quarter,bytes,135528,p1-local,135528,0.29511302133657963,0.07800006972912078,0,4096,0
sheffield-north-quarter,bytes,135528,hybrid-local,135528,0.0,1.0645699996948243e-09,4096,0,0
sheffield-north-quarter,maximum_error,0.01,p1-local,,,,,,
sheffield-north-quarter,maximum_error,0.01,hybrid-local,135528,0.0,1.0645699996948243e-09,4096,0,0
sheffield-north-quarter,maximum_error,0.025,p1-local,,,,,,
sheffield-north-quarter,maximum_error,0.025,hybrid-local,135528,0.0,1.0645699996948243e-09,4096,0,0
sheffield-north-quarter,maximum_error,0.05,p1-local,,,,,,
sheffield-north-quarter,maximum_error,0.05,hybrid-local,135528,0.0,1.0645699996948243e-09,4096,0,0
sheffield-north-quarter,maximum_error,0.1,p1-local,135528,0.29511302133657963,0.07800006972912078,0,4096,0
sheffield-north-quarter,maximum_error,0.1,hybrid-local,135528,0.0,1.0645699996948243e-09,4096,0,0
sheffield-north-quarter,maximum_error,0.25,p1-local,86404,0.8743994468990408,0.2325000773585153,0,985,1063
sheffield-north-quarter,maximum_error,0.25,hybrid-local,91444,0.8598725098583719,0.2325000773585153,396,714,938
sheffield-north-quarter,maximum_error,0.5,p1-local,11856,4.7827447551670526,0.49187421905163053,0,103,153
sheffield-north-quarter,maximum_error,0.5,hybrid-local,12136,4.777625827337449,0.49187421905163053,21,91,144
leeds-centre,bytes,256,p1-local,204,8.772021400156401,0.5065786252886736,0,1,0
leeds-centre,bytes,256,hybrid-local,204,8.772021400156401,0.5065786252886736,0,1,0
leeds-centre,bytes,512,p1-local,392,7.020544077827212,0.5065786252886736,0,3,1
leeds-centre,bytes,512,hybrid-local,412,6.957742745125875,0.5065786252886736,1,2,1
leeds-centre,bytes,1024,p1-local,948,3.693651757071399,0.399500847902962,0,9,7
leeds-centre,bytes,1024,hybrid-local,948,3.6932836483809415,0.399500847902962,1,8,7
leeds-centre,bytes,2048,p1-local,1596,3.2671508435584293,0.2881269465357745,0,17,15
leeds-centre,bytes,2048,hybrid-local,1616,3.2613513884224976,0.2881269465357745,1,17,14
leeds-centre,bytes,4096,p1-local,2936,2.516600658603638,0.31975174054212213,0,33,31
leeds-centre,bytes,4096,hybrid-local,3076,2.5160840817742227,0.31975174054212213,6,27,31
leeds-centre,bytes,8192,p1-local,5596,1.6877315065986607,0.24249982937879205,0,60,68
leeds-centre,bytes,8192,hybrid-local,5736,1.6855833185929916,0.24249982937879205,9,54,65
leeds-centre,bytes,16384,p1-local,11164,1.1464670735656848,0.22750091656751276,0,123,133
leeds-centre,bytes,16384,hybrid-local,11584,1.1453880497018747,0.22750091656751276,47,88,121
leeds-centre,bytes,32768,p1-local,21480,0.6355980156342491,0.09399891003675102,0,256,256
leeds-centre,bytes,32768,hybrid-local,22440,0.6326155201298651,0.09399891003675102,110,181,221
leeds-centre,bytes,65536,p1-local,42688,0.33004964471734693,0.09399986371106743,0,621,403
leeds-centre,bytes,65536,hybrid-local,45448,0.3294000753290222,0.09399986371106743,302,343,379
leeds-centre,bytes,135528,p1-local,135528,0.06799984519971945,0.03474998578137994,0,4096,0
leeds-centre,bytes,135528,hybrid-local,135528,0.0,1.0401689987182618e-09,4096,0,0
leeds-centre,maximum_error,0.01,p1-local,,,,,,
leeds-centre,maximum_error,0.01,hybrid-local,135528,0.0,1.0401689987182618e-09,4096,0,0
leeds-centre,maximum_error,0.025,p1-local,,,,,,
leeds-centre,maximum_error,0.025,hybrid-local,135528,0.0,1.0401689987182618e-09,4096,0,0
leeds-centre,maximum_error,0.05,p1-local,135528,0.06799984519971945,0.03474998578137994,0,4096,0
leeds-centre,maximum_error,0.05,hybrid-local,135528,0.0,1.0401689987182618e-09,4096,0,0
leeds-centre,maximum_error,0.1,p1-local,21480,0.6355980156342491,0.09399891003675102,0,256,256
leeds-centre,maximum_error,0.1,hybrid-local,22440,0.6326155201298651,0.09399891003675102,110,181,221
leeds-centre,maximum_error,0.25,p1-local,5564,2.814559596877618,0.22506237134046198,0,65,63
leeds-centre,maximum_error,0.25,hybrid-local,5724,2.8117655698323567,0.22506237134046198,7,59,62
leeds-centre,maximum_error,0.5,p1-local,408,8.403649346492498,0.3931882391840899,0,2,2
leeds-centre,maximum_error,0.5,hybrid-local,408,8.163857222926708,0.3931882391840899,1,1,2
leeds-north-quarter,bytes,256,p1-local,204,35.737946179981655,1.7728743563800802,0,0,1
leeds-north-quarter,bytes,256,hybrid-local,204,35.737946179981655,1.7728743563800802,0,0,1
leeds-north-quarter,bytes,512,p1-local,368,25.588348440267215,1.6405010234027853,0,2,2
leeds-north-quarter,bytes,512,hybrid-local,368,25.588348440267215,1.6405010234027853,0,2,2
leeds-north-quarter,bytes,1024,p1-local,1008,15.461357710939561,1.6105003367572774,0,9,7
leeds-north-quarter,bytes,1024,hybrid-local,624,22.60821370575179,1.6405010234027853,1,4,3
leeds-north-quarter,bytes,2048,p1-local,1836,10.470687805123491,0.8721270571857441,0,20,12
leeds-north-quarter,bytes,2048,hybrid-local,1876,10.445111960696186,0.8721270571857441,4,17,11
leeds-north-quarter,bytes,4096,p1-local,3276,8.532055952352282,1.0883755694538106,0,31,33
leeds-north-quarter,bytes,4096,hybrid-local,3396,8.480748244358088,1.0883755694538106,10,26,28
leeds-north-quarter,bytes,8192,p1-local,5976,5.4070057237488225,0.5753746043354023,0,52,76
leeds-north-quarter,bytes,8192,hybrid-local,6056,5.395345973641941,0.5753746043354023,10,46,72
leeds-north-quarter,bytes,16384,p1-local,11384,3.4739737117668694,0.6255016337543476,0,114,142
leeds-north-quarter,bytes,16384,hybrid-local,11864,3.455817848982783,0.6255016337543476,30,101,125
leeds-north-quarter,bytes,32768,p1-local,21520,2.447063134150571,0.46300125228462113,0,256,256
leeds-north-quarter,bytes,32768,hybrid-local,22460,2.4275908621395432,0.46300125228462113,56,224,232
leeds-north-quarter,bytes,65536,p1-local,42948,1.2227226911757578,0.29050064193305863,0,514,510
leeds-north-quarter,bytes,65536,hybrid-local,45248,1.210321895453644,0.29050064193305863,151,412,461
leeds-north-quarter,bytes,135528,p1-local,135528,0.35105956881248757,0.10724926101264846,0,4096,0
leeds-north-quarter,bytes,135528,hybrid-local,135528,0.0,1.0639179992675783e-09,4096,0,0
leeds-north-quarter,maximum_error,0.01,p1-local,,,,,,
leeds-north-quarter,maximum_error,0.01,hybrid-local,135528,0.0,1.0639179992675783e-09,4096,0,0
leeds-north-quarter,maximum_error,0.025,p1-local,,,,,,
leeds-north-quarter,maximum_error,0.025,hybrid-local,135528,0.0,1.0639179992675783e-09,4096,0,0
leeds-north-quarter,maximum_error,0.05,p1-local,,,,,,
leeds-north-quarter,maximum_error,0.05,hybrid-local,135528,0.0,1.0639179992675783e-09,4096,0,0
leeds-north-quarter,maximum_error,0.1,p1-local,,,,,,
leeds-north-quarter,maximum_error,0.1,hybrid-local,135528,0.0,1.0639179992675783e-09,4096,0,0
leeds-north-quarter,maximum_error,0.25,p1-local,84044,0.8047521395912149,0.23450279342231645,0,1091,957
leeds-north-quarter,maximum_error,0.25,hybrid-local,89524,0.7854022531702057,0.23450279342231645,487,759,802
leeds-north-quarter,maximum_error,0.5,p1-local,21520,2.447063134150571,0.46300125228462113,0,256,256
leeds-north-quarter,maximum_error,0.5,hybrid-local,22460,2.4275908621395432,0.46300125228462113,56,224,232
nottingham-centre,bytes,256,p1-local,204,20.143592113999222,0.9706239710717083,0,0,1
nottingham-centre,bytes,256,hybrid-local,204,20.143592113999222,0.9706239710717083,0,0,1
nottingham-centre,bytes,512,p1-local,388,10.05375724646005,0.6337478171257854,0,3,1
nottingham-centre,bytes,512,hybrid-local,408,9.984475525866536,0.6337478171257854,1,2,1
nottingham-centre,bytes,1024,p1-local,604,8.497577276913834,0.47749900921868094,0,3,5
nottingham-centre,bytes,1024,hybrid-local,624,8.465391806991997,0.47749900921868094,2,3,3
nottingham-centre,bytes,2048,p1-local,1816,3.1557661835371333,0.28624916180657156,0,19,13
nottingham-centre,bytes,2048,hybrid-local,1896,3.127494362567775,0.28624916180657156,4,16,12
nottingham-centre,bytes,4096,p1-local,3532,2.65261142368823,0.2824983607201458,0,32,32
nottingham-centre,bytes,4096,hybrid-local,3612,2.6376221859201583,0.2824983607201458,6,28,30
nottingham-centre,bytes,8192,p1-local,6216,1.796850325116421,0.2149982462792278,0,65,63
nottingham-centre,bytes,8192,hybrid-local,6356,1.7941504615997137,0.2149982462792278,16,53,59
nottingham-centre,bytes,16384,p1-local,11724,1.183157391469292,0.1674976359276653,0,134,122
nottingham-centre,bytes,16384,hybrid-local,12224,1.1822098076746492,0.1674976359276653,42,98,116
nottingham-centre,bytes,32768,p1-local,22400,0.8858295030083381,0.10999870404289969,0,294,218
nottingham-centre,bytes,32768,hybrid-local,23980,0.8834469094948588,0.10999870404289969,134,187,191
nottingham-centre,bytes,65536,p1-local,44068,0.587691509221495,0.10999870404289969,0,619,405
nottingham-centre,bytes,65536,hybrid-local,47088,0.5856575605456812,0.10999870404289969,277,402,345
nottingham-centre,bytes,135528,p1-local,135528,0.11407576765165842,0.02499961957024344,0,4096,0
nottingham-centre,bytes,135528,hybrid-local,135528,0.0,1.0399700012207032e-09,4096,0,0
nottingham-centre,maximum_error,0.01,p1-local,,,,,,
nottingham-centre,maximum_error,0.01,hybrid-local,135528,0.0,1.0399700012207032e-09,4096,0,0
nottingham-centre,maximum_error,0.025,p1-local,135528,0.11407576765165842,0.02499961957024344,0,4096,0
nottingham-centre,maximum_error,0.025,hybrid-local,135528,0.0,1.0399700012207032e-09,4096,0,0
nottingham-centre,maximum_error,0.05,p1-local,135528,0.11407576765165842,0.02499961957024344,0,4096,0
nottingham-centre,maximum_error,0.05,hybrid-local,135528,0.0,1.0399700012207032e-09,4096,0,0
nottingham-centre,maximum_error,0.1,p1-local,45072,0.8257464640935509,0.09999847516106375,0,611,413
nottingham-centre,maximum_error,0.1,hybrid-local,48012,0.8240674432523226,0.09999847516106375,304,355,365
nottingham-centre,maximum_error,0.25,p1-local,3196,2.7773973964639005,0.22999954327629812,0,36,28
nottingham-centre,maximum_error,0.25,hybrid-local,3256,2.7752306959505617,0.22999954327629812,6,31,27
nottingham-centre,maximum_error,0.5,p1-local,604,8.497577276913834,0.47749900921868094,0,3,5
nottingham-centre,maximum_error,0.5,hybrid-local,624,8.465391806991997,0.47749900921868094,2,3,3
nottingham-north-quarter,bytes,256,p1-local,204,33.55079193672889,1.8614035855317357,0,1,0
nottingham-north-quarter,bytes,256,hybrid-local,204,33.55079193672889,1.8614035855317357,0,1,0
nottingham-north-quarter,bytes,512,p1-local,388,26.24174946992682,1.8662487278962376,0,3,1
nottingham-north-quarter,bytes,512,hybrid-local,408,26.24174946992682,1.8662487278962376,1,2,1
nottingham-north-quarter,bytes,1024,p1-local,996,16.86207666395981,1.5499978076005223,0,6,10
nottingham-north-quarter,bytes,1024,hybrid-local,996,16.81290996745766,1.5499978076005223,2,6,8
nottingham-north-quarter,bytes,2048,p1-local,1736,9.659708867436658,1.2412488471055272,0,13,19
nottingham-north-quarter,bytes,2048,hybrid-local,1756,9.569156599787686,1.2412488471055272,2,13,17
nottingham-north-quarter,bytes,4096,p1-local,3136,7.29359366448415,0.883749009230161,0,28,36
nottingham-north-quarter,bytes,4096,hybrid-local,3276,7.278216439980014,0.883749009230161,10,21,33
nottingham-north-quarter,bytes,8192,p1-local,6076,6.036582963745639,0.822500229933286,0,64,64
nottingham-north-quarter,bytes,8192,hybrid-local,6396,6.017039150835515,0.822500229933286,20,54,54
nottingham-north-quarter,bytes,16384,p1-local,11384,4.129593149062133,0.7150011073136571,0,119,137
nottingham-north-quarter,bytes,16384,hybrid-local,11924,4.119101306148575,0.7150011073136571,36,97,123
nottingham-north-quarter,bytes,32768,p1-local,21760,3.0346113435037503,0.6049985896134618,0,267,245
nottingham-north-quarter,bytes,32768,hybrid-local,23240,3.0239880679390168,0.6049985896134618,80,213,219
nottingham-north-quarter,bytes,65536,p1-local,43628,1.4138626313435845,0.5500011454606297,0,544,480
nottingham-north-quarter,bytes,65536,hybrid-local,46268,1.3926524827071212,0.5500011454606297,216,396,412
nottingham-north-quarter,bytes,135528,p1-local,135528,0.33745890014895186,0.15999984846355939,0,4096,0
nottingham-north-quarter,bytes,135528,hybrid-local,135528,0.0,1.0514500007629394e-09,4096,0,0
nottingham-north-quarter,maximum_error,0.01,p1-local,,,,,,
nottingham-north-quarter,maximum_error,0.01,hybrid-local,135528,0.0,1.0514500007629394e-09,4096,0,0
nottingham-north-quarter,maximum_error,0.025,p1-local,,,,,,
nottingham-north-quarter,maximum_error,0.025,hybrid-local,135528,0.0,1.0514500007629394e-09,4096,0,0
nottingham-north-quarter,maximum_error,0.05,p1-local,,,,,,
nottingham-north-quarter,maximum_error,0.05,hybrid-local,135528,0.0,1.0514500007629394e-09,4096,0,0
nottingham-north-quarter,maximum_error,0.1,p1-local,,,,,,
nottingham-north-quarter,maximum_error,0.1,hybrid-local,135528,0.0,1.0514500007629394e-09,4096,0,0
nottingham-north-quarter,maximum_error,0.25,p1-local,135528,0.33745890014895186,0.15999984846355939,0,4096,0
nottingham-north-quarter,maximum_error,0.25,hybrid-local,135528,0.0,1.0514500007629394e-09,4096,0,0
nottingham-north-quarter,maximum_error,0.5,p1-local,86664,0.8862710702149105,0.36499786482098123,0,1090,958
nottingham-north-quarter,maximum_error,0.5,hybrid-local,93044,0.8645527848303096,0.36499786482098123,516,688,844
newcastle-centre,bytes,256,p1-local,204,4.775213325601134,0.22098302945682025,0,0,1
newcastle-centre,bytes,256,hybrid-local,204,4.775213325601134,0.22098302945682025,0,0,1
newcastle-centre,bytes,512,p1-local,432,3.2601765513378256,0.22098302945682025,0,2,2
newcastle-centre,bytes,512,hybrid-local,432,3.2601765513378256,0.22098302945682025,0,2,2
newcastle-centre,bytes,1024,p1-local,1008,2.2412141962406946,0.1808741103131435,0,9,7
newcastle-centre,bytes,1024,hybrid-local,624,2.574842003963348,0.18118655786105609,2,3,3
newcastle-centre,bytes,2048,p1-local,1736,1.6641205478213885,0.14074993238040423,0,18,14
newcastle-centre,bytes,2048,hybrid-local,1736,1.6517603566261643,0.14074993238040423,4,15,13
newcastle-centre,bytes,4096,p1-local,3076,1.351045076300657,0.14750051602908587,0,38,26
newcastle-centre,bytes,4096,hybrid-local,3156,1.3508570085825358,0.14750051602908587,4,36,24
newcastle-centre,bytes,8192,p1-local,5956,1.1671218432896084,0.16925144300052142,0,80,48
newcastle-centre,bytes,8192,hybrid-local,6156,1.165563538768463,0.16925144300052142,11,73,44
newcastle-centre,bytes,16384,p1-local,11044,0.747112481061788,0.13350105390140032,0,177,79
newcastle-centre,bytes,16384,hybrid-local,11444,0.74613631762232,0.13350105390140032,22,158,76
newcastle-centre,bytes,32768,p1-local,21820,0.5999624666655167,0.12400055036136125,0,353,159
newcastle-centre,bytes,32768,hybrid-local,22880,0.5965859778056756,0.12400055036136125,93,291,128
newcastle-centre,bytes,65536,p1-local,41088,0.38729363588084337,0.11999893292972062,0,687,337
newcastle-centre,bytes,65536,hybrid-local,43508,0.38496770381302936,0.11999893292972062,224,525,275
newcastle-centre,bytes,135528,p1-local,135528,0.10097906725997789,0.024750710578646407,0,4096,0
newcastle-centre,bytes,135528,hybrid-local,135528,0.0,1.0449550018310548e-09,4096,0,0
newcastle-centre,maximum_error,0.01,p1-local,,,,,,
newcastle-centre,maximum_error,0.01,hybrid-local,135528,0.0,1.0449550018310548e-09,4096,0,0
newcastle-centre,maximum_error,0.025,p1-local,135528,0.10097906725997789,0.024750710578646407,0,4096,0
newcastle-centre,maximum_error,0.025,hybrid-local,135528,0.0,1.0449550018310548e-09,4096,0,0
newcastle-centre,maximum_error,0.05,p1-local,135528,0.10097906725997789,0.024750710578646407,0,4096,0
newcastle-centre,maximum_error,0.05,hybrid-local,135528,0.0,1.0449550018310548e-09,4096,0,0
newcastle-centre,maximum_error,0.1,p1-local,85364,0.3174455005836173,0.09399986371585344,0,1314,734
newcastle-centre,maximum_error,0.1,hybrid-local,91924,0.31458207110550207,0.09399986371585344,545,902,601
newcastle-centre,maximum_error,0.25,p1-local,204,4.775213325601134,0.22098302945682025,0,0,1
newcastle-centre,maximum_error,0.25,hybrid-local,204,4.775213325601134,0.22098302945682025,0,0,1
newcastle-centre,maximum_error,0.5,p1-local,204,4.775213325601134,0.22098302945682025,0,0,1
newcastle-centre,maximum_error,0.5,hybrid-local,204,4.775213325601134,0.22098302945682025,0,0,1
newcastle-north-quarter,bytes,256,p1-local,204,147.3443871708895,5.075499833687138,0,1,0
newcastle-north-quarter,bytes,256,hybrid-local,204,147.3443871708895,5.075499833687138,0,1,0
newcastle-north-quarter,bytes,512,p1-local,372,82.620143134886,5.167267204387974,0,4,0
newcastle-north-quarter,bytes,512,hybrid-local,392,82.57763483532307,5.167267204387974,1,3,0
newcastle-north-quarter,bytes,1024,p1-local,636,49.34711038931982,4.170328737362217,0,7,1
newcastle-north-quarter,bytes,1024,hybrid-local,636,49.34711038931982,4.170328737362217,0,7,1
newcastle-north-quarter,bytes,2048,p1-local,1760,22.802128348005716,2.672187090977024,0,18,14
newcastle-north-quarter,bytes,2048,hybrid-local,1760,22.802128348005716,2.672187090977024,0,18,14
newcastle-north-quarter,bytes,4096,p1-local,3172,17.0053388835433,2.094874859913181,0,35,29
newcastle-north-quarter,bytes,4096,hybrid-local,3312,16.959396102750627,2.094874859913181,9,31,24
newcastle-north-quarter,bytes,8192,p1-local,6156,13.528919946324915,2.2195024500926244,0,68,60
newcastle-north-quarter,bytes,8192,hybrid-local,6276,13.528437100920637,2.2195024500926244,6,66,56
newcastle-north-quarter,bytes,16384,p1-local,11656,9.109843211621733,2.042502404316257,0,138,118
newcastle-north-quarter,bytes,16384,hybrid-local,12216,9.098892537015736,2.042502404316257,32,116,108
newcastle-north-quarter,bytes,32768,p1-local,22720,6.661955179344059,1.8165016184886207,0,268,244
newcastle-north-quarter,bytes,32768,hybrid-local,23460,6.655539123124988,1.8165016184886207,41,251,220
newcastle-north-quarter,bytes,65536,p1-local,45068,4.254747501606089,1.3815021525462379,0,500,524
newcastle-north-quarter,bytes,65536,hybrid-local,46548,4.240802777472673,1.3815021525462379,112,445,467
newcastle-north-quarter,bytes,135528,p1-local,135528,0.7198302215591823,0.3702497492869605,0,4096,0
newcastle-north-quarter,bytes,135528,hybrid-local,135528,0.0,1.0569799995422364e-09,4096,0,0
newcastle-north-quarter,maximum_error,0.01,p1-local,,,,,,
newcastle-north-quarter,maximum_error,0.01,hybrid-local,135528,0.0,1.0569799995422364e-09,4096,0,0
newcastle-north-quarter,maximum_error,0.025,p1-local,,,,,,
newcastle-north-quarter,maximum_error,0.025,hybrid-local,135528,0.0,1.0569799995422364e-09,4096,0,0
newcastle-north-quarter,maximum_error,0.05,p1-local,,,,,,
newcastle-north-quarter,maximum_error,0.05,hybrid-local,135528,0.0,1.0569799995422364e-09,4096,0,0
newcastle-north-quarter,maximum_error,0.1,p1-local,,,,,,
newcastle-north-quarter,maximum_error,0.1,hybrid-local,135528,0.0,1.0569799995422364e-09,4096,0,0
newcastle-north-quarter,maximum_error,0.25,p1-local,,,,,,
newcastle-north-quarter,maximum_error,0.25,hybrid-local,135528,0.0,1.0569799995422364e-09,4096,0,0
newcastle-north-quarter,maximum_error,0.5,p1-local,135528,0.7198302215591823,0.3702497492869605,0,4096,0
newcastle-north-quarter,maximum_error,0.5,hybrid-local,135528,0.0,1.0569799995422364e-09,4096,0,0
