field,angle_degrees,budget_N,p1_e2_m2,p1_binary_bytes,p1_native_primitives,p1_file,world_e2_m2,world_binary_bytes,world_native_primitives,world_file,mean_hessian_e2_m2,mean_hessian_binary_bytes,mean_hessian_native_primitives,mean_hessian_file,p2_e2_m2,p2_binary_bytes,p2_native_primitives,p2_file
published-quartic,0,8,110.35999965551153,336,8,paper-p1-8.bin,67.26664542922884,336,2,world-x-1x2.bin,67.26664542922884,336,2,mean-hessian-1x2.bin,55.67051597754687,336,2,hierarchy-p2-2.bin
published-quartic,0,16,60.44475301123306,504,16,paper-p1-16.bin,66.36849708825699,360,2,world-x-2x1.bin,66.36849708825699,360,2,mean-hessian-2x1.bin,32.03793363293343,504,4,hierarchy-p2-4.bin
published-quartic,0,32,24.11940306477263,888,32,paper-p1-32.bin,31.968185837703846,552,4,world-x-2x2.bin,31.968185837703846,552,4,mean-hessian-2x2.bin,32.03793363293343,504,4,hierarchy-p2-4.bin
published-quartic,0,64,11.443357236730751,1824,64,paper-p1-64.bin,7.342052115284094,1704,16,world-x-4x4.bin,7.342052115284094,1704,16,mean-hessian-4x4.bin,7.059387345143944,1608,16,hierarchy-p2-16.bin
published-quartic,0,128,5.9420860080688955,3648,128,paper-p1-128.bin,3.5383723134772276,3144,32,world-x-4x8.bin,3.5383723134772276,3144,32,mean-hessian-4x8.bin,2.1765716911497712,3048,32,hierarchy-p2-32.bin
published-quartic,0,256,2.827080223269417,6200,256,paper-p1-256.bin,1.7757825983445708,6024,64,world-x-8x8.bin,1.7757825983445708,6024,64,mean-hessian-8x8.bin,0.8126134319323204,6024,64,hierarchy-p2-64.bin
published-quartic,0,512,1.3874266858053894,12320,512,paper-p1-512.bin,0.5886314667595173,11592,128,world-x-8x16.bin,0.5886314667595173,11592,128,mean-hessian-8x16.bin,0.31850870082238336,11880,128,hierarchy-p2-128.bin
published-quartic,0,1024,0.6920911918486796,24004,1024,paper-p1-1024.bin,0.40349309293998264,22728,256,world-x-8x32.bin,0.40349309293998264,22728,256,mean-hessian-8x32.bin,0.10361459850877147,22920,256,hierarchy-p2-256.bin
published-quartic,0,2048,0.344459780341971,45920,2048,paper-p1-2048.bin,0.12021696108189862,44616,512,world-x-16x32.bin,0.12021696108189862,44616,512,mean-hessian-16x32.bin,0.04123041142824999,45192,512,hierarchy-p2-512.bin
published-quartic,15,8,138.7008096147722,336,8,paper-p1-8.bin,80.94086848878531,336,2,world-x-1x2.bin,144.52901892184374,336,2,mean-hessian-1x2.bin,67.86782954173732,336,2,hierarchy-p2-2.bin
published-quartic,15,16,59.706818127835355,592,16,paper-p1-16.bin,39.19075052618927,552,4,world-x-2x2.bin,58.690941232119265,552,4,mean-hessian-2x2.bin,47.93034265562697,504,4,hierarchy-p2-4.bin
published-quartic,15,32,24.30647646363145,976,32,paper-p1-32.bin,23.16242200515161,936,8,world-x-2x4.bin,44.58305191213844,936,8,mean-hessian-2x4.bin,20.36364586278168,936,8,hierarchy-p2-8.bin
published-quartic,15,64,11.678041823129965,1784,64,paper-p1-64.bin,8.901860040646769,1704,16,world-x-4x4.bin,12.477400324215234,1704,16,mean-hessian-4x4.bin,6.643998713416236,1704,16,hierarchy-p2-16.bin
published-quartic,15,128,5.6454063889298896,3480,128,paper-p1-128.bin,3.637249618596235,3144,32,world-x-4x8.bin,6.148117676775009,3144,32,mean-hessian-4x8.bin,1.7271576857578708,3144,32,hierarchy-p2-32.bin
published-quartic,15,256,2.7260121145102922,6320,256,paper-p1-256.bin,2.14591511763796,6024,64,world-x-8x8.bin,2.833137215975774,6024,64,mean-hessian-8x8.bin,0.6334191540905084,6024,64,hierarchy-p2-64.bin
published-quartic,15,512,1.3261518225228799,12456,512,paper-p1-512.bin,0.6500625491513929,11592,128,world-x-8x16.bin,0.9519414265013703,11592,128,mean-hessian-8x16.bin,0.2605448181983691,11784,128,hierarchy-p2-128.bin
published-quartic,15,1024,0.6562765192045612,23320,1024,paper-p1-1024.bin,0.38000546029912635,22728,256,world-x-8x32.bin,0.6869858897436963,22728,256,mean-hessian-16x16.bin,0.1049379960171368,22920,256,hierarchy-p2-256.bin
published-quartic,15,2048,0.3255412154574715,46896,2048,paper-p1-2048.bin,0.14055100541534443,44616,512,world-x-16x32.bin,0.1895840150858701,44616,512,mean-hessian-16x32.bin,0.04043744931793744,45384,512,hierarchy-p2-512.bin
published-quartic,30,8,213.50112294390917,336,8,paper-p1-8.bin,102.19078407178583,336,2,world-x-1x2.bin,195.1169115615053,336,2,mean-hessian-1x2.bin,115.94248395843037,336,2,hierarchy-p2-2.bin
published-quartic,30,16,71.54696366323259,632,16,paper-p1-16.bin,42.102917759348834,552,4,world-y-1x4.bin,70.71379119131892,552,4,mean-hessian-2x2.bin,70.4365707045818,504,4,hierarchy-p2-4.bin
published-quartic,30,32,27.200848103939638,1016,32,paper-p1-32.bin,19.976395909545122,984,8,world-y-1x8.bin,62.96813387839614,984,8,mean-hessian-4x2.bin,26.931339843101625,936,8,hierarchy-p2-8.bin
published-quartic,30,64,12.232158847135308,1784,64,paper-p1-64.bin,9.83281280092463,1704,16,world-y-2x8.bin,16.9545277626586,1704,16,mean-hessian-4x4.bin,8.147430479358816,1704,16,hierarchy-p2-16.bin
published-quartic,30,128,5.63198987760135,3616,128,paper-p1-128.bin,4.314989477892262,3144,32,world-x-4x8.bin,8.588048117030935,3144,32,mean-hessian-4x8.bin,2.2747341050578744,3144,32,hierarchy-p2-32.bin
published-quartic,30,256,2.6124110763397588,6416,256,paper-p1-256.bin,2.1990243506541765,6024,64,world-y-4x16.bin,3.7378898353312517,6024,64,mean-hessian-8x8.bin,0.8368955249550828,6024,64,hierarchy-p2-64.bin
published-quartic,30,512,1.2583157023133376,12608,512,paper-p1-512.bin,0.7629764051662409,11784,128,world-y-4x32.bin,1.2957029819458232,11592,128,mean-hessian-8x16.bin,0.26387016121310414,11976,128,hierarchy-p2-128.bin
published-quartic,30,1024,0.6120869092332529,24432,1024,paper-p1-1024.bin,0.34858108370078383,22728,256,world-x-8x32.bin,0.9036662116702484,22728,256,mean-hessian-16x16.bin,0.09657828592330636,23112,256,hierarchy-p2-256.bin
published-quartic,30,2048,0.30083317063359,46760,2048,paper-p1-2048.bin,0.1483475297617835,45000,512,world-y-8x64.bin,0.25160452250965964,44616,512,mean-hessian-16x32.bin,0.03417111494694956,45768,512,hierarchy-p2-512.bin
published-quartic,45,8,238.26282699402046,376,8,paper-p1-8.bin,115.26770729583416,336,2,world-y-1x2.bin,212.0478382683626,336,2,mean-hessian-1x2.bin,142.88776953448354,336,2,hierarchy-p2-2.bin
published-quartic,45,16,79.6518957084179,592,16,paper-p1-16.bin,60.47942311329681,552,4,world-y-1x4.bin,73.2280765176594,552,4,mean-hessian-2x2.bin,79.71458262162403,504,4,hierarchy-p2-4.bin
published-quartic,45,32,32.50002999589618,1104,32,paper-p1-32.bin,27.20561943241938,936,8,world-x-2x4.bin,68.89837462419305,984,8,mean-hessian-4x2.bin,34.41152066570573,936,8,hierarchy-p2-8.bin
published-quartic,45,64,15.838621064916882,1892,64,paper-p1-64.bin,11.71896931276519,1704,16,world-x-2x8.bin,17.812875283222983,1704,16,mean-hessian-4x4.bin,7.665507691510141,1704,16,hierarchy-p2-16.bin
published-quartic,45,128,6.829945014226553,3672,128,paper-p1-128.bin,6.205886747650399,3144,32,world-x-4x8.bin,9.313335767665706,3144,32,mean-hessian-4x8.bin,3.1641570175618856,3240,32,hierarchy-p2-32.bin
published-quartic,45,256,2.9093539684563474,6576,256,paper-p1-256.bin,2.0033242711647428,6024,64,world-x-4x16.bin,4.08888052084896,6024,64,mean-hessian-8x8.bin,1.271783302952473,6120,64,hierarchy-p2-64.bin
published-quartic,45,512,1.4420924306497236,13200,512,paper-p1-512.bin,1.2192443678183595,11784,128,world-x-4x32.bin,1.4286573134445673,11592,128,mean-hessian-8x16.bin,0.3287592498696868,12168,128,hierarchy-p2-128.bin
published-quartic,45,1024,0.6653114806061821,24472,1024,paper-p1-1024.bin,0.4088317226427517,22728,256,world-x-8x32.bin,0.9925915308813666,22728,256,mean-hessian-16x16.bin,0.12375807354532778,23112,256,hierarchy-p2-256.bin
published-quartic,45,2048,0.32348180065618,48064,2048,paper-p1-2048.bin,0.17414468469621078,45000,512,world-y-8x64.bin,0.2773973830780321,44616,512,mean-hessian-16x32.bin,0.04055909765041206,46152,512,hierarchy-p2-512.bin
published-quartic,60,8,213.50112294390908,376,8,paper-p1-8.bin,102.19078407178579,336,2,world-y-1x2.bin,192.85795481272356,360,2,mean-hessian-2x1.bin,115.94248395843037,336,2,hierarchy-p2-2.bin
published-quartic,60,16,71.54696366323262,552,16,paper-p1-16.bin,42.10291775934883,552,4,world-x-1x4.bin,70.7137911913189,552,4,mean-hessian-2x2.bin,70.43657070458183,504,4,hierarchy-p2-4.bin
published-quartic,60,32,27.200848103939684,1016,32,paper-p1-32.bin,19.976395909545154,984,8,world-x-1x8.bin,62.96813387839623,984,8,mean-hessian-4x2.bin,26.931339843101526,936,8,hierarchy-p2-8.bin
published-quartic,60,64,12.232158847135315,1784,64,paper-p1-64.bin,9.832812800924618,1704,16,world-x-2x8.bin,16.954527762658596,1704,16,mean-hessian-4x4.bin,8.14743047935884,1704,16,hierarchy-p2-16.bin
published-quartic,60,128,5.631989877601381,3656,128,paper-p1-128.bin,4.314989477892247,3144,32,world-y-4x8.bin,8.588048117030924,3144,32,mean-hessian-4x8.bin,2.2747341050579095,3144,32,hierarchy-p2-32.bin
published-quartic,60,256,2.612411076339782,6536,256,paper-p1-256.bin,2.1990243506541813,6024,64,world-x-4x16.bin,3.7378898353312637,6024,64,mean-hessian-8x8.bin,0.8368955249550791,6024,64,hierarchy-p2-64.bin
published-quartic,60,512,1.2583157023133367,12968,512,paper-p1-512.bin,0.7629764051662551,11784,128,world-x-4x32.bin,1.295702981945824,11592,128,mean-hessian-8x16.bin,0.26387016121310214,11976,128,hierarchy-p2-128.bin
published-quartic,60,1024,0.6120869092332645,24032,1024,paper-p1-1024.bin,0.34858108370078095,22728,256,world-y-8x32.bin,0.9036662116702435,22728,256,mean-hessian-16x16.bin,0.09657828592332533,23112,256,hierarchy-p2-256.bin
published-quartic,60,2048,0.3008331706335906,46400,2048,paper-p1-2048.bin,0.1483475297618008,45000,512,world-x-8x64.bin,0.25160452250965615,44616,512,mean-hessian-16x32.bin,0.034171114946956835,45768,512,hierarchy-p2-512.bin
published-quartic,75,8,138.7008096147722,376,8,paper-p1-8.bin,80.94086848878533,336,2,world-y-1x2.bin,135.50665870496692,360,2,mean-hessian-2x1.bin,67.86782954173736,336,2,hierarchy-p2-2.bin
published-quartic,75,16,59.70681812783536,592,16,paper-p1-16.bin,39.19075052618931,552,4,world-y-2x2.bin,58.69094123211927,552,4,mean-hessian-2x2.bin,47.93034265562705,504,4,hierarchy-p2-4.bin
published-quartic,75,32,24.306476463631427,1016,32,paper-p1-32.bin,14.621038747010667,984,8,world-x-1x8.bin,44.58305191213844,936,8,mean-hessian-2x4.bin,20.363645862781627,936,8,hierarchy-p2-8.bin
published-quartic,75,64,11.678041823129941,1824,64,paper-p1-64.bin,8.901860040646776,1704,16,world-y-4x4.bin,12.477400324215239,1704,16,mean-hessian-4x4.bin,6.6439987134163205,1704,16,hierarchy-p2-16.bin
published-quartic,75,128,5.645406388929873,3420,128,paper-p1-128.bin,3.637249618596249,3144,32,world-y-4x8.bin,6.148117676775007,3144,32,mean-hessian-4x8.bin,1.7271576857578785,3144,32,hierarchy-p2-32.bin
published-quartic,75,256,2.7260121145102767,6600,256,paper-p1-256.bin,2.1459151176379763,6024,64,world-y-8x8.bin,2.8331372159757664,6024,64,mean-hessian-8x8.bin,0.6334191540904763,6024,64,hierarchy-p2-64.bin
published-quartic,75,512,1.3261518225228661,12416,512,paper-p1-512.bin,0.65006254915141,11592,128,world-y-8x16.bin,0.951941426501375,11592,128,mean-hessian-8x16.bin,0.26054481819838154,11784,128,hierarchy-p2-128.bin
published-quartic,75,1024,0.6562765192045661,23880,1024,paper-p1-1024.bin,0.380005460299139,22728,256,world-y-8x32.bin,0.6869858897436953,22728,256,mean-hessian-16x16.bin,0.10493799601711917,22920,256,hierarchy-p2-256.bin
published-quartic,75,2048,0.32554121545747317,46336,2048,paper-p1-2048.bin,0.1405510054153514,44616,512,world-y-16x32.bin,0.18958401508587072,44616,512,mean-hessian-16x32.bin,0.040437449317931154,45384,512,hierarchy-p2-512.bin
published-quartic,90,8,110.35999965551153,336,8,paper-p1-8.bin,67.26664542922886,336,2,world-y-1x2.bin,67.26664542922886,336,2,mean-hessian-1x2.bin,55.670515977546984,336,2,hierarchy-p2-2.bin
published-quartic,90,16,60.444753011233075,504,16,paper-p1-16.bin,66.36849708825699,360,2,world-y-2x1.bin,66.36849708825697,360,2,mean-hessian-2x1.bin,32.03793363293333,504,4,hierarchy-p2-4.bin
published-quartic,90,32,24.11940306477263,888,32,paper-p1-32.bin,31.968185837703842,552,4,world-y-2x2.bin,31.968185837703846,552,4,mean-hessian-2x2.bin,32.03793363293333,504,4,hierarchy-p2-4.bin
published-quartic,90,64,11.443357236730751,1824,64,paper-p1-64.bin,7.342052115284091,1704,16,world-y-4x4.bin,7.34205211528409,1704,16,mean-hessian-4x4.bin,7.0593873451439375,1608,16,hierarchy-p2-16.bin
published-quartic,90,128,5.942086008068894,3648,128,paper-p1-128.bin,3.538372313477229,3144,32,world-y-4x8.bin,3.53837231347723,3144,32,mean-hessian-4x8.bin,2.17657169114977,3048,32,hierarchy-p2-32.bin
published-quartic,90,256,2.8270802232694168,6200,256,paper-p1-256.bin,1.7757825983445699,6024,64,world-y-8x8.bin,1.7757825983445668,6024,64,mean-hessian-8x8.bin,0.8126134319323218,6024,64,hierarchy-p2-64.bin
published-quartic,90,512,1.3874266858053885,12320,512,paper-p1-512.bin,0.5886314667595168,11592,128,world-y-8x16.bin,0.5886314667595154,11592,128,mean-hessian-8x16.bin,0.31850870082238303,11880,128,hierarchy-p2-128.bin
published-quartic,90,1024,0.6920911918486791,24004,1024,paper-p1-1024.bin,0.40349309293998226,22728,256,world-y-8x32.bin,0.40349309293998353,22728,256,mean-hessian-8x32.bin,0.10361459850877078,22920,256,hierarchy-p2-256.bin
published-quartic,90,2048,0.344459780341971,45920,2048,paper-p1-2048.bin,0.12021696108189829,44616,512,world-y-16x32.bin,0.12021696108189873,44616,512,mean-hessian-16x32.bin,0.04123041142824999,45192,512,hierarchy-p2-512.bin
anisotropic-quartic,0,8,231.51268752035284,336,8,paper-p1-8.bin,52.01260674029562,336,2,world-x-1x2.bin,52.01260674029562,336,2,mean-hessian-1x2.bin,50.151061486811216,336,2,hierarchy-p2-2.bin
anisotropic-quartic,0,16,106.8513329508807,504,16,paper-p1-16.bin,24.916539755211115,360,2,world-x-2x1.bin,24.916539755211115,360,2,mean-hessian-2x1.bin,30.720605773806223,504,4,hierarchy-p2-4.bin
anisotropic-quartic,0,32,43.25995453782146,1016,32,paper-p1-32.bin,4.255209528636094,984,8,world-x-4x2.bin,4.255209528636094,984,8,mean-hessian-4x2.bin,15.506386755606977,936,8,hierarchy-p2-8.bin
anisotropic-quartic,0,64,15.96978264634232,1736,64,paper-p1-64.bin,3.1502829234577217,1704,16,world-x-4x4.bin,3.1502829234577217,1704,16,mean-hessian-4x4.bin,5.136928090168522,1608,16,hierarchy-p2-16.bin
anisotropic-quartic,0,128,7.65032093084514,3264,128,paper-p1-128.bin,0.8650679562393707,3240,32,world-x-8x4.bin,0.8650679562393707,3240,32,mean-hessian-8x4.bin,1.1410164394554754,3144,32,hierarchy-p2-32.bin
anisotropic-quartic,0,256,3.2286198069502126,6464,256,paper-p1-256.bin,0.43654466415338694,6024,64,world-x-8x8.bin,0.43654466415338694,6024,64,mean-hessian-8x8.bin,0.28962297091578365,5928,64,hierarchy-p2-64.bin
anisotropic-quartic,0,512,1.4418167010262932,12264,512,paper-p1-512.bin,0.20136429873641795,11784,128,world-x-16x8.bin,0.20136429873641795,11784,128,mean-hessian-16x8.bin,0.11165968188653502,11592,128,hierarchy-p2-128.bin
anisotropic-quartic,0,1024,0.6800212055043969,24660,1024,paper-p1-1024.bin,0.06932644626651269,22728,256,world-x-16x16.bin,0.06932644626651269,22728,256,mean-hessian-16x16.bin,0.041727218230784534,23208,256,hierarchy-p2-256.bin
anisotropic-quartic,0,2048,0.30343431047692687,45600,2048,paper-p1-2048.bin,0.04935647284167426,45000,512,world-x-32x16.bin,0.04935647284167426,45000,512,mean-hessian-32x16.bin,0.014490678075639236,45000,512,hierarchy-p2-512.bin
anisotropic-quartic,15,8,249.24830994067818,336,8,paper-p1-8.bin,80.0202117391761,336,2,world-x-1x2.bin,112.15421312916166,336,2,mean-hessian-1x2.bin,69.26401489222624,336,2,hierarchy-p2-2.bin
anisotropic-quartic,15,16,89.735196312444,632,16,paper-p1-16.bin,35.134861567826796,552,4,world-x-2x2.bin,18.278787629860684,624,4,mean-hessian-4x1.bin,47.412485244630645,504,4,hierarchy-p2-4.bin
anisotropic-quartic,15,32,32.48030077734927,1016,32,paper-p1-32.bin,19.454203687287052,984,8,world-y-1x8.bin,7.16579792145153,984,8,mean-hessian-4x2.bin,18.72785376694375,936,8,hierarchy-p2-8.bin
anisotropic-quartic,15,64,13.176184871460539,1872,64,paper-p1-64.bin,6.163244667326053,1848,16,world-y-1x16.bin,5.278134696390775,1848,16,mean-hessian-8x2.bin,3.394986641011598,1704,16,hierarchy-p2-16.bin
anisotropic-quartic,15,128,5.3774185664643355,3800,128,paper-p1-128.bin,3.30867921431179,3144,32,world-x-4x8.bin,1.389810042280419,3240,32,mean-hessian-8x4.bin,0.7256808011836245,3144,32,hierarchy-p2-32.bin
anisotropic-quartic,15,256,2.4558766482188723,6592,256,paper-p1-256.bin,1.2965792942636316,6312,64,world-y-2x32.bin,0.7544340676092247,6024,64,mean-hessian-8x8.bin,0.302736386922378,6120,64,hierarchy-p2-64.bin
anisotropic-quartic,15,512,1.1423150718789405,12936,512,paper-p1-512.bin,0.5296673343630705,11592,128,world-x-8x16.bin,0.3123364399917963,11784,128,mean-hessian-16x8.bin,0.11588829825609315,12264,128,hierarchy-p2-128.bin
anisotropic-quartic,15,1024,0.5333410562724116,25376,1024,paper-p1-1024.bin,0.29864442276676373,23304,256,world-y-4x64.bin,0.11434171100109537,22728,256,mean-hessian-16x16.bin,0.05212257469607478,23304,256,hierarchy-p2-256.bin
anisotropic-quartic,15,2048,0.26128968565442456,47384,2048,paper-p1-2048.bin,0.09672021375655014,46344,512,world-y-4x128.bin,0.07520823219982126,45000,512,mean-hessian-32x16.bin,0.014109422952573707,46344,512,hierarchy-p2-512.bin
anisotropic-quartic,30,8,339.03811587863476,336,8,paper-p1-8.bin,129.8423739672185,336,2,world-x-1x2.bin,153.71711098806887,336,2,mean-hessian-1x2.bin,119.62508027132489,336,2,hierarchy-p2-2.bin
anisotropic-quartic,30,16,101.89829704771725,632,16,paper-p1-16.bin,69.74398231259903,552,4,world-y-1x4.bin,25.653259558054298,624,4,mean-hessian-4x1.bin,70.34892865914696,504,4,hierarchy-p2-4.bin
anisotropic-quartic,30,32,35.76657212238981,1064,32,paper-p1-32.bin,28.485302425232216,936,8,world-x-2x4.bin,9.834116555945288,984,8,mean-hessian-4x2.bin,26.05911298980121,936,8,hierarchy-p2-8.bin
anisotropic-quartic,30,64,13.775994311683542,1792,64,paper-p1-64.bin,15.927041898676023,1704,16,world-y-2x8.bin,8.082946534177513,1704,16,mean-hessian-4x4.bin,3.0861254637238975,1704,16,hierarchy-p2-16.bin
anisotropic-quartic,30,128,6.264916284766863,3808,128,paper-p1-128.bin,5.243825206455513,3240,32,world-y-2x16.bin,1.8170215654113155,3240,32,mean-hessian-8x4.bin,0.8399795694684132,3240,32,hierarchy-p2-32.bin
anisotropic-quartic,30,256,2.608404260454703,7024,256,paper-p1-256.bin,2.5183609434786547,6024,64,world-x-4x16.bin,1.0370178707692126,6024,64,mean-hessian-8x8.bin,0.28026900366015006,6120,64,hierarchy-p2-64.bin
anisotropic-quartic,30,512,1.2199251065701833,13064,512,paper-p1-512.bin,1.055954817288157,11784,128,world-y-4x32.bin,0.39773094217699334,11784,128,mean-hessian-16x8.bin,0.17349990886026903,12360,128,hierarchy-p2-128.bin
anisotropic-quartic,30,1024,0.5528827795739076,25952,1024,paper-p1-1024.bin,0.4239368076730808,22728,256,world-x-8x32.bin,0.15257756933671182,22728,256,mean-hessian-16x16.bin,0.03794403730887794,23688,256,hierarchy-p2-256.bin
anisotropic-quartic,30,2048,0.2624299388977723,48616,2048,paper-p1-2048.bin,0.24422557486151245,45000,512,world-y-8x64.bin,0.09551514223706101,45000,512,mean-hessian-32x16.bin,0.017889492689622342,46440,512,hierarchy-p2-512.bin
anisotropic-quartic,45,8,423.2560162191282,376,8,paper-p1-8.bin,183.3839220145064,336,2,world-x-1x2.bin,75.21516754333153,360,2,mean-hessian-2x1.bin,145.51842061776003,336,2,hierarchy-p2-2.bin
anisotropic-quartic,45,16,130.3099876599566,592,16,paper-p1-16.bin,77.47344992908538,552,4,world-x-1x4.bin,75.21516754333153,360,2,mean-hessian-2x1.bin,79.66060275910849,504,4,hierarchy-p2-4.bin
anisotropic-quartic,45,32,51.82670040589546,1016,32,paper-p1-32.bin,43.31286681331891,936,8,world-x-2x4.bin,10.487295894843975,984,8,mean-hessian-4x2.bin,34.03251246762108,936,8,hierarchy-p2-8.bin
anisotropic-quartic,45,64,24.398050970404476,2136,64,paper-p1-64.bin,14.620036512517087,1704,16,world-x-2x8.bin,7.4107632703798805,1848,16,mean-hessian-8x2.bin,5.579340420547166,1704,16,hierarchy-p2-16.bin
anisotropic-quartic,45,128,9.437663067555352,3624,128,paper-p1-128.bin,9.222466038096323,3240,32,world-x-2x16.bin,1.9630552293797032,3240,32,mean-hessian-8x4.bin,1.5379428772965538,3144,32,hierarchy-p2-32.bin
anisotropic-quartic,45,256,4.2281827294174885,6816,256,paper-p1-256.bin,2.9047253838372686,6024,64,world-x-4x16.bin,1.134884797626154,6024,64,mean-hessian-8x8.bin,0.5133347296471557,6408,64,hierarchy-p2-64.bin
anisotropic-quartic,45,512,1.887437689365957,13320,512,paper-p1-512.bin,1.326093323594659,11784,128,world-x-4x32.bin,0.4304442265278519,11784,128,mean-hessian-16x8.bin,0.1855889925833042,12072,128,hierarchy-p2-128.bin
anisotropic-quartic,45,1024,0.8037220275430386,24480,1024,paper-p1-1024.bin,0.6641260984101666,22728,256,world-y-8x32.bin,0.16638849096713496,22728,256,mean-hessian-16x16.bin,0.05594443846939478,23592,256,hierarchy-p2-256.bin
anisotropic-quartic,45,2048,0.3856644045618228,48432,2048,paper-p1-2048.bin,0.21734104561338552,45000,512,world-x-8x64.bin,0.10334020468210661,45000,512,mean-hessian-32x16.bin,0.023621545614162333,46632,512,hierarchy-p2-512.bin
anisotropic-quartic,60,8,339.0381158786347,376,8,paper-p1-8.bin,129.84237396721852,336,2,world-y-1x2.bin,67.445839609231,360,2,mean-hessian-2x1.bin,119.625080271325,336,2,hierarchy-p2-2.bin
anisotropic-quartic,60,16,101.89829704771724,552,16,paper-p1-16.bin,69.74398231259894,552,4,world-x-1x4.bin,67.445839609231,360,2,mean-hessian-2x1.bin,70.34892865914713,504,4,hierarchy-p2-4.bin
anisotropic-quartic,60,32,35.766572122389746,1104,32,paper-p1-32.bin,28.485302425232103,936,8,world-y-2x4.bin,9.834116555945164,984,8,mean-hessian-4x2.bin,26.05911298980106,936,8,hierarchy-p2-8.bin
anisotropic-quartic,60,64,13.775994311683467,1952,64,paper-p1-64.bin,15.927041898675974,1704,16,world-x-2x8.bin,6.891567863452855,1848,16,mean-hessian-8x2.bin,3.086125463723885,1704,16,hierarchy-p2-16.bin
anisotropic-quartic,60,128,6.264916284766799,3768,128,paper-p1-128.bin,5.2438252064555,3240,32,world-x-2x16.bin,1.817021565411288,3240,32,mean-hessian-8x4.bin,0.8399795694684289,3240,32,hierarchy-p2-32.bin
anisotropic-quartic,60,256,2.6084042604546602,6984,256,paper-p1-256.bin,2.5183609434786267,6024,64,world-y-4x16.bin,1.0370178707692272,6024,64,mean-hessian-8x8.bin,0.28026900366011637,6120,64,hierarchy-p2-64.bin
anisotropic-quartic,60,512,1.2199251065701566,13264,512,paper-p1-512.bin,1.0559548172881192,11784,128,world-x-4x32.bin,0.3977309421769651,11784,128,mean-hessian-16x8.bin,0.17349990886027128,12360,128,hierarchy-p2-128.bin
anisotropic-quartic,60,1024,0.5528827795738968,25432,1024,paper-p1-1024.bin,0.42393680767304764,22728,256,world-y-8x32.bin,0.15257756933671934,22728,256,mean-hessian-16x16.bin,0.037944037308861575,23688,256,hierarchy-p2-256.bin
anisotropic-quartic,60,2048,0.26242993889776456,48816,2048,paper-p1-2048.bin,0.2442255748615048,45000,512,world-x-8x64.bin,0.09551514223706682,45000,512,mean-hessian-32x16.bin,0.017889492689621443,46440,512,hierarchy-p2-512.bin
anisotropic-quartic,75,8,249.24830994067835,376,8,paper-p1-8.bin,80.02021173917612,336,2,world-y-1x2.bin,47.595305134941235,360,2,mean-hessian-2x1.bin,69.26401489222627,336,2,hierarchy-p2-2.bin
anisotropic-quartic,75,16,89.7351963124441,632,16,paper-p1-16.bin,35.13486156782687,552,4,world-y-2x2.bin,18.278787629860645,624,4,mean-hessian-4x1.bin,47.412485244630744,504,4,hierarchy-p2-4.bin
anisotropic-quartic,75,32,32.480300777349264,936,32,paper-p1-32.bin,22.37873298647019,936,8,world-y-2x4.bin,18.278787629860645,624,4,mean-hessian-4x1.bin,18.727853766943724,936,8,hierarchy-p2-8.bin
anisotropic-quartic,75,64,13.176184871460528,1792,64,paper-p1-64.bin,6.91795477349131,1704,16,world-y-4x4.bin,5.813439140054406,1704,16,mean-hessian-4x4.bin,3.394986641011515,1704,16,hierarchy-p2-16.bin
anisotropic-quartic,75,128,5.377418566464341,3760,128,paper-p1-128.bin,3.308679214311914,3144,32,world-y-4x8.bin,1.3898100422804156,3240,32,mean-hessian-8x4.bin,0.7256808011836915,3144,32,hierarchy-p2-32.bin
anisotropic-quartic,75,256,2.4558766482188976,6632,256,paper-p1-256.bin,1.2965792942636922,6312,64,world-x-2x32.bin,0.7544340676092146,6024,64,mean-hessian-8x8.bin,0.3027363869223681,6120,64,hierarchy-p2-64.bin
anisotropic-quartic,75,512,1.1423150718789545,13016,512,paper-p1-512.bin,0.5296673343631255,11592,128,world-y-8x16.bin,0.3123364399917883,11784,128,mean-hessian-16x8.bin,0.1158882982561316,12264,128,hierarchy-p2-128.bin
anisotropic-quartic,75,1024,0.5333410562724126,25136,1024,paper-p1-1024.bin,0.2986444227667793,23304,256,world-x-4x64.bin,0.11434171100108277,22728,256,mean-hessian-16x16.bin,0.05212257469605758,23304,256,hierarchy-p2-256.bin
anisotropic-quartic,75,2048,0.2612896856544272,47264,2048,paper-p1-2048.bin,0.0967202137565587,46344,512,world-x-4x128.bin,0.07520823219981677,45000,512,mean-hessian-32x16.bin,0.014109422952577314,46344,512,hierarchy-p2-512.bin
anisotropic-quartic,90,8,231.51268752035284,336,8,paper-p1-8.bin,52.01260674029561,336,2,world-y-1x2.bin,52.01260674029559,336,2,mean-hessian-1x2.bin,50.151061486811386,336,2,hierarchy-p2-2.bin
anisotropic-quartic,90,16,106.85133295088072,504,16,paper-p1-16.bin,24.916539755211115,360,2,world-y-2x1.bin,24.916539755211108,360,2,mean-hessian-2x1.bin,30.72060577380613,504,4,hierarchy-p2-4.bin
anisotropic-quartic,90,32,43.25995453782147,1016,32,paper-p1-32.bin,4.255209528636098,984,8,world-y-4x2.bin,4.255209528636087,984,8,mean-hessian-4x2.bin,15.506386755606966,936,8,hierarchy-p2-8.bin
anisotropic-quartic,90,64,15.969782646342324,1736,64,paper-p1-64.bin,3.1502829234577274,1704,16,world-y-4x4.bin,3.150282923457731,1704,16,mean-hessian-4x4.bin,5.136928090168523,1608,16,hierarchy-p2-16.bin
anisotropic-quartic,90,128,7.650320930845142,3344,128,paper-p1-128.bin,0.8650679562393745,3240,32,world-y-8x4.bin,0.8650679562393759,3240,32,mean-hessian-8x4.bin,1.1410164394554698,3144,32,hierarchy-p2-32.bin
anisotropic-quartic,90,256,3.2286198069502094,6464,256,paper-p1-256.bin,0.43654466415338605,6024,64,world-y-8x8.bin,0.4365446641533898,6024,64,mean-hessian-8x8.bin,0.28962297091578054,5928,64,hierarchy-p2-64.bin
anisotropic-quartic,90,512,1.4418167010262914,12264,512,paper-p1-512.bin,0.20136429873641673,11784,128,world-y-16x8.bin,0.201364298736417,11784,128,mean-hessian-16x8.bin,0.11165968188653018,11592,128,hierarchy-p2-128.bin
anisotropic-quartic,90,1024,0.6800212055043969,24660,1024,paper-p1-1024.bin,0.06932644626651292,22728,256,world-y-16x16.bin,0.06932644626651223,22728,256,mean-hessian-16x16.bin,0.04172721823078487,23208,256,hierarchy-p2-256.bin
anisotropic-quartic,90,2048,0.3034343104769278,45600,2048,paper-p1-2048.bin,0.04935647284167211,45000,512,world-y-32x16.bin,0.04935647284167451,45000,512,mean-hessian-32x16.bin,0.014490678075639763,45000,512,hierarchy-p2-512.bin
