case,target_m,family,native_bytes,points,continuous_bound_m,rmse_m,max_sampled_m,build_validate_ms,index_ms,4096_query_median_ms
bristol-harbour,0.1,hybrid,137953,1664,0.09885267373989688,0.006927944181404954,0.06479677833269015,1217.4812000012025,6.482500000000002,4.376800000000003
bristol-harbour,0.1,compact_hybrid,60805,1664,0.09885267373989688,0.006927944181404961,0.06479677833269015,1217.4812000012025,5.557000000000016,4.4883000000000095
bristol-harbour,0.1,local_triangles,49793,980,0.09819935354055753,0.015681473383436905,0.07875388326033228,2264.1207000706345,3.652799999999985,2.5077
bristol-harbour,0.25,hybrid,99336,1225,0.24187567567648272,0.021801583779897066,0.16429935911948768,182.13039997499436,2.935200000000009,2.748199999999997
bristol-harbour,0.25,compact_hybrid,42670,1225,0.24187567567648272,0.02180158377989705,0.16429935911948768,182.13039997499436,2.405099999999976,3.1084999999999923
bristol-harbour,0.25,local_triangles,21723,444,0.24187567567648272,0.030375606517086366,0.1649098362565704,1006.0200000880286,0.789100000000019,2.9834999999999923
bristol-harbour,0.5,hybrid,95004,1175,0.4665010767537533,0.024068253702517695,0.43635851128573044,180.12649996671826,1.9587999999999965,3.053699999999992
bristol-harbour,0.5,compact_hybrid,41480,1175,0.4665010767537533,0.02406825370251767,0.43635851128573044,180.12649996671826,2.830600000000004,4.195500000000038
bristol-harbour,0.5,local_triangles,21902,438,0.4665010767537533,0.03258521020736016,0.42764142909112124,1024.5884000323713,1.1990000000000123,3.0173999999999523
bristol-brandon-hill,0.1,hybrid,192104,2250,0.09950039777654573,0.014080156472804117,0.08239374283966328,1800.5790000315756,4.731099999999969,3.730700000000013
bristol-brandon-hill,0.1,compact_hybrid,93746,2250,0.09950039777654573,0.01408015647280407,0.08239374283966328,1800.5790000315756,3.9966999999999757,3.8915999999999826
bristol-brandon-hill,0.1,local_triangles,36764,714,0.09975222883123613,0.02954275518548052,0.0932579707969623,1648.7383999628946,1.1812999999999647,2.349400000000003
bristol-brandon-hill,0.25,hybrid,40474,506,0.22750059614080065,0.04780094676654633,0.20542561081825284,79.48740001302212,0.719099999999969,2.9750000000000227
bristol-brandon-hill,0.25,compact_hybrid,22324,506,0.22750059614080065,0.04780094676654628,0.20542561081825284,79.48740001302212,0.7634000000000469,3.6094000000000506
bristol-brandon-hill,0.25,local_triangles,10882,206,0.24725220594304964,0.07669347652160703,0.23289469692398512,460.93980001751333,0.3664999999999736,2.4249999999999545
bristol-brandon-hill,0.5,hybrid,11812,154,0.49025057325261734,0.10556953873022204,0.46306721456493705,24.51879996806383,0.2555000000000973,2.0511999999999944
bristol-brandon-hill,0.5,compact_hybrid,7116,154,0.49025057325261734,0.10556953873022198,0.46306721456493705,24.51879996806383,0.3342999999999847,2.084699999999998
bristol-brandon-hill,0.5,local_triangles,4261,74,0.47399900922673843,0.13719517553050747,0.4653352939472484,157.63780009001493,0.1530999999999949,1.981899999999996
