case_id,implementation,family,trial,execution_order,elapsed_ms,queries,ns_per_query,checksum
extruded-quadratic,prepared,ruled,0,0,11.348600000000033,524288,21.645736694336,16966681.666030023
extruded-quadratic,prepared,triangles,0,1,11.305200000000013,524288,21.5629577636719,16966681.666030023
extruded-quadratic,prepared,triangles,1,0,12.656599999999969,524288,24.140548706054627,16966681.666030023
extruded-quadratic,prepared,ruled,1,1,10.989500000000021,524288,20.960807800293008,16966681.666030023
extruded-quadratic,prepared,ruled,2,0,11.111199999999997,524288,21.192932128906243,16966681.666030023
extruded-quadratic,prepared,triangles,2,1,11.871800000000007,524288,22.64366149902345,16966681.666030023
extruded-quadratic,prepared,triangles,3,0,11.854199999999992,524288,22.610092163085923,16966681.666030023
extruded-quadratic,prepared,ruled,3,1,11.093899999999962,524288,21.159934997558523,16966681.666030023
extruded-quadratic,prepared,ruled,4,0,11.028899999999965,524288,21.035957336425714,16966681.666030023
extruded-quadratic,prepared,triangles,4,1,11.855500000000006,524288,22.612571716308604,16966681.666030023
extruded-quadratic,prepared,triangles,5,0,11.83359999999999,524288,22.570800781249982,16966681.666030023
extruded-quadratic,prepared,ruled,5,1,10.887099999999975,524288,20.765495300292923,16966681.666030023
extruded-quadratic,prepared,ruled,6,0,10.94240000000002,524288,20.87097167968754,16966681.666030023
extruded-quadratic,prepared,triangles,6,1,11.916100000000029,524288,22.728157043457085,16966681.666030023
extruded-quadratic,prepared,triangles,7,0,11.413200000000074,524288,21.768951416015767,16966681.666030023
extruded-quadratic,prepared,ruled,7,1,10.238899999999944,524288,19.5291519165038,16966681.666030023
extruded-quadratic,prepared,ruled,8,0,11.216499999999996,524288,21.3937759399414,16966681.666030023
extruded-quadratic,prepared,triangles,8,1,11.042900000000031,524288,21.062660217285217,16966681.666030023
extruded-quadratic,prepared,triangles,9,0,10.291200000000003,524288,19.628906250000007,16966681.666030023
extruded-quadratic,prepared,ruled,9,1,9.427999999999997,524288,17.982482910156246,16966681.666030023
extruded-quadratic,prepared,ruled,10,0,10.934300000000007,524288,20.855522155761733,16966681.666030023
extruded-quadratic,prepared,triangles,10,1,10.426400000000058,524288,19.88677978515636,16966681.666030023
extruded-quadratic,prepared,triangles,11,0,10.376300000000015,524288,19.791221618652372,16966681.666030023
extruded-quadratic,prepared,ruled,11,1,10.415399999999977,524288,19.86579895019527,16966681.666030023
extruded-quadratic,prepared,ruled,12,0,10.552500000000009,524288,20.127296447753924,16966681.666030023
extruded-quadratic,prepared,triangles,12,1,11.990200000000073,524288,22.869491577148576,16966681.666030023
extruded-quadratic,prepared,triangles,13,0,12.424399999999991,524288,23.697662353515607,16966681.666030023
extruded-quadratic,prepared,ruled,13,1,10.175500000000056,524288,19.4082260131837,16966681.666030023
extruded-quadratic,prepared,ruled,14,0,10.006200000000035,524288,19.085311889648505,16966681.666030023
extruded-quadratic,prepared,triangles,14,1,11.723799999999983,524288,22.361373901367156,16966681.666030023
extruded-quadratic,prepared,triangles,15,0,12.086199999999963,524288,23.052597045898366,16966681.666030023
extruded-quadratic,prepared,ruled,15,1,11.311799999999948,524288,21.575546264648338,16966681.666030023
extruded-quadratic,prepared,ruled,16,0,10.20640000000003,524288,19.467163085937557,16966681.666030023
extruded-quadratic,prepared,triangles,16,1,10.758100000000013,524288,20.51944732666018,16966681.666030023
extruded-quadratic,legacy,ruled,0,0,34.30289999999991,159744,214.73670372596098,5169535.820118155
extruded-quadratic,legacy,triangles,0,1,843.9490999999999,159744,5283.134890825319,5169535.820118155
extruded-quadratic,legacy,triangles,1,0,840.9167999999997,159744,5264.152644230768,5169535.820118155
extruded-quadratic,legacy,ruled,1,1,22.000100000000202,159744,137.7209785657064,5169535.820118155
extruded-quadratic,legacy,ruled,2,0,22.907200000000103,159744,143.39943910256474,5169535.820118155
extruded-quadratic,legacy,triangles,2,1,1194.0978999999998,159744,7475.071990184293,5169535.820118155
extruded-quadratic,legacy,triangles,3,0,1663.6661999999997,159744,10414.577073317307,5169535.820118155
extruded-quadratic,legacy,ruled,3,1,43.448600000000624,159744,271.9889322916706,5169535.820118155
extruded-quadratic,legacy,ruled,4,0,40.048899999999776,159744,250.70675580929347,5169535.820118155
extruded-quadratic,legacy,triangles,4,1,1646.4475999999995,159744,10306.788361378201,5169535.820118155
modulated-quadratic,prepared,ruled,0,0,19.9963000000007,524288,38.13991546630993,16577626.587830272
modulated-quadratic,prepared,triangles,0,1,23.81970000000001,524288,45.43247222900393,16577626.587830272
modulated-quadratic,prepared,triangles,1,0,24.909999999999854,524288,47.5120544433591,16577626.587830272
modulated-quadratic,prepared,ruled,1,1,19.948099999999613,524288,38.04798126220629,16577626.587830272
modulated-quadratic,prepared,ruled,2,0,19.351400000000467,524288,36.9098663330087,16577626.587830272
modulated-quadratic,prepared,triangles,2,1,23.94840000000022,524288,45.677947998047294,16577626.587830272
modulated-quadratic,prepared,triangles,3,0,24.11110000000008,524288,45.98827362060562,16577626.587830272
modulated-quadratic,prepared,ruled,3,1,19.622999999999593,524288,37.42790222167891,16577626.587830272
modulated-quadratic,prepared,ruled,4,0,20.354199999999764,524288,38.82255554199174,16577626.587830272
modulated-quadratic,prepared,triangles,4,1,23.944300000000112,524288,45.67012786865256,16577626.587830272
modulated-quadratic,prepared,triangles,5,0,24.211199999999735,524288,46.179199218749496,16577626.587830272
modulated-quadratic,prepared,ruled,5,1,22.386900000000423,524288,42.699623107910966,16577626.587830272
modulated-quadratic,prepared,ruled,6,0,19.113500000000386,524288,36.45610809326246,16577626.587830272
modulated-quadratic,prepared,triangles,6,1,24.59429999999975,524288,46.909904479979986,16577626.587830272
modulated-quadratic,prepared,triangles,7,0,24.449399999999514,524288,46.633529663085014,16577626.587830272
modulated-quadratic,prepared,ruled,7,1,19.665800000000672,524288,37.50953674316534,16577626.587830272
modulated-quadratic,prepared,ruled,8,0,20.004699999999502,524288,38.15593719482327,16577626.587830272
modulated-quadratic,prepared,triangles,8,1,24.535100000000966,524288,46.79698944091981,16577626.587830272
modulated-quadratic,prepared,triangles,9,0,23.72650000000067,524288,45.25470733642706,16577626.587830272
modulated-quadratic,prepared,ruled,9,1,20.22900000000118,524288,38.58375549316631,16577626.587830272
modulated-quadratic,prepared,ruled,10,0,19.43080000000009,524288,37.061309814453296,16577626.587830272
modulated-quadratic,prepared,triangles,10,1,23.70930000000044,524288,45.221900939942245,16577626.587830272
modulated-quadratic,prepared,triangles,11,0,25.00959999999941,524288,47.70202636718637,16577626.587830272
modulated-quadratic,prepared,ruled,11,1,22.341699999999037,524288,42.61341094970519,16577626.587830272
modulated-quadratic,prepared,ruled,12,0,22.330200000000332,524288,42.59147644043032,16577626.587830272
modulated-quadratic,prepared,triangles,12,1,24.14350000000013,524288,46.05007171630884,16577626.587830272
modulated-quadratic,prepared,triangles,13,0,24.20550000000003,524288,46.168327331543026,16577626.587830272
modulated-quadratic,prepared,ruled,13,1,20.429900000001,524288,38.966941833498,16577626.587830272
modulated-quadratic,prepared,ruled,14,0,20.361800000000585,524288,38.83705139160268,16577626.587830272
modulated-quadratic,prepared,triangles,14,1,23.67530000000079,524288,45.15705108642729,16577626.587830272
modulated-quadratic,prepared,triangles,15,0,24.369699999999284,524288,46.48151397704942,16577626.587830272
modulated-quadratic,prepared,ruled,15,1,21.351599999999962,524288,40.724945068359304,16577626.587830272
modulated-quadratic,prepared,ruled,16,0,19.3778999999995,524288,36.96041107177639,16577626.587830272
modulated-quadratic,prepared,triangles,16,1,24.840100000001257,524288,47.37873077392818,16577626.587830272
modulated-quadratic,legacy,ruled,0,0,21.731799999999566,73728,294.7564019097164,2331228.7389139617
modulated-quadratic,legacy,triangles,0,1,1408.3428000000004,73728,19101.87174479167,2331228.7389139617
modulated-quadratic,legacy,triangles,1,0,1396.4022999999997,73728,18939.9183485243,2331228.7389139617
modulated-quadratic,legacy,ruled,1,1,23.576999999999316,73728,319.78352864582405,2331228.7389139617
modulated-quadratic,legacy,ruled,2,0,22.68039999999928,73728,307.62261284721245,2331228.7389139617
modulated-quadratic,legacy,triangles,2,1,1395.5591999999997,73728,18928.483072916664,2331228.7389139617
modulated-quadratic,legacy,triangles,3,0,1395.7412000000004,73728,18930.951605902785,2331228.7389139617
modulated-quadratic,legacy,ruled,3,1,22.234200000000783,73728,301.57063802084394,2331228.7389139617
modulated-quadratic,legacy,ruled,4,0,22.029099999999744,73728,298.7887912326354,2331228.7389139617
modulated-quadratic,legacy,triangles,4,1,1375.8009000000002,73728,18660.493977864586,2331228.7389139617
piecewise-8,prepared,ruled,0,0,32.42119999999704,512000,63.322656249994225,15372636.862074979
piecewise-8,prepared,triangles,0,1,47.09570000000167,512000,91.98378906250326,15372636.86207498
piecewise-8,prepared,triangles,1,0,45.53240000000005,512000,88.9304687500001,15372636.86207498
piecewise-8,prepared,ruled,1,1,31.564699999998993,512000,61.64980468749803,15372636.862074979
piecewise-8,prepared,ruled,2,0,34.19290000000183,512000,66.78300781250357,15372636.862074979
piecewise-8,prepared,triangles,2,1,44.1221000000005,512000,86.17597656250098,15372636.86207498
piecewise-8,prepared,triangles,3,0,45.18609999999899,512000,88.25410156249802,15372636.86207498
piecewise-8,prepared,ruled,3,1,32.32150000000183,512000,63.12792968750358,15372636.862074979
piecewise-8,prepared,ruled,4,0,32.505199999999604,512000,63.48671874999923,15372636.862074979
piecewise-8,prepared,triangles,4,1,48.175200000001496,512000,94.09218750000292,15372636.86207498
piecewise-8,prepared,triangles,5,0,45.31810000000041,512000,88.51191406250081,15372636.86207498
piecewise-8,prepared,ruled,5,1,36.90790000000197,512000,72.08574218750385,15372636.862074979
piecewise-8,prepared,ruled,6,0,34.381900000000314,512000,67.15214843750061,15372636.862074979
piecewise-8,prepared,triangles,6,1,44.85829999999987,512000,87.61386718749975,15372636.86207498
piecewise-8,prepared,triangles,7,0,48.22599999999875,512000,94.19140624999756,15372636.86207498
piecewise-8,prepared,ruled,7,1,32.16449999999895,512000,62.821289062497954,15372636.862074979
piecewise-8,prepared,ruled,8,0,32.49919999999838,512000,63.47499999999684,15372636.862074979
piecewise-8,prepared,triangles,8,1,44.91860000000088,512000,87.73164062500172,15372636.86207498
piecewise-8,prepared,triangles,9,0,44.7019999999975,512000,87.30859374999511,15372636.86207498
piecewise-8,prepared,ruled,9,1,32.13699999999881,512000,62.76757812499767,15372636.862074979
piecewise-8,prepared,ruled,10,0,32.00960000000123,512000,62.5187500000024,15372636.862074979
piecewise-8,prepared,triangles,10,1,44.246500000001106,512000,86.41894531250216,15372636.86207498
piecewise-8,prepared,triangles,11,0,45.61160000000018,512000,89.08515625000035,15372636.86207498
piecewise-8,prepared,ruled,11,1,31.783699999999953,512000,62.077539062499916,15372636.862074979
piecewise-8,prepared,ruled,12,0,30.89639999999781,512000,60.34453124999572,15372636.862074979
piecewise-8,prepared,triangles,12,1,44.39709999999832,512000,86.71308593749671,15372636.86207498
piecewise-8,prepared,triangles,13,0,46.92499999999927,512000,91.65039062499858,15372636.86207498
piecewise-8,prepared,ruled,13,1,33.181399999997666,512000,64.80742187499544,15372636.862074979
piecewise-8,prepared,ruled,14,0,32.31460000000152,512000,63.11445312500297,15372636.862074979
piecewise-8,prepared,triangles,14,1,44.77679999999964,512000,87.4546874999993,15372636.86207498
piecewise-8,prepared,triangles,15,0,44.19830000000002,512000,86.32480468750003,15372636.86207498
piecewise-8,prepared,ruled,15,1,33.33950000000186,512000,65.11621093750364,15372636.862074979
piecewise-8,prepared,ruled,16,0,32.64229999999952,512000,63.75449218749907,15372636.862074979
piecewise-8,prepared,triangles,16,1,46.28949999999895,512000,90.40917968749795,15372636.86207498
piecewise-8,legacy,ruled,0,0,30.412599999999657,81920,371.2475585937458,2459621.8979319734
piecewise-8,legacy,triangles,0,1,1562.4773999999998,81920,19073.210449218746,2459621.897931974
piecewise-8,legacy,triangles,1,0,1547.5143000000025,81920,18890.555419921908,2459621.897931974
piecewise-8,legacy,ruled,1,1,31.149900000000343,81920,380.2478027343792,2459621.8979319734
piecewise-8,legacy,ruled,2,0,30.273700000001554,81920,369.552001953144,2459621.8979319734
piecewise-8,legacy,triangles,2,1,1582.0190999999977,81920,19311.756591796846,2459621.897931974
piecewise-8,legacy,triangles,3,0,1549.1325000000033,81920,18910.308837890665,2459621.897931974
piecewise-8,legacy,ruled,3,1,29.821100000001024,81920,364.0270996093875,2459621.8979319734
piecewise-8,legacy,ruled,4,0,30.719300000000658,81920,374.9914550781331,2459621.8979319734
piecewise-8,legacy,triangles,4,1,1552.4330999999984,81920,18950.599365234353,2459621.897931974
piecewise-32,prepared,ruled,0,0,29.71020000000135,352256,84.34263717296895,10554853.767400043
piecewise-32,prepared,triangles,0,1,35.201600000000326,352256,99.93186773255907,10554853.767400093
piecewise-32,prepared,triangles,1,0,36.407499999997526,352256,103.35523028705693,10554853.767400093
piecewise-32,prepared,ruled,1,1,28.86750000000029,352256,81.95034293241362,10554853.767400043
piecewise-32,prepared,ruled,2,0,29.75250000000233,352256,84.462720294338,10554853.767400043
piecewise-32,prepared,triangles,2,1,35.75580000000264,352256,101.50515534157725,10554853.767400093
piecewise-32,prepared,triangles,3,0,35.599300000001676,352256,101.06087618096406,10554853.767400093
piecewise-32,prepared,ruled,3,1,33.85229999999865,352256,96.10141488008338,10554853.767400043
piecewise-32,prepared,ruled,4,0,30.025799999999435,352256,85.23857648982397,10554853.767400043
piecewise-32,prepared,triangles,4,1,35.765199999998,352256,101.5318404796455,10554853.767400093
piecewise-32,prepared,triangles,5,0,40.1984999999986,352256,114.11728969839719,10554853.767400093
piecewise-32,prepared,ruled,5,1,29.733600000003207,352256,84.40906613373004,10554853.767400043
piecewise-32,prepared,ruled,6,0,29.192299999998795,352256,82.87239961845589,10554853.767400043
piecewise-32,prepared,triangles,6,1,35.1265999999996,352256,99.71895439680118,10554853.767400093
piecewise-32,prepared,triangles,7,0,36.69930000000022,352256,104.18360510537855,10554853.767400093
piecewise-32,prepared,ruled,7,1,30.131099999998696,352256,85.53750681322305,10554853.767400043
piecewise-32,prepared,ruled,8,0,30.501900000002934,352256,86.59015034521182,10554853.767400043
piecewise-32,prepared,triangles,8,1,36.99510000000009,352256,105.02333530159909,10554853.767400093
piecewise-32,prepared,triangles,9,0,35.31499999999869,352256,100.2537926962172,10554853.767400093
piecewise-32,prepared,ruled,9,1,29.28809999999794,352256,83.14436091932555,10554853.767400043
piecewise-32,prepared,ruled,10,0,31.032400000000052,352256,88.09615734011642,10554853.767400043
piecewise-32,prepared,triangles,10,1,37.19830000000002,352256,105.6001884992733,10554853.767400093
piecewise-32,prepared,triangles,11,0,36.300900000002,352256,103.05260946584872,10554853.767400093
piecewise-32,prepared,ruled,11,1,30.166000000001077,352256,85.63658248546817,10554853.767400043
piecewise-32,prepared,ruled,12,0,30.720100000002276,352256,87.20958621003552,10554853.767400043
piecewise-32,prepared,triangles,12,1,49.59600000000137,352256,140.79533066860856,10554853.767400093
piecewise-32,prepared,triangles,13,0,35.24319999999716,352256,100.04996366278264,10554853.767400093
piecewise-32,prepared,ruled,13,1,29.150000000001455,352256,82.75231649709715,10554853.767400043
piecewise-32,prepared,ruled,14,0,30.213800000001356,352256,85.77227925145733,10554853.767400043
piecewise-32,prepared,triangles,14,1,35.693200000001525,352256,101.32744367732992,10554853.767400093
piecewise-32,prepared,triangles,15,0,36.39419999999882,352256,103.31747365551989,10554853.767400093
piecewise-32,prepared,ruled,15,1,30.064699999998993,352256,85.34900753996807,10554853.767400043
piecewise-32,prepared,ruled,16,0,30.315299999998388,352256,86.06042196583844,10554853.767400043
piecewise-32,prepared,triangles,16,1,35.964099999997416,352256,102.09648664606824,10554853.767400093
piecewise-32,legacy,ruled,0,0,31.267700000000332,40960,763.3715820312581,1227308.577604482
piecewise-32,legacy,triangles,0,1,778.5532999999996,40960,19007.64892578124,1227308.577604482
piecewise-32,legacy,triangles,1,0,778.7985999999983,40960,19013.637695312456,1227308.577604482
piecewise-32,legacy,ruled,1,1,32.417600000000675,40960,791.4453125000165,1227308.577604482
piecewise-32,legacy,ruled,2,0,31.82849999999962,40960,777.0629882812407,1227308.577604482
piecewise-32,legacy,triangles,2,1,787.0401999999995,40960,19214.848632812485,1227308.577604482
piecewise-32,legacy,triangles,3,0,781.5442000000003,40960,19080.668945312507,1227308.577604482
piecewise-32,legacy,ruled,3,1,31.71429999999964,40960,774.2749023437411,1227308.577604482
piecewise-32,legacy,ruled,4,0,37.61200000000099,40960,918.2617187500242,1227308.577604482
piecewise-32,legacy,triangles,4,1,771.6109000000033,40960,18838.15673828133,1227308.577604482
piecewise-128,prepared,ruled,0,0,28.416800000002695,290816,97.71401848592475,8429621.514321852
piecewise-128,prepared,triangles,0,1,34.22320000000036,290816,117.67990757042377,8429621.514321849
piecewise-128,prepared,triangles,1,0,34.17990000000282,290816,117.53101617518574,8429621.514321849
piecewise-128,prepared,ruled,1,1,28.241399999998976,290816,97.1108879841514,8429621.514321852
piecewise-128,prepared,ruled,2,0,29.38279999999577,290816,101.03570642604178,8429621.514321852
piecewise-128,prepared,triangles,2,1,35.96480000000156,290816,123.66857394366733,8429621.514321849
piecewise-128,prepared,triangles,3,0,34.81319999999687,290816,119.70868177815825,8429621.514321849
piecewise-128,prepared,ruled,3,1,29.252999999996973,290816,100.58937610034171,8429621.514321852
piecewise-128,prepared,ruled,4,0,28.923399999999674,290816,99.45601342429465,8429621.514321852
piecewise-128,prepared,triangles,4,1,34.841599999999744,290816,119.80633802816814,8429621.514321849
piecewise-128,prepared,triangles,5,0,35.18909999999596,290816,121.00125165051428,8429621.514321849
piecewise-128,prepared,ruled,5,1,29.233200000002398,290816,100.52129181338853,8429621.514321852
piecewise-128,prepared,ruled,6,0,28.136599999997998,290816,96.75052266724663,8429621.514321852
piecewise-128,prepared,triangles,6,1,34.069400000000314,290816,117.15105083626868,8429621.514321849
piecewise-128,prepared,triangles,7,0,33.82679999999527,290816,116.31684639082883,8429621.514321849
piecewise-128,prepared,ruled,7,1,28.347499999996217,290816,97.47572348150106,8429621.514321852
piecewise-128,prepared,ruled,8,0,28.383700000005774,290816,97.60020081428041,8429621.514321852
piecewise-128,prepared,triangles,8,1,33.41969999999856,290816,114.91699218749503,8429621.514321849
piecewise-128,prepared,triangles,9,0,34.677199999998265,290816,119.24103213027573,8429621.514321849
piecewise-128,prepared,ruled,9,1,28.122199999997974,290816,96.70100682217613,8429621.514321852
piecewise-128,prepared,ruled,10,0,24.192199999997683,290816,83.18730743837232,8429621.514321852
piecewise-128,prepared,triangles,10,1,29.445299999999406,290816,101.25061894806134,8429621.514321849
piecewise-128,prepared,triangles,11,0,34.656300000002375,290816,119.16916538293071,8429621.514321849
piecewise-128,prepared,ruled,11,1,31.274599999997008,290816,107.54085057217281,8429621.514321852
piecewise-128,prepared,ruled,12,0,28.91739999999845,290816,99.43538182217777,8429621.514321852
piecewise-128,prepared,triangles,12,1,37.929500000005646,290816,130.42439205547717,8429621.514321849
piecewise-128,prepared,triangles,13,0,34.62390000000596,290816,119.05775473153459,8429621.514321849
piecewise-128,prepared,ruled,13,1,28.52060000000347,290816,98.07094520247672,8429621.514321852
piecewise-128,prepared,ruled,14,0,28.810599999997066,290816,99.06813930456737,8429621.514321852
piecewise-128,prepared,triangles,14,1,34.76720000000205,290816,119.55050616197887,8429621.514321849
piecewise-128,prepared,triangles,15,0,34.68649999999616,290816,119.27301111354312,8429621.514321849
piecewise-128,prepared,ruled,15,1,29.96940000000177,290816,103.05278939261171,8429621.514321852
piecewise-128,prepared,ruled,16,0,33.55479999999807,290816,115.38154709506378,8429621.514321852
piecewise-128,prepared,triangles,16,1,34.01279999999679,290816,116.95642605632699,8429621.514321849
piecewise-128,legacy,ruled,0,0,30.61069999999745,12288,2491.105143228959,356181.1907459825
piecewise-128,legacy,triangles,0,1,247.14680000000226,12288,20112.85807291685,356181.19074598333
piecewise-128,legacy,triangles,1,0,237.28710000000137,12288,19310.473632812613,356181.19074598333
piecewise-128,legacy,ruled,1,1,29.144000000000233,12288,2371.7447916666856,356181.1907459825
piecewise-128,legacy,ruled,2,0,31.290600000000268,12288,2546.435546875022,356181.1907459825
piecewise-128,legacy,triangles,2,1,231.8165999999983,12288,18865.28320312486,356181.19074598333
piecewise-128,legacy,triangles,3,0,235.03519999999844,12288,19127.21354166654,356181.19074598333
piecewise-128,legacy,ruled,3,1,29.10609999999724,12288,2368.660481770609,356181.1907459825
piecewise-128,legacy,ruled,4,0,28.687999999994645,12288,2334.635416666231,356181.1907459825
piecewise-128,legacy,triangles,4,1,234.94399999999587,12288,19119.79166666633,356181.19074598333
