case_id,N,method,actual_complete_bytes,E2_m2
published-quartic-00,8,p1,336,110.35999965551153
published-quartic-00,8,fixed_pt,672,27.79426854027118
published-quartic-00,8,adaptive_pt,672,27.7942685402711
published-quartic-00,8,before,336,67.26664542922884
published-quartic-00,8,fitted,336,25.27092429082232
published-quartic-00,8,p2,336,55.67051597754687
published-quartic-00,16,p1,504,60.44475301123306
published-quartic-00,16,fixed_pt,1416,16.34715122145185
published-quartic-00,16,adaptive_pt,1440,16.3471512214518
published-quartic-00,16,before,360,66.36849708825699
published-quartic-00,16,fitted,360,23.780935217492924
published-quartic-00,16,p2,504,32.03793363293343
published-quartic-00,32,p1,888,24.11940306477263
published-quartic-00,32,fixed_pt,2928,6.510857811338886
published-quartic-00,32,adaptive_pt,2928,6.510857811338842
published-quartic-00,32,before,552,31.968185837703846
published-quartic-00,32,fitted,552,14.609912610459432
published-quartic-00,32,p2,504,32.03793363293343
published-quartic-00,64,p1,1824,11.443357236730751
published-quartic-00,64,fixed_pt,5856,3.054578109610566
published-quartic-00,64,adaptive_pt,6000,3.038144056528106
published-quartic-00,64,before,1704,7.342052115284094
published-quartic-00,64,fitted,1704,3.6241153428306485
published-quartic-00,64,p2,1608,7.059387345143944
published-quartic-00,128,p1,3648,5.9420860080688955
published-quartic-00,128,fixed_pt,11880,1.6510625153618244
published-quartic-00,128,adaptive_pt,11880,1.6222179411070963
published-quartic-00,128,before,3144,3.5383723134772276
published-quartic-00,128,fitted,3144,2.2267645087778827
published-quartic-00,128,p2,3048,2.1765716911497712
published-quartic-00,256,p1,6200,2.827080223269417
published-quartic-00,256,fixed_pt,24336,0.7730318228931389
published-quartic-00,256,adaptive_pt,24312,0.7713170883209286
published-quartic-00,256,before,6024,1.7757825983445708
published-quartic-00,256,fitted,6024,0.795241427958045
published-quartic-00,256,p2,6024,0.8126134319323204
published-quartic-00,512,p1,12320,1.3874266858053894
published-quartic-00,512,fixed_pt,48504,0.3815408136860135
published-quartic-00,512,adaptive_pt,48552,0.37946408227792683
published-quartic-00,512,before,11592,0.5886314667595173
published-quartic-00,512,fitted,11592,0.3676452766695886
published-quartic-00,512,p2,11880,0.31850870082238336
published-quartic-00,1024,p1,24004,0.6920911918486796
published-quartic-00,1024,fixed_pt,97128,0.1913378632395607
published-quartic-00,1024,adaptive_pt,96960,0.19022076248438055
published-quartic-00,1024,before,22728,0.40349309293998264
published-quartic-00,1024,fitted,22728,0.3237161685626096
published-quartic-00,1024,p2,22920,0.10361459850877147
published-quartic-00,2048,p1,45920,0.344459780341971
published-quartic-00,2048,fixed_pt,194880,0.09496640171139366
published-quartic-00,2048,adaptive_pt,194688,0.09436550325631454
published-quartic-00,2048,before,44616,0.12021696108189862
published-quartic-00,2048,fitted,44616,0.06296398266622706
published-quartic-00,2048,p2,45192,0.04123041142824999
published-quartic-15,8,p1,336,138.7008096147722
published-quartic-15,8,fixed_pt,744,35.49753405906284
published-quartic-15,8,adaptive_pt,744,35.497534059062836
published-quartic-15,8,before,336,144.52901892184374
published-quartic-15,8,fitted,336,36.49988539427396
published-quartic-15,8,p2,336,67.86782954173732
published-quartic-15,16,p1,592,59.706818127835355
published-quartic-15,16,fixed_pt,1512,16.487482212378527
published-quartic-15,16,adaptive_pt,1512,15.331347236308886
published-quartic-15,16,before,552,58.690941232119265
published-quartic-15,16,fitted,552,19.51969906802568
published-quartic-15,16,p2,504,47.93034265562697
published-quartic-15,32,p1,976,24.30647646363145
published-quartic-15,32,fixed_pt,3048,6.642766797395478
published-quartic-15,32,adaptive_pt,3048,6.642766797395421
published-quartic-15,32,before,936,44.58305191213844
published-quartic-15,32,fitted,936,15.984701601428407
published-quartic-15,32,p2,936,20.36364586278168
published-quartic-15,64,p1,1784,11.678041823129965
published-quartic-15,64,fixed_pt,6096,3.22747628891563
published-quartic-15,64,adaptive_pt,6096,3.2274762889155935
published-quartic-15,64,before,1704,12.477400324215234
published-quartic-15,64,fitted,1704,4.068468751364002
published-quartic-15,64,p2,1704,6.643998713416236
published-quartic-15,128,p1,3480,5.6454063889298896
published-quartic-15,128,fixed_pt,12288,1.5390700125456553
published-quartic-15,128,adaptive_pt,12240,1.5268597640985424
published-quartic-15,128,before,3144,6.148117676775009
published-quartic-15,128,fitted,3144,2.785705715422526
published-quartic-15,128,p2,3144,1.7271576857578708
published-quartic-15,256,p1,6320,2.7260121145102922
published-quartic-15,256,fixed_pt,24528,0.7452163241190247
published-quartic-15,256,adaptive_pt,24528,0.7371136910415342
published-quartic-15,256,before,6024,2.833137215975774
published-quartic-15,256,fitted,6024,1.0716576979634755
published-quartic-15,256,p2,6024,0.6334191540905084
published-quartic-15,512,p1,12456,1.3261518225228799
published-quartic-15,512,fixed_pt,49080,0.36378534637834287
published-quartic-15,512,adaptive_pt,49080,0.36183369989747066
published-quartic-15,512,before,11592,0.9519414265013703
published-quartic-15,512,fitted,11592,0.5589772862755503
published-quartic-15,512,p2,11784,0.2605448181983691
published-quartic-15,1024,p1,23320,0.6562765192045612
published-quartic-15,1024,fixed_pt,98232,0.17953747773539858
published-quartic-15,1024,adaptive_pt,98232,0.1786751027136664
published-quartic-15,1024,before,22728,0.6869858897436963
published-quartic-15,1024,fitted,22728,0.26972777730303177
published-quartic-15,1024,p2,22920,0.1049379960171368
published-quartic-15,2048,p1,46896,0.3255412154574715
published-quartic-15,2048,fixed_pt,196536,0.08935045243677851
published-quartic-15,2048,adaptive_pt,196536,0.08895683028546957
published-quartic-15,2048,before,44616,0.1895840150858701
published-quartic-15,2048,fitted,44616,0.1006970726528691
published-quartic-15,2048,p2,45384,0.04043744931793744
published-quartic-30,8,p1,336,213.50112294390917
published-quartic-30,8,fixed_pt,744,58.36921399018159
published-quartic-30,8,adaptive_pt,744,58.36921399018158
published-quartic-30,8,before,336,195.1169115615053
published-quartic-30,8,fitted,336,51.060660300882034
published-quartic-30,8,p2,336,115.94248395843037
published-quartic-30,16,p1,632,71.54696366323259
published-quartic-30,16,fixed_pt,1512,19.595142284345368
published-quartic-30,16,adaptive_pt,1512,19.59514228434532
published-quartic-30,16,before,552,70.71379119131892
published-quartic-30,16,fitted,552,27.12211568464412
published-quartic-30,16,p2,504,70.4365707045818
published-quartic-30,32,p1,1016,27.200848103939638
published-quartic-30,32,fixed_pt,3024,7.574237659260019
published-quartic-30,32,adaptive_pt,3024,7.57423765925997
published-quartic-30,32,before,984,62.96813387839614
published-quartic-30,32,fitted,984,13.948612987124774
published-quartic-30,32,p2,936,26.931339843101625
published-quartic-30,64,p1,1784,12.232158847135308
published-quartic-30,64,fixed_pt,6096,3.409425824773781
published-quartic-30,64,adaptive_pt,6096,3.3289101040255065
published-quartic-30,64,before,1704,16.9545277626586
published-quartic-30,64,fitted,1704,5.865088503045254
published-quartic-30,64,p2,1704,8.147430479358816
published-quartic-30,128,p1,3616,5.63198987760135
published-quartic-30,128,fixed_pt,12240,1.5833895420284794
published-quartic-30,128,adaptive_pt,12240,1.5664453050916187
published-quartic-30,128,before,3144,8.588048117030935
published-quartic-30,128,fitted,3144,3.7687465031150813
published-quartic-30,128,p2,3144,2.2747341050578744
published-quartic-30,256,p1,6416,2.6124110763397588
published-quartic-30,256,fixed_pt,24528,0.7278063550983646
published-quartic-30,256,adaptive_pt,24528,0.7206455802320985
published-quartic-30,256,before,6024,3.7378898353312517
published-quartic-30,256,fitted,6024,1.4254472622340142
published-quartic-30,256,p2,6024,0.8368955249550828
published-quartic-30,512,p1,12608,1.2583157023133376
published-quartic-30,512,fixed_pt,49104,0.348015270583146
published-quartic-30,512,adaptive_pt,49104,0.3460207228345254
published-quartic-30,512,before,11592,1.2957029819458232
published-quartic-30,512,fitted,11592,0.7587589941103909
published-quartic-30,512,p2,11976,0.26387016121310414
published-quartic-30,1024,p1,24432,0.6120869092332529
published-quartic-30,1024,fixed_pt,98256,0.16873839372510974
published-quartic-30,1024,adaptive_pt,98256,0.16758464740695117
published-quartic-30,1024,before,22728,0.9036662116702484
published-quartic-30,1024,fitted,22728,0.35654163546166734
published-quartic-30,1024,p2,23112,0.09657828592330636
published-quartic-30,2048,p1,46760,0.30083317063359
published-quartic-30,2048,fixed_pt,196560,0.08263240047316783
published-quartic-30,2048,adaptive_pt,196560,0.0820620979647131
published-quartic-30,2048,before,44616,0.25160452250965964
published-quartic-30,2048,fitted,44616,0.13613388846797442
published-quartic-30,2048,p2,45768,0.03417111494694956
published-quartic-45,8,p1,376,238.26282699402046
published-quartic-45,8,fixed_pt,648,69.99822210853648
published-quartic-45,8,adaptive_pt,648,69.99822210853655
published-quartic-45,8,before,336,212.0478382683626
published-quartic-45,8,fitted,336,43.40453620465531
published-quartic-45,8,p2,336,142.88776953448354
published-quartic-45,16,p1,592,79.6518957084179
published-quartic-45,16,fixed_pt,1344,22.545350193915837
published-quartic-45,16,adaptive_pt,1296,22.545350193915798
published-quartic-45,16,before,552,73.2280765176594
published-quartic-45,16,fitted,552,27.046720478977605
published-quartic-45,16,p2,504,79.71458262162403
published-quartic-45,32,p1,1104,32.50002999589618
published-quartic-45,32,fixed_pt,2736,9.239349076021314
published-quartic-45,32,adaptive_pt,2496,9.239349076021261
published-quartic-45,32,before,984,68.89837462419305
published-quartic-45,32,fitted,984,14.55795621838169
published-quartic-45,32,p2,936,34.41152066570573
published-quartic-45,64,p1,1892,15.838621064916882
published-quartic-45,64,fixed_pt,5352,4.6062641041874
published-quartic-45,64,adaptive_pt,5376,4.606264104187362
published-quartic-45,64,before,1704,17.812875283222983
published-quartic-45,64,fitted,1704,6.044264139020539
published-quartic-45,64,p2,1704,7.665507691510141
published-quartic-45,128,p1,3672,6.829945014226553
published-quartic-45,128,fixed_pt,11184,2.00752941380859
published-quartic-45,128,adaptive_pt,11136,1.996188993699991
published-quartic-45,128,before,3144,9.313335767665706
published-quartic-45,128,fitted,3144,4.114278293535122
published-quartic-45,128,p2,3240,3.1641570175618856
published-quartic-45,256,p1,6576,2.9093539684563474
published-quartic-45,256,fixed_pt,22440,0.824069873364746
published-quartic-45,256,adaptive_pt,22608,0.8199102787441566
published-quartic-45,256,before,6024,4.08888052084896
published-quartic-45,256,fitted,6024,1.5742606182261056
published-quartic-45,256,p2,6120,1.271783302952473
published-quartic-45,512,p1,13200,1.4420924306497236
published-quartic-45,512,fixed_pt,46800,0.41405700671332774
published-quartic-45,512,adaptive_pt,46584,0.40891883870922574
published-quartic-45,512,before,11592,1.4286573134445673
published-quartic-45,512,fitted,11592,0.8337672365195332
published-quartic-45,512,p2,12168,0.3287592498696868
published-quartic-45,1024,p1,24472,0.6653114806061821
published-quartic-45,1024,fixed_pt,94296,0.1884509488963039
published-quartic-45,1024,adaptive_pt,94056,0.18782718836810677
published-quartic-45,1024,before,22728,0.9925915308813666
published-quartic-45,1024,fitted,22728,0.3925234928273762
published-quartic-45,1024,p2,23112,0.12375807354532778
published-quartic-45,2048,p1,48064,0.32348180065618
published-quartic-45,2048,fixed_pt,190176,0.09099289989695986
published-quartic-45,2048,adaptive_pt,189936,0.09039359743841918
published-quartic-45,2048,before,44616,0.2773973830780321
published-quartic-45,2048,fitted,44616,0.14998256791777104
published-quartic-45,2048,p2,46152,0.04055909765041206
published-quartic-60,8,p1,376,213.50112294390908
published-quartic-60,8,fixed_pt,744,58.36921399018163
published-quartic-60,8,adaptive_pt,744,58.369213990181635
published-quartic-60,8,before,360,192.85795481272356
published-quartic-60,8,fitted,360,37.974575925939206
published-quartic-60,8,p2,336,115.94248395843037
published-quartic-60,16,p1,552,71.54696366323262
published-quartic-60,16,fixed_pt,1512,19.59514228434535
published-quartic-60,16,adaptive_pt,1512,19.595142284345332
published-quartic-60,16,before,552,70.7137911913189
published-quartic-60,16,fitted,552,27.122115684644104
published-quartic-60,16,p2,504,70.43657070458183
published-quartic-60,32,p1,1016,27.200848103939684
published-quartic-60,32,fixed_pt,3024,7.5742376592600245
published-quartic-60,32,adaptive_pt,3024,7.574237659259975
published-quartic-60,32,before,984,62.96813387839623
published-quartic-60,32,fitted,984,13.948612987124777
published-quartic-60,32,p2,936,26.931339843101526
published-quartic-60,64,p1,1784,12.232158847135315
published-quartic-60,64,fixed_pt,6096,3.409425824773786
published-quartic-60,64,adaptive_pt,6096,3.328910104025504
published-quartic-60,64,before,1704,16.954527762658596
published-quartic-60,64,fitted,1704,5.865088503045269
published-quartic-60,64,p2,1704,8.14743047935884
published-quartic-60,128,p1,3656,5.631989877601381
published-quartic-60,128,fixed_pt,12240,1.583389542028481
published-quartic-60,128,adaptive_pt,12240,1.5664453050916214
published-quartic-60,128,before,3144,8.588048117030924
published-quartic-60,128,fitted,3144,3.768746503115083
published-quartic-60,128,p2,3144,2.2747341050579095
published-quartic-60,256,p1,6536,2.612411076339782
published-quartic-60,256,fixed_pt,24528,0.7278063550983752
published-quartic-60,256,adaptive_pt,24528,0.7206455802321018
published-quartic-60,256,before,6024,3.7378898353312637
published-quartic-60,256,fitted,6024,1.425447262234016
published-quartic-60,256,p2,6024,0.8368955249550791
published-quartic-60,512,p1,12968,1.2583157023133367
published-quartic-60,512,fixed_pt,49104,0.3480152705831467
published-quartic-60,512,adaptive_pt,49104,0.3460207228345235
published-quartic-60,512,before,11592,1.295702981945824
published-quartic-60,512,fitted,11592,0.7587589941103864
published-quartic-60,512,p2,11976,0.26387016121310214
published-quartic-60,1024,p1,24032,0.6120869092332645
published-quartic-60,1024,fixed_pt,98256,0.16873839372511099
published-quartic-60,1024,adaptive_pt,98256,0.16758464740694978
published-quartic-60,1024,before,22728,0.9036662116702435
published-quartic-60,1024,fitted,22728,0.3565416354616676
published-quartic-60,1024,p2,23112,0.09657828592332533
published-quartic-60,2048,p1,46400,0.3008331706335906
published-quartic-60,2048,fixed_pt,196560,0.08263240047316699
published-quartic-60,2048,adaptive_pt,196560,0.08206209796471466
published-quartic-60,2048,before,44616,0.25160452250965615
published-quartic-60,2048,fitted,44616,0.13613388846797475
published-quartic-60,2048,p2,45768,0.034171114946956835
published-quartic-75,8,p1,376,138.7008096147722
published-quartic-75,8,fixed_pt,744,35.49753405906286
published-quartic-75,8,adaptive_pt,744,35.4975340590629
published-quartic-75,8,before,360,135.50665870496692
published-quartic-75,8,fitted,360,27.553980271577807
published-quartic-75,8,p2,336,67.86782954173736
published-quartic-75,16,p1,592,59.70681812783536
published-quartic-75,16,fixed_pt,1512,16.487482212378506
published-quartic-75,16,adaptive_pt,1512,15.331347236308876
published-quartic-75,16,before,552,58.69094123211927
published-quartic-75,16,fitted,552,19.519699068025695
published-quartic-75,16,p2,504,47.93034265562705
published-quartic-75,32,p1,1016,24.306476463631427
published-quartic-75,32,fixed_pt,3048,6.6427667973954625
published-quartic-75,32,adaptive_pt,3048,6.642766797395427
published-quartic-75,32,before,936,44.58305191213844
published-quartic-75,32,fitted,936,15.984701601428398
published-quartic-75,32,p2,936,20.363645862781627
published-quartic-75,64,p1,1824,11.678041823129941
published-quartic-75,64,fixed_pt,6096,3.227476288915639
published-quartic-75,64,adaptive_pt,6096,3.227476288915588
published-quartic-75,64,before,1704,12.477400324215239
published-quartic-75,64,fitted,1704,4.068468751364013
published-quartic-75,64,p2,1704,6.6439987134163205
published-quartic-75,128,p1,3420,5.645406388929873
published-quartic-75,128,fixed_pt,12288,1.5390700125456402
published-quartic-75,128,adaptive_pt,12240,1.5268597640985422
published-quartic-75,128,before,3144,6.148117676775007
published-quartic-75,128,fitted,3144,2.7857057154225386
published-quartic-75,128,p2,3144,1.7271576857578785
published-quartic-75,256,p1,6600,2.7260121145102767
published-quartic-75,256,fixed_pt,24528,0.7452163241190264
published-quartic-75,256,adaptive_pt,24528,0.7371136910415242
published-quartic-75,256,before,6024,2.8331372159757664
published-quartic-75,256,fitted,6024,1.0716576979634687
published-quartic-75,256,p2,6024,0.6334191540904763
published-quartic-75,512,p1,12416,1.3261518225228661
published-quartic-75,512,fixed_pt,49080,0.36378534637834253
published-quartic-75,512,adaptive_pt,49080,0.361833699897471
published-quartic-75,512,before,11592,0.951941426501375
published-quartic-75,512,fitted,11592,0.558977286275555
published-quartic-75,512,p2,11784,0.26054481819838154
published-quartic-75,1024,p1,23880,0.6562765192045661
published-quartic-75,1024,fixed_pt,98232,0.1795374777353928
published-quartic-75,1024,adaptive_pt,98232,0.17867510271366935
published-quartic-75,1024,before,22728,0.6869858897436953
published-quartic-75,1024,fitted,22728,0.26972777730302727
published-quartic-75,1024,p2,22920,0.10493799601711917
published-quartic-75,2048,p1,46336,0.32554121545747317
published-quartic-75,2048,fixed_pt,196536,0.08935045243677349
published-quartic-75,2048,adaptive_pt,196536,0.08895683028546732
published-quartic-75,2048,before,44616,0.18958401508587072
published-quartic-75,2048,fitted,44616,0.10069707265286926
published-quartic-75,2048,p2,45384,0.040437449317931154
published-quartic-90,8,p1,336,110.35999965551153
published-quartic-90,8,fixed_pt,696,27.79426854027116
published-quartic-90,8,adaptive_pt,696,27.794268540271094
published-quartic-90,8,before,336,67.26664542922886
published-quartic-90,8,fitted,336,25.27092429082233
published-quartic-90,8,p2,336,55.670515977546984
published-quartic-90,16,p1,504,60.444753011233075
published-quartic-90,16,fixed_pt,1416,16.347151221451846
published-quartic-90,16,adaptive_pt,1440,16.347151221451796
published-quartic-90,16,before,360,66.36849708825697
published-quartic-90,16,fitted,360,23.78093521749292
published-quartic-90,16,p2,504,32.03793363293333
published-quartic-90,32,p1,888,24.11940306477263
published-quartic-90,32,fixed_pt,2928,6.5108578113388855
published-quartic-90,32,adaptive_pt,2928,6.51085781133884
published-quartic-90,32,before,552,31.968185837703846
published-quartic-90,32,fitted,552,14.609912610459396
published-quartic-90,32,p2,504,32.03793363293333
published-quartic-90,64,p1,1824,11.443357236730751
published-quartic-90,64,fixed_pt,5856,3.054578109610566
published-quartic-90,64,adaptive_pt,6000,3.038144056528107
published-quartic-90,64,before,1704,7.34205211528409
published-quartic-90,64,fitted,1704,3.6241153428306463
published-quartic-90,64,p2,1608,7.0593873451439375
published-quartic-90,128,p1,3648,5.942086008068894
published-quartic-90,128,fixed_pt,11880,1.6510625153618244
published-quartic-90,128,adaptive_pt,11880,1.6222179411070974
published-quartic-90,128,before,3144,3.53837231347723
published-quartic-90,128,fitted,3144,2.2267645087778574
published-quartic-90,128,p2,3048,2.17657169114977
published-quartic-90,256,p1,6200,2.8270802232694168
published-quartic-90,256,fixed_pt,24336,0.7730318228931392
published-quartic-90,256,adaptive_pt,24312,0.7713170883209269
published-quartic-90,256,before,6024,1.7757825983445668
published-quartic-90,256,fitted,6024,0.7952414279580462
published-quartic-90,256,p2,6024,0.8126134319323218
published-quartic-90,512,p1,12320,1.3874266858053885
published-quartic-90,512,fixed_pt,48504,0.38154081368601295
published-quartic-90,512,adaptive_pt,48552,0.3794640822779266
published-quartic-90,512,before,11592,0.5886314667595154
published-quartic-90,512,fitted,11592,0.3676452766695914
published-quartic-90,512,p2,11880,0.31850870082238303
published-quartic-90,1024,p1,24004,0.6920911918486791
published-quartic-90,1024,fixed_pt,97128,0.1913378632395605
published-quartic-90,1024,adaptive_pt,96960,0.19022076248438075
published-quartic-90,1024,before,22728,0.40349309293998353
published-quartic-90,1024,fitted,22728,0.3237161685626092
published-quartic-90,1024,p2,22920,0.10361459850877078
published-quartic-90,2048,p1,45920,0.344459780341971
published-quartic-90,2048,fixed_pt,194880,0.09496640171139344
published-quartic-90,2048,adaptive_pt,194688,0.09436550325631449
published-quartic-90,2048,before,44616,0.12021696108189873
published-quartic-90,2048,fitted,44616,0.06296398266622658
published-quartic-90,2048,p2,45192,0.04123041142824999
anisotropic-quartic-00,8,p1,336,231.51268752035284
anisotropic-quartic-00,8,fixed_pt,696,68.61439982993754
anisotropic-quartic-00,8,adaptive_pt,672,68.61439982993753
anisotropic-quartic-00,8,before,336,52.01260674029562
anisotropic-quartic-00,8,fitted,336,23.83732008423328
anisotropic-quartic-00,8,p2,336,50.151061486811216
anisotropic-quartic-00,16,p1,504,106.8513329508807
anisotropic-quartic-00,16,fixed_pt,1512,32.85258395605092
anisotropic-quartic-00,16,adaptive_pt,1440,32.85258395605093
anisotropic-quartic-00,16,before,360,24.916539755211115
anisotropic-quartic-00,16,fitted,360,12.49274165683045
anisotropic-quartic-00,16,p2,504,30.720605773806223
anisotropic-quartic-00,32,p1,1016,43.25995453782146
anisotropic-quartic-00,32,fixed_pt,2976,13.3110691514318
anisotropic-quartic-00,32,adaptive_pt,2928,13.046730203625426
anisotropic-quartic-00,32,before,984,4.255209528636094
anisotropic-quartic-00,32,fitted,984,2.398595346695255
anisotropic-quartic-00,32,p2,936,15.506386755606977
anisotropic-quartic-00,64,p1,1736,15.96978264634232
anisotropic-quartic-00,64,fixed_pt,5952,4.8256516429214535
anisotropic-quartic-00,64,adaptive_pt,5952,4.818389831267788
anisotropic-quartic-00,64,before,1704,3.1502829234577217
anisotropic-quartic-00,64,fitted,1704,2.128860701381398
anisotropic-quartic-00,64,p2,1608,5.136928090168522
anisotropic-quartic-00,128,p1,3264,7.65032093084514
anisotropic-quartic-00,128,fixed_pt,12072,2.2822299093718317
anisotropic-quartic-00,128,adaptive_pt,12072,2.2884660201275686
anisotropic-quartic-00,128,before,3240,0.8650679562393707
anisotropic-quartic-00,128,fitted,3240,0.45384649064864574
anisotropic-quartic-00,128,p2,3144,1.1410164394554754
anisotropic-quartic-00,256,p1,6464,3.2286198069502126
anisotropic-quartic-00,256,fixed_pt,24360,0.9583087094504517
anisotropic-quartic-00,256,adaptive_pt,24336,0.9549558662331971
anisotropic-quartic-00,256,before,6024,0.43654466415338694
anisotropic-quartic-00,256,fitted,6024,0.3305117467988038
anisotropic-quartic-00,256,p2,5928,0.28962297091578365
anisotropic-quartic-00,512,p1,12264,1.4418167010262932
anisotropic-quartic-00,512,fixed_pt,48864,0.41753813596544587
anisotropic-quartic-00,512,adaptive_pt,48888,0.4139514777675554
anisotropic-quartic-00,512,before,11784,0.20136429873641795
anisotropic-quartic-00,512,fitted,11784,0.0917077973584218
anisotropic-quartic-00,512,p2,11592,0.11165968188653502
anisotropic-quartic-00,1024,p1,24660,0.6800212055043969
anisotropic-quartic-00,1024,fixed_pt,97872,0.19760799291815273
anisotropic-quartic-00,1024,adaptive_pt,97728,0.19603980690600295
anisotropic-quartic-00,1024,before,22728,0.06932644626651269
anisotropic-quartic-00,1024,fitted,22728,0.04855376468472446
anisotropic-quartic-00,1024,p2,23208,0.041727218230784534
anisotropic-quartic-00,2048,p1,45600,0.30343431047692687
anisotropic-quartic-00,2048,fixed_pt,196104,0.08604356598985344
anisotropic-quartic-00,2048,adaptive_pt,195912,0.08532510766615325
anisotropic-quartic-00,2048,before,45000,0.04935647284167426
anisotropic-quartic-00,2048,fitted,45000,0.020860958798526483
anisotropic-quartic-00,2048,p2,45000,0.014490678075639236
anisotropic-quartic-15,8,p1,336,249.24830994067818
anisotropic-quartic-15,8,fixed_pt,744,73.2995430552177
anisotropic-quartic-15,8,adaptive_pt,744,73.29954305521784
anisotropic-quartic-15,8,before,336,112.15421312916166
anisotropic-quartic-15,8,fitted,336,34.55428206032005
anisotropic-quartic-15,8,p2,336,69.26401489222624
anisotropic-quartic-15,16,p1,632,89.735196312444
anisotropic-quartic-15,16,fixed_pt,1488,27.59907933685584
anisotropic-quartic-15,16,adaptive_pt,1488,27.599079336855894
anisotropic-quartic-15,16,before,624,18.278787629860684
anisotropic-quartic-15,16,fitted,624,4.66352025422221
anisotropic-quartic-15,16,p2,504,47.412485244630645
anisotropic-quartic-15,32,p1,1016,32.48030077734927
anisotropic-quartic-15,32,fixed_pt,3024,9.660391542998985
anisotropic-quartic-15,32,adaptive_pt,3024,9.66039154299893
anisotropic-quartic-15,32,before,984,7.16579792145153
anisotropic-quartic-15,32,fitted,984,3.0163316189979983
anisotropic-quartic-15,32,p2,936,18.72785376694375
anisotropic-quartic-15,64,p1,1872,13.176184871460539
anisotropic-quartic-15,64,fixed_pt,6072,3.8696292599389954
anisotropic-quartic-15,64,adaptive_pt,6072,3.8696292599389595
anisotropic-quartic-15,64,before,1848,5.278134696390775
anisotropic-quartic-15,64,fitted,1848,1.40379426001337
anisotropic-quartic-15,64,p2,1704,3.394986641011598
anisotropic-quartic-15,128,p1,3800,5.3774185664643355
anisotropic-quartic-15,128,fixed_pt,12216,1.5617910101060097
anisotropic-quartic-15,128,adaptive_pt,12216,1.5567425996828976
anisotropic-quartic-15,128,before,3240,1.389810042280419
anisotropic-quartic-15,128,fitted,3240,0.6236001599879684
anisotropic-quartic-15,128,p2,3144,0.7256808011836245
anisotropic-quartic-15,256,p1,6592,2.4558766482188723
anisotropic-quartic-15,256,fixed_pt,24480,0.6943280847194923
anisotropic-quartic-15,256,adaptive_pt,24480,0.6879885528333662
anisotropic-quartic-15,256,before,6024,0.7544340676092247
anisotropic-quartic-15,256,fitted,6024,0.5124414072974638
anisotropic-quartic-15,256,p2,6120,0.302736386922378
anisotropic-quartic-15,512,p1,12936,1.1423150718789405
anisotropic-quartic-15,512,fixed_pt,49056,0.32500988269154185
anisotropic-quartic-15,512,adaptive_pt,49056,0.3225581528442873
anisotropic-quartic-15,512,before,11784,0.3123364399917963
anisotropic-quartic-15,512,fitted,11784,0.13254453760064835
anisotropic-quartic-15,512,p2,12264,0.11588829825609315
anisotropic-quartic-15,1024,p1,25376,0.5333410562724116
anisotropic-quartic-15,1024,fixed_pt,98208,0.14965730365642363
anisotropic-quartic-15,1024,adaptive_pt,98208,0.14767360849972855
anisotropic-quartic-15,1024,before,22728,0.11434171100109537
anisotropic-quartic-15,1024,fitted,22728,0.08072613316027791
anisotropic-quartic-15,1024,p2,23304,0.05212257469607478
anisotropic-quartic-15,2048,p1,47384,0.26128968565442456
anisotropic-quartic-15,2048,fixed_pt,196512,0.07344760361348195
anisotropic-quartic-15,2048,adaptive_pt,196512,0.07314513820928599
anisotropic-quartic-15,2048,before,45000,0.07520823219982126
anisotropic-quartic-15,2048,fitted,45000,0.030728930208960652
anisotropic-quartic-15,2048,p2,46344,0.014109422952573707
anisotropic-quartic-30,8,p1,336,339.03811587863476
anisotropic-quartic-30,8,fixed_pt,744,101.00293095892823
anisotropic-quartic-30,8,adaptive_pt,744,101.0029309589282
anisotropic-quartic-30,8,before,336,153.71711098806887
anisotropic-quartic-30,8,fitted,336,48.76507691653654
anisotropic-quartic-30,8,p2,336,119.62508027132489
anisotropic-quartic-30,16,p1,632,101.89829704771725
anisotropic-quartic-30,16,fixed_pt,1512,31.01007045125205
anisotropic-quartic-30,16,adaptive_pt,1512,31.010070451252012
anisotropic-quartic-30,16,before,624,25.653259558054298
anisotropic-quartic-30,16,fitted,624,6.1638739670115275
anisotropic-quartic-30,16,p2,504,70.34892865914696
anisotropic-quartic-30,32,p1,1064,35.76657212238981
anisotropic-quartic-30,32,fixed_pt,3024,10.788203944147936
anisotropic-quartic-30,32,adaptive_pt,3024,10.788203944147899
anisotropic-quartic-30,32,before,984,9.834116555945288
anisotropic-quartic-30,32,fitted,984,4.465520823675029
anisotropic-quartic-30,32,p2,936,26.05911298980121
anisotropic-quartic-30,64,p1,1792,13.775994311683542
anisotropic-quartic-30,64,fixed_pt,6072,4.097644594233041
anisotropic-quartic-30,64,adaptive_pt,6072,4.097644594233019
anisotropic-quartic-30,64,before,1704,8.082946534177513
anisotropic-quartic-30,64,fitted,1704,4.145099869487753
anisotropic-quartic-30,64,p2,1704,3.0861254637238975
anisotropic-quartic-30,128,p1,3808,6.264916284766863
anisotropic-quartic-30,128,fixed_pt,12216,1.8556689278737781
anisotropic-quartic-30,128,adaptive_pt,12216,1.846051246430613
anisotropic-quartic-30,128,before,3240,1.8170215654113155
anisotropic-quartic-30,128,fitted,3240,0.8761640694414046
anisotropic-quartic-30,128,p2,3240,0.8399795694684132
anisotropic-quartic-30,256,p1,7024,2.608404260454703
anisotropic-quartic-30,256,fixed_pt,24480,0.751596480311106
anisotropic-quartic-30,256,adaptive_pt,24480,0.7402394756452575
anisotropic-quartic-30,256,before,6024,1.0370178707692126
anisotropic-quartic-30,256,fitted,6024,0.7060545229664982
anisotropic-quartic-30,256,p2,6120,0.28026900366015006
anisotropic-quartic-30,512,p1,13064,1.2199251065701833
anisotropic-quartic-30,512,fixed_pt,49056,0.34838139316750955
anisotropic-quartic-30,512,adaptive_pt,49056,0.3431306203834333
anisotropic-quartic-30,512,before,11784,0.39773094217699334
anisotropic-quartic-30,512,fitted,11784,0.17370337112381112
anisotropic-quartic-30,512,p2,12360,0.17349990886026903
anisotropic-quartic-30,1024,p1,25952,0.5528827795739076
anisotropic-quartic-30,1024,fixed_pt,98208,0.15676759801036536
anisotropic-quartic-30,1024,adaptive_pt,98208,0.15549972294921316
anisotropic-quartic-30,1024,before,22728,0.15257756933671182
anisotropic-quartic-30,1024,fitted,22728,0.11085853170077514
anisotropic-quartic-30,1024,p2,23688,0.03794403730887794
anisotropic-quartic-30,2048,p1,48616,0.2624299388977723
anisotropic-quartic-30,2048,fixed_pt,196512,0.07359696971576271
anisotropic-quartic-30,2048,adaptive_pt,196512,0.07281934550880009
anisotropic-quartic-30,2048,before,45000,0.09551514223706101
anisotropic-quartic-30,2048,fitted,45000,0.039302605428933934
anisotropic-quartic-30,2048,p2,46440,0.017889492689622342
anisotropic-quartic-45,8,p1,376,423.2560162191282
anisotropic-quartic-45,8,fixed_pt,696,129.0765905387566
anisotropic-quartic-45,8,adaptive_pt,696,129.07659053875665
anisotropic-quartic-45,8,before,360,75.21516754333153
anisotropic-quartic-45,8,fitted,360,32.34406088842804
anisotropic-quartic-45,8,p2,336,145.51842061776003
anisotropic-quartic-45,16,p1,592,130.3099876599566
anisotropic-quartic-45,16,fixed_pt,1368,40.04810276582286
anisotropic-quartic-45,16,adaptive_pt,1392,40.04810276582285
anisotropic-quartic-45,16,before,360,75.21516754333153
anisotropic-quartic-45,16,fitted,360,32.34406088842804
anisotropic-quartic-45,16,p2,504,79.66060275910849
anisotropic-quartic-45,32,p1,1016,51.82670040589546
anisotropic-quartic-45,32,fixed_pt,2712,15.957905530247418
anisotropic-quartic-45,32,adaptive_pt,2688,15.957905530247379
anisotropic-quartic-45,32,before,984,10.487295894843975
anisotropic-quartic-45,32,fitted,984,4.346096581530051
anisotropic-quartic-45,32,p2,936,34.03251246762108
anisotropic-quartic-45,64,p1,2136,24.398050970404476
anisotropic-quartic-45,64,fixed_pt,5592,7.524974391116613
anisotropic-quartic-45,64,adaptive_pt,5448,7.524974391116552
anisotropic-quartic-45,64,before,1848,7.4107632703798805
anisotropic-quartic-45,64,fitted,1848,1.7698670741604077
anisotropic-quartic-45,64,p2,1704,5.579340420547166
anisotropic-quartic-45,128,p1,3624,9.437663067555352
anisotropic-quartic-45,128,fixed_pt,11136,2.8724111791625315
anisotropic-quartic-45,128,adaptive_pt,11112,2.8724111791624884
anisotropic-quartic-45,128,before,3240,1.9630552293797032
anisotropic-quartic-45,128,fitted,3240,0.9340275963492435
anisotropic-quartic-45,128,p2,3144,1.5379428772965538
anisotropic-quartic-45,256,p1,6816,4.2281827294174885
anisotropic-quartic-45,256,fixed_pt,23016,1.2716684185466942
anisotropic-quartic-45,256,adaptive_pt,23016,1.2716684185466702
anisotropic-quartic-45,256,before,6024,1.134884797626154
anisotropic-quartic-45,256,fitted,6024,0.7723638193790046
anisotropic-quartic-45,256,p2,6408,0.5133347296471557
anisotropic-quartic-45,512,p1,13320,1.887437689365957
anisotropic-quartic-45,512,fixed_pt,46224,0.5649100390941271
anisotropic-quartic-45,512,adaptive_pt,46464,0.5641360685170373
anisotropic-quartic-45,512,before,11784,0.4304442265278519
anisotropic-quartic-45,512,fitted,11784,0.18943277912823855
anisotropic-quartic-45,512,p2,12072,0.1855889925833042
anisotropic-quartic-45,1024,p1,24480,0.8037220275430386
anisotropic-quartic-45,1024,fixed_pt,94248,0.23486144167457512
anisotropic-quartic-45,1024,adaptive_pt,94776,0.2335926783245153
anisotropic-quartic-45,1024,before,22728,0.16638849096713496
anisotropic-quartic-45,1024,fitted,22728,0.121981396421424
anisotropic-quartic-45,1024,p2,23592,0.05594443846939478
anisotropic-quartic-45,2048,p1,48432,0.3856644045618228
anisotropic-quartic-45,2048,fixed_pt,191160,0.11326936547295083
anisotropic-quartic-45,2048,adaptive_pt,191616,0.11250161336030251
anisotropic-quartic-45,2048,before,45000,0.10334020468210661
anisotropic-quartic-45,2048,fitted,45000,0.04264098866054142
anisotropic-quartic-45,2048,p2,46632,0.023621545614162333
anisotropic-quartic-60,8,p1,376,339.0381158786347
anisotropic-quartic-60,8,fixed_pt,744,101.00293095892823
anisotropic-quartic-60,8,adaptive_pt,744,101.00293095892825
anisotropic-quartic-60,8,before,360,67.445839609231
anisotropic-quartic-60,8,fitted,360,26.638763982862695
anisotropic-quartic-60,8,p2,336,119.625080271325
anisotropic-quartic-60,16,p1,552,101.89829704771724
anisotropic-quartic-60,16,fixed_pt,1512,31.01007045125206
anisotropic-quartic-60,16,adaptive_pt,1512,31.010070451252016
anisotropic-quartic-60,16,before,360,67.445839609231
anisotropic-quartic-60,16,fitted,360,26.638763982862695
anisotropic-quartic-60,16,p2,504,70.34892865914713
anisotropic-quartic-60,32,p1,1104,35.766572122389746
anisotropic-quartic-60,32,fixed_pt,3024,10.78820394414792
anisotropic-quartic-60,32,adaptive_pt,3024,10.788203944147927
anisotropic-quartic-60,32,before,984,9.834116555945164
anisotropic-quartic-60,32,fitted,984,4.465520823675048
anisotropic-quartic-60,32,p2,936,26.05911298980106
anisotropic-quartic-60,64,p1,1952,13.775994311683467
anisotropic-quartic-60,64,fixed_pt,6072,4.0976445942330395
anisotropic-quartic-60,64,adaptive_pt,6072,4.0976445942330075
anisotropic-quartic-60,64,before,1848,6.891567863452855
anisotropic-quartic-60,64,fitted,1848,1.7093480769148897
anisotropic-quartic-60,64,p2,1704,3.086125463723885
anisotropic-quartic-60,128,p1,3768,6.264916284766799
anisotropic-quartic-60,128,fixed_pt,12216,1.8556689278737761
anisotropic-quartic-60,128,adaptive_pt,12216,1.8460512464306174
anisotropic-quartic-60,128,before,3240,1.817021565411288
anisotropic-quartic-60,128,fitted,3240,0.876164069441383
anisotropic-quartic-60,128,p2,3240,0.8399795694684289
anisotropic-quartic-60,256,p1,6984,2.6084042604546602
anisotropic-quartic-60,256,fixed_pt,24480,0.7515964803111046
anisotropic-quartic-60,256,adaptive_pt,24480,0.7402394756452608
anisotropic-quartic-60,256,before,6024,1.0370178707692272
anisotropic-quartic-60,256,fitted,6024,0.7060545229664975
anisotropic-quartic-60,256,p2,6120,0.28026900366011637
anisotropic-quartic-60,512,p1,13264,1.2199251065701566
anisotropic-quartic-60,512,fixed_pt,49056,0.34838139316750955
anisotropic-quartic-60,512,adaptive_pt,49056,0.34313062038343656
anisotropic-quartic-60,512,before,11784,0.3977309421769651
anisotropic-quartic-60,512,fitted,11784,0.17370337112381665
anisotropic-quartic-60,512,p2,12360,0.17349990886027128
anisotropic-quartic-60,1024,p1,25432,0.5528827795738968
anisotropic-quartic-60,1024,fixed_pt,98208,0.1567675980103631
anisotropic-quartic-60,1024,adaptive_pt,98208,0.15549972294920658
anisotropic-quartic-60,1024,before,22728,0.15257756933671934
anisotropic-quartic-60,1024,fitted,22728,0.11085853170077765
anisotropic-quartic-60,1024,p2,23688,0.037944037308861575
anisotropic-quartic-60,2048,p1,48816,0.26242993889776456
anisotropic-quartic-60,2048,fixed_pt,196512,0.07359696971576718
anisotropic-quartic-60,2048,adaptive_pt,196512,0.07281934550879993
anisotropic-quartic-60,2048,before,45000,0.09551514223706682
anisotropic-quartic-60,2048,fitted,45000,0.03930260542893396
anisotropic-quartic-60,2048,p2,46440,0.017889492689621443
anisotropic-quartic-75,8,p1,376,249.24830994067835
anisotropic-quartic-75,8,fixed_pt,744,73.29954305521771
anisotropic-quartic-75,8,adaptive_pt,744,73.29954305521778
anisotropic-quartic-75,8,before,360,47.595305134941235
anisotropic-quartic-75,8,fitted,360,16.96381513067485
anisotropic-quartic-75,8,p2,336,69.26401489222627
anisotropic-quartic-75,16,p1,632,89.7351963124441
anisotropic-quartic-75,16,fixed_pt,1488,27.59907933685589
anisotropic-quartic-75,16,adaptive_pt,1488,27.59907933685584
anisotropic-quartic-75,16,before,624,18.278787629860645
anisotropic-quartic-75,16,fitted,624,4.663520254222178
anisotropic-quartic-75,16,p2,504,47.412485244630744
anisotropic-quartic-75,32,p1,936,32.480300777349264
anisotropic-quartic-75,32,fixed_pt,3024,9.660391542998948
anisotropic-quartic-75,32,adaptive_pt,3024,9.66039154299893
anisotropic-quartic-75,32,before,624,18.278787629860645
anisotropic-quartic-75,32,fitted,624,4.663520254222178
anisotropic-quartic-75,32,p2,936,18.727853766943724
anisotropic-quartic-75,64,p1,1792,13.176184871460528
anisotropic-quartic-75,64,fixed_pt,6072,3.8696292599389936
anisotropic-quartic-75,64,adaptive_pt,6072,3.8696292599389674
anisotropic-quartic-75,64,before,1704,5.813439140054406
anisotropic-quartic-75,64,fitted,1704,2.6583900908553977
anisotropic-quartic-75,64,p2,1704,3.394986641011515
anisotropic-quartic-75,128,p1,3760,5.377418566464341
anisotropic-quartic-75,128,fixed_pt,12216,1.5617910101060066
anisotropic-quartic-75,128,adaptive_pt,12216,1.556742599682891
anisotropic-quartic-75,128,before,3240,1.3898100422804156
anisotropic-quartic-75,128,fitted,3240,0.623600159987959
anisotropic-quartic-75,128,p2,3144,0.7256808011836915
anisotropic-quartic-75,256,p1,6632,2.4558766482188976
anisotropic-quartic-75,256,fixed_pt,24480,0.6943280847194921
anisotropic-quartic-75,256,adaptive_pt,24480,0.6879885528333627
anisotropic-quartic-75,256,before,6024,0.7544340676092146
anisotropic-quartic-75,256,fitted,6024,0.5124414072974813
anisotropic-quartic-75,256,p2,6120,0.3027363869223681
anisotropic-quartic-75,512,p1,13016,1.1423150718789545
anisotropic-quartic-75,512,fixed_pt,49080,0.3250098826915425
anisotropic-quartic-75,512,adaptive_pt,49056,0.3225581528442881
anisotropic-quartic-75,512,before,11784,0.3123364399917883
anisotropic-quartic-75,512,fitted,11784,0.1325445376006453
anisotropic-quartic-75,512,p2,12264,0.1158882982561316
anisotropic-quartic-75,1024,p1,25136,0.5333410562724126
anisotropic-quartic-75,1024,fixed_pt,98208,0.14965730365641985
anisotropic-quartic-75,1024,adaptive_pt,98208,0.14767360849972538
anisotropic-quartic-75,1024,before,22728,0.11434171100108277
anisotropic-quartic-75,1024,fitted,22728,0.08072613316027663
anisotropic-quartic-75,1024,p2,23304,0.05212257469605758
anisotropic-quartic-75,2048,p1,47264,0.2612896856544272
anisotropic-quartic-75,2048,fixed_pt,196512,0.07344760361348052
anisotropic-quartic-75,2048,adaptive_pt,196512,0.07314513820928524
anisotropic-quartic-75,2048,before,45000,0.07520823219981677
anisotropic-quartic-75,2048,fitted,45000,0.03072893020896613
anisotropic-quartic-75,2048,p2,46344,0.014109422952577314
anisotropic-quartic-90,8,p1,336,231.51268752035284
anisotropic-quartic-90,8,fixed_pt,696,68.61439982993754
anisotropic-quartic-90,8,adaptive_pt,720,68.61439982993755
anisotropic-quartic-90,8,before,336,52.01260674029559
anisotropic-quartic-90,8,fitted,336,23.83732008423325
anisotropic-quartic-90,8,p2,336,50.151061486811386
anisotropic-quartic-90,16,p1,504,106.85133295088072
anisotropic-quartic-90,16,fixed_pt,1512,32.85258395605092
anisotropic-quartic-90,16,adaptive_pt,1440,32.852583956050914
anisotropic-quartic-90,16,before,360,24.916539755211108
anisotropic-quartic-90,16,fitted,360,12.49274165683055
anisotropic-quartic-90,16,p2,504,30.72060577380613
anisotropic-quartic-90,32,p1,1016,43.25995453782147
anisotropic-quartic-90,32,fixed_pt,2976,13.311069151431793
anisotropic-quartic-90,32,adaptive_pt,2928,13.046730203625428
anisotropic-quartic-90,32,before,984,4.255209528636087
anisotropic-quartic-90,32,fitted,984,2.3985953466952834
anisotropic-quartic-90,32,p2,936,15.506386755606966
anisotropic-quartic-90,64,p1,1736,15.969782646342324
anisotropic-quartic-90,64,fixed_pt,5952,4.82565164292145
anisotropic-quartic-90,64,adaptive_pt,5952,4.818389831267789
anisotropic-quartic-90,64,before,1704,3.150282923457731
anisotropic-quartic-90,64,fitted,1704,2.128860701381374
anisotropic-quartic-90,64,p2,1608,5.136928090168523
anisotropic-quartic-90,128,p1,3344,7.650320930845142
anisotropic-quartic-90,128,fixed_pt,12096,2.28222990937183
anisotropic-quartic-90,128,adaptive_pt,12072,2.2884660201275704
anisotropic-quartic-90,128,before,3240,0.8650679562393759
anisotropic-quartic-90,128,fitted,3240,0.4538464906486487
anisotropic-quartic-90,128,p2,3144,1.1410164394554698
anisotropic-quartic-90,256,p1,6464,3.2286198069502094
anisotropic-quartic-90,256,fixed_pt,24360,0.958308709450449
anisotropic-quartic-90,256,adaptive_pt,24288,0.9549558662331965
anisotropic-quartic-90,256,before,6024,0.4365446641533898
anisotropic-quartic-90,256,fitted,6024,0.33051174679879003
anisotropic-quartic-90,256,p2,5928,0.28962297091578054
anisotropic-quartic-90,512,p1,12264,1.4418167010262914
anisotropic-quartic-90,512,fixed_pt,48864,0.4175381359654473
anisotropic-quartic-90,512,adaptive_pt,48888,0.4139514777675555
anisotropic-quartic-90,512,before,11784,0.201364298736417
anisotropic-quartic-90,512,fitted,11784,0.09170779735841911
anisotropic-quartic-90,512,p2,11592,0.11165968188653018
anisotropic-quartic-90,1024,p1,24660,0.6800212055043969
anisotropic-quartic-90,1024,fixed_pt,97872,0.19760799291815354
anisotropic-quartic-90,1024,adaptive_pt,97728,0.19603980690600295
anisotropic-quartic-90,1024,before,22728,0.06932644626651223
anisotropic-quartic-90,1024,fitted,22728,0.048553764684722694
anisotropic-quartic-90,1024,p2,23208,0.04172721823078487
anisotropic-quartic-90,2048,p1,45600,0.3034343104769278
anisotropic-quartic-90,2048,fixed_pt,196104,0.08604356598985362
anisotropic-quartic-90,2048,adaptive_pt,195912,0.08532510766615384
anisotropic-quartic-90,2048,before,45000,0.04935647284167451
anisotropic-quartic-90,2048,fitted,45000,0.02086095879852527
anisotropic-quartic-90,2048,p2,45000,0.014490678075639763
