case,baseline_n,p2_json_bytes,ruled_json_bytes,p2_e2_m2,ruled_e2_m2,verdict
isotropic,8,1072,608,5.562459941506796e-13,22.821773229381627,p2-lower
isotropic,16,1928,1110,5.707988908121557e-13,5.7054433073453374,p2-lower
isotropic,32,3840,2180,5.593592965857925e-13,1.4263608268361958,p2-lower
isotropic,64,7623,4464,5.31503824457859e-13,0.3565902067089154,p2-lower
isotropic,128,15718,9513,5.408427261126381e-13,0.08914755167709218,p2-lower
isotropic,256,32207,20197,5.50013513113396e-13,0.022286887919143482,p2-lower
isotropic,512,66026,42711,5.372174919850187e-13,0.0055717219796583015,p2-lower
isotropic,1024,139147,42711,5.332091804668548e-13,0.0055717219796583015,p2-lower
isotropic,2048,286032,42711,5.408679826609376e-13,0.0055717219796583015,p2-lower
anisotropic,8,1318,748,6.026200810958546e-13,11.753213213131508,p2-lower
anisotropic,16,2483,1360,6.208610226998999e-13,2.9383033032826877,p2-lower
anisotropic,32,4688,2618,5.835985384171981e-13,0.734575825820476,p2-lower
anisotropic,64,9441,5184,5.54207525441273e-13,0.18364395645494452,p2-lower
anisotropic,128,19248,10627,5.717559346851572e-13,0.04591098911356899,p2-lower
anisotropic,256,38549,21755,5.598665778593827e-13,0.011477747278232867,p2-lower
anisotropic,512,77700,44429,5.536595865390652e-13,0.0028694368194091898,p2-lower
anisotropic,1024,158723,44429,5.494723981321224e-13,0.0028694368194091898,p2-lower
anisotropic,2048,319453,44429,5.561435427889755e-13,0.0028694368194091898,p2-lower
variable_curvature,8,1194,1122,16.819326520170005,23.33293473298995,p2-lower
variable_curvature,16,2204,2175,7.059387345144014,7.342052115283926,p2-lower
variable_curvature,32,4357,4145,2.1765716911497908,3.53837231347716,p2-lower
variable_curvature,64,9109,8627,0.8126134319324104,1.7757825983444282,p2-lower
variable_curvature,128,18735,17389,0.3185087008223457,0.5886314667593953,p2-lower
variable_curvature,256,37741,35329,0.10361459850880084,0.403493092939933,p2-lower
variable_curvature,512,76412,71789,0.04123041142826998,0.12021696108178152,p2-lower
variable_curvature,1024,157552,71789,0.015649057144506432,0.12021696108178152,p2-lower
variable_curvature,2048,318430,71789,0.005239384349324592,0.12021696108178152,p2-lower
