case_id,N,prior_ruled_E2,fitted_E2,PT_E2,P2_E2,same_ruled_bytes,PT_bytes,accepted,weak_controls
published-quartic-00,8,67.26664542922884,25.27092429082232,27.79426854027118,55.67051597754687,336,672,True,0
published-quartic-00,16,66.36849708825699,23.780935217492924,16.34715122145185,32.03793363293343,360,1416,True,0
published-quartic-00,32,31.968185837703846,14.609912610459432,6.510857811338886,32.03793363293343,552,2928,True,0
published-quartic-00,64,7.342052115284094,3.6241153428306485,3.054578109610566,7.059387345143944,1704,5856,True,0
published-quartic-00,128,3.5383723134772276,2.2267645087778827,1.6510625153618244,2.1765716911497712,3144,11880,True,0
published-quartic-00,256,1.7757825983445708,0.795241427958045,0.7730318228931389,0.8126134319323204,6024,24336,True,0
published-quartic-00,512,0.5886314667595173,0.3676452766695886,0.3815408136860135,0.31850870082238336,11592,48504,True,0
published-quartic-00,1024,0.40349309293998264,0.3237161685626096,0.1913378632395607,0.10361459850877147,22728,97128,True,0
published-quartic-00,2048,0.12021696108189862,0.06296398266622706,0.09496640171139366,0.04123041142824999,44616,194880,True,0
published-quartic-15,8,144.52901892184374,36.49988539427396,35.49753405906284,67.86782954173732,336,744,True,0
published-quartic-15,16,58.690941232119265,19.51969906802568,16.487482212378527,47.93034265562697,552,1512,True,0
published-quartic-15,32,44.58305191213844,15.984701601428407,6.642766797395478,20.36364586278168,936,3048,True,0
published-quartic-15,64,12.477400324215234,4.068468751364002,3.22747628891563,6.643998713416236,1704,6096,True,0
published-quartic-15,128,6.148117676775009,2.785705715422526,1.5390700125456553,1.7271576857578708,3144,12288,True,0
published-quartic-15,256,2.833137215975774,1.0716576979634755,0.7452163241190247,0.6334191540905084,6024,24528,True,0
published-quartic-15,512,0.9519414265013703,0.5589772862755503,0.36378534637834287,0.2605448181983691,11592,49080,True,0
published-quartic-15,1024,0.6869858897436963,0.26972777730303177,0.17953747773539858,0.1049379960171368,22728,98232,True,0
published-quartic-15,2048,0.1895840150858701,0.1006970726528691,0.08935045243677851,0.04043744931793744,44616,196536,True,0
published-quartic-30,8,195.1169115615053,51.060660300882034,58.36921399018159,115.94248395843037,336,744,True,0
published-quartic-30,16,70.71379119131892,27.12211568464412,19.595142284345368,70.4365707045818,552,1512,True,0
published-quartic-30,32,62.96813387839614,13.948612987124774,7.574237659260019,26.931339843101625,984,3024,True,0
published-quartic-30,64,16.9545277626586,5.865088503045254,3.409425824773781,8.147430479358816,1704,6096,True,0
published-quartic-30,128,8.588048117030935,3.7687465031150813,1.5833895420284794,2.2747341050578744,3144,12240,True,0
published-quartic-30,256,3.7378898353312517,1.4254472622340142,0.7278063550983646,0.8368955249550828,6024,24528,True,0
published-quartic-30,512,1.2957029819458232,0.7587589941103909,0.348015270583146,0.26387016121310414,11592,49104,True,0
published-quartic-30,1024,0.9036662116702484,0.35654163546166734,0.16873839372510974,0.09657828592330636,22728,98256,True,0
published-quartic-30,2048,0.25160452250965964,0.13613388846797442,0.08263240047316783,0.03417111494694956,44616,196560,True,2
published-quartic-45,8,212.0478382683626,43.40453620465531,69.99822210853648,142.88776953448354,336,648,True,0
published-quartic-45,16,73.2280765176594,27.046720478977605,22.545350193915837,79.71458262162403,552,1344,True,0
published-quartic-45,32,68.89837462419305,14.55795621838169,9.239349076021314,34.41152066570573,984,2736,True,0
published-quartic-45,64,17.812875283222983,6.044264139020539,4.6062641041874,7.665507691510141,1704,5352,True,8
published-quartic-45,128,9.313335767665706,4.114278293535122,2.00752941380859,3.1641570175618856,3144,11184,True,8
published-quartic-45,256,4.08888052084896,1.5742606182261056,0.824069873364746,1.271783302952473,6024,22440,True,24
published-quartic-45,512,1.4286573134445673,0.8337672365195332,0.41405700671332774,0.3287592498696868,11592,46800,True,24
published-quartic-45,1024,0.9925915308813666,0.3925234928273762,0.1884509488963039,0.12375807354532778,22728,94296,True,48
published-quartic-45,2048,0.2773973830780321,0.14998256791777104,0.09099289989695986,0.04055909765041206,44616,190176,True,48
published-quartic-60,8,192.85795481272356,37.974575925939206,58.36921399018163,115.94248395843037,360,744,True,0
published-quartic-60,16,70.7137911913189,27.122115684644104,19.59514228434535,70.43657070458183,552,1512,True,0
published-quartic-60,32,62.96813387839623,13.948612987124777,7.5742376592600245,26.931339843101526,984,3024,True,0
published-quartic-60,64,16.954527762658596,5.865088503045269,3.409425824773786,8.14743047935884,1704,6096,True,0
published-quartic-60,128,8.588048117030924,3.768746503115083,1.583389542028481,2.2747341050579095,3144,12240,True,0
published-quartic-60,256,3.7378898353312637,1.425447262234016,0.7278063550983752,0.8368955249550791,6024,24528,True,0
published-quartic-60,512,1.295702981945824,0.7587589941103864,0.3480152705831467,0.26387016121310214,11592,49104,True,0
published-quartic-60,1024,0.9036662116702435,0.3565416354616676,0.16873839372511099,0.09657828592332533,22728,98256,True,0
published-quartic-60,2048,0.25160452250965615,0.13613388846797475,0.08263240047316699,0.034171114946956835,44616,196560,True,2
published-quartic-75,8,135.50665870496692,27.553980271577807,35.49753405906286,67.86782954173736,360,744,True,0
published-quartic-75,16,58.69094123211927,19.519699068025695,16.487482212378506,47.93034265562705,552,1512,True,0
published-quartic-75,32,44.58305191213844,15.984701601428398,6.6427667973954625,20.363645862781627,936,3048,True,0
published-quartic-75,64,12.477400324215239,4.068468751364013,3.227476288915639,6.6439987134163205,1704,6096,True,0
published-quartic-75,128,6.148117676775007,2.7857057154225386,1.5390700125456402,1.7271576857578785,3144,12288,True,0
published-quartic-75,256,2.8331372159757664,1.0716576979634687,0.7452163241190264,0.6334191540904763,6024,24528,True,0
published-quartic-75,512,0.951941426501375,0.558977286275555,0.36378534637834253,0.26054481819838154,11592,49080,True,0
published-quartic-75,1024,0.6869858897436953,0.26972777730302727,0.1795374777353928,0.10493799601711917,22728,98232,True,0
published-quartic-75,2048,0.18958401508587072,0.10069707265286926,0.08935045243677349,0.040437449317931154,44616,196536,True,0
published-quartic-90,8,67.26664542922886,25.27092429082233,27.79426854027116,55.670515977546984,336,696,True,0
published-quartic-90,16,66.36849708825697,23.78093521749292,16.347151221451846,32.03793363293333,360,1416,True,0
published-quartic-90,32,31.968185837703846,14.609912610459396,6.5108578113388855,32.03793363293333,552,2928,True,0
published-quartic-90,64,7.34205211528409,3.6241153428306463,3.054578109610566,7.0593873451439375,1704,5856,True,0
published-quartic-90,128,3.53837231347723,2.2267645087778574,1.6510625153618244,2.17657169114977,3144,11880,True,0
published-quartic-90,256,1.7757825983445668,0.7952414279580462,0.7730318228931392,0.8126134319323218,6024,24336,True,0
published-quartic-90,512,0.5886314667595154,0.3676452766695914,0.38154081368601295,0.31850870082238303,11592,48504,True,0
published-quartic-90,1024,0.40349309293998353,0.3237161685626092,0.1913378632395605,0.10361459850877078,22728,97128,True,0
published-quartic-90,2048,0.12021696108189873,0.06296398266622658,0.09496640171139344,0.04123041142824999,44616,194880,True,0
anisotropic-quartic-00,8,52.01260674029562,23.83732008423328,68.61439982993754,50.151061486811216,336,696,True,0
anisotropic-quartic-00,16,24.916539755211115,12.49274165683045,32.85258395605092,30.720605773806223,360,1512,True,0
anisotropic-quartic-00,32,4.255209528636094,2.398595346695255,13.3110691514318,15.506386755606977,984,2976,True,0
anisotropic-quartic-00,64,3.1502829234577217,2.128860701381398,4.8256516429214535,5.136928090168522,1704,5952,True,0
anisotropic-quartic-00,128,0.8650679562393707,0.45384649064864574,2.2822299093718317,1.1410164394554754,3240,12072,True,0
anisotropic-quartic-00,256,0.43654466415338694,0.3305117467988038,0.9583087094504517,0.28962297091578365,6024,24360,True,0
anisotropic-quartic-00,512,0.20136429873641795,0.0917077973584218,0.41753813596544587,0.11165968188653502,11784,48864,True,0
anisotropic-quartic-00,1024,0.06932644626651269,0.04855376468472446,0.19760799291815273,0.041727218230784534,22728,97872,True,0
anisotropic-quartic-00,2048,0.04935647284167426,0.020860958798526483,0.08604356598985344,0.014490678075639236,45000,196104,True,0
anisotropic-quartic-15,8,112.15421312916166,34.55428206032005,73.2995430552177,69.26401489222624,336,744,True,0
anisotropic-quartic-15,16,18.278787629860684,4.66352025422221,27.59907933685584,47.412485244630645,624,1488,True,0
anisotropic-quartic-15,32,7.16579792145153,3.0163316189979983,9.660391542998985,18.72785376694375,984,3024,True,0
anisotropic-quartic-15,64,5.278134696390775,1.40379426001337,3.8696292599389954,3.394986641011598,1848,6072,True,0
anisotropic-quartic-15,128,1.389810042280419,0.6236001599879684,1.5617910101060097,0.7256808011836245,3240,12216,True,0
anisotropic-quartic-15,256,0.7544340676092247,0.5124414072974638,0.6943280847194923,0.302736386922378,6024,24480,True,0
anisotropic-quartic-15,512,0.3123364399917963,0.13254453760064835,0.32500988269154185,0.11588829825609315,11784,49056,True,0
anisotropic-quartic-15,1024,0.11434171100109537,0.08072613316027791,0.14965730365642363,0.05212257469607478,22728,98208,True,0
anisotropic-quartic-15,2048,0.07520823219982126,0.030728930208960652,0.07344760361348195,0.014109422952573707,45000,196512,True,0
anisotropic-quartic-30,8,153.71711098806887,48.76507691653654,101.00293095892823,119.62508027132489,336,744,True,0
anisotropic-quartic-30,16,25.653259558054298,6.1638739670115275,31.01007045125205,70.34892865914696,624,1512,True,0
anisotropic-quartic-30,32,9.834116555945288,4.465520823675029,10.788203944147936,26.05911298980121,984,3024,True,0
anisotropic-quartic-30,64,8.082946534177513,4.145099869487753,4.097644594233041,3.0861254637238975,1704,6072,True,0
anisotropic-quartic-30,128,1.8170215654113155,0.8761640694414046,1.8556689278737781,0.8399795694684132,3240,12216,True,0
anisotropic-quartic-30,256,1.0370178707692126,0.7060545229664982,0.751596480311106,0.28026900366015006,6024,24480,True,0
anisotropic-quartic-30,512,0.39773094217699334,0.17370337112381112,0.34838139316750955,0.17349990886026903,11784,49056,True,0
anisotropic-quartic-30,1024,0.15257756933671182,0.11085853170077514,0.15676759801036536,0.03794403730887794,22728,98208,True,0
anisotropic-quartic-30,2048,0.09551514223706101,0.039302605428933934,0.07359696971576271,0.017889492689622342,45000,196512,True,2
anisotropic-quartic-45,8,75.21516754333153,32.34406088842804,129.0765905387566,145.51842061776003,360,696,True,0
anisotropic-quartic-45,16,75.21516754333153,32.34406088842804,40.04810276582286,79.66060275910849,360,1368,True,0
anisotropic-quartic-45,32,10.487295894843975,4.346096581530051,15.957905530247418,34.03251246762108,984,2712,True,0
anisotropic-quartic-45,64,7.4107632703798805,1.7698670741604077,7.524974391116613,5.579340420547166,1848,5592,True,0
anisotropic-quartic-45,128,1.9630552293797032,0.9340275963492435,2.8724111791625315,1.5379428772965538,3240,11136,True,8
anisotropic-quartic-45,256,1.134884797626154,0.7723638193790046,1.2716684185466942,0.5133347296471557,6024,23016,True,24
anisotropic-quartic-45,512,0.4304442265278519,0.18943277912823855,0.5649100390941271,0.1855889925833042,11784,46224,True,24
anisotropic-quartic-45,1024,0.16638849096713496,0.121981396421424,0.23486144167457512,0.05594443846939478,22728,94248,True,48
anisotropic-quartic-45,2048,0.10334020468210661,0.04264098866054142,0.11326936547295083,0.023621545614162333,45000,191160,True,48
anisotropic-quartic-60,8,67.445839609231,26.638763982862695,101.00293095892823,119.625080271325,360,744,True,0
anisotropic-quartic-60,16,67.445839609231,26.638763982862695,31.01007045125206,70.34892865914713,360,1512,True,0
anisotropic-quartic-60,32,9.834116555945164,4.465520823675048,10.78820394414792,26.05911298980106,984,3024,True,0
anisotropic-quartic-60,64,6.891567863452855,1.7093480769148897,4.0976445942330395,3.086125463723885,1848,6072,True,0
anisotropic-quartic-60,128,1.817021565411288,0.876164069441383,1.8556689278737761,0.8399795694684289,3240,12216,True,0
anisotropic-quartic-60,256,1.0370178707692272,0.7060545229664975,0.7515964803111046,0.28026900366011637,6024,24480,True,0
anisotropic-quartic-60,512,0.3977309421769651,0.17370337112381665,0.34838139316750955,0.17349990886027128,11784,49056,True,0
anisotropic-quartic-60,1024,0.15257756933671934,0.11085853170077765,0.1567675980103631,0.037944037308861575,22728,98208,True,0
anisotropic-quartic-60,2048,0.09551514223706682,0.03930260542893396,0.07359696971576718,0.017889492689621443,45000,196512,True,2
anisotropic-quartic-75,8,47.595305134941235,16.96381513067485,73.29954305521771,69.26401489222627,360,744,True,0
anisotropic-quartic-75,16,18.278787629860645,4.663520254222178,27.59907933685589,47.412485244630744,624,1488,True,0
anisotropic-quartic-75,32,18.278787629860645,4.663520254222178,9.660391542998948,18.727853766943724,624,3024,True,0
anisotropic-quartic-75,64,5.813439140054406,2.6583900908553977,3.8696292599389936,3.394986641011515,1704,6072,True,0
anisotropic-quartic-75,128,1.3898100422804156,0.623600159987959,1.5617910101060066,0.7256808011836915,3240,12216,True,0
anisotropic-quartic-75,256,0.7544340676092146,0.5124414072974813,0.6943280847194921,0.3027363869223681,6024,24480,True,0
anisotropic-quartic-75,512,0.3123364399917883,0.1325445376006453,0.3250098826915425,0.1158882982561316,11784,49080,True,0
anisotropic-quartic-75,1024,0.11434171100108277,0.08072613316027663,0.14965730365641985,0.05212257469605758,22728,98208,True,0
anisotropic-quartic-75,2048,0.07520823219981677,0.03072893020896613,0.07344760361348052,0.014109422952577314,45000,196512,True,0
anisotropic-quartic-90,8,52.01260674029559,23.83732008423325,68.61439982993754,50.151061486811386,336,696,True,0
anisotropic-quartic-90,16,24.916539755211108,12.49274165683055,32.85258395605092,30.72060577380613,360,1512,True,0
anisotropic-quartic-90,32,4.255209528636087,2.3985953466952834,13.311069151431793,15.506386755606966,984,2976,True,0
anisotropic-quartic-90,64,3.150282923457731,2.128860701381374,4.82565164292145,5.136928090168523,1704,5952,True,0
anisotropic-quartic-90,128,0.8650679562393759,0.4538464906486487,2.28222990937183,1.1410164394554698,3240,12096,True,0
anisotropic-quartic-90,256,0.4365446641533898,0.33051174679879003,0.958308709450449,0.28962297091578054,6024,24360,True,0
anisotropic-quartic-90,512,0.201364298736417,0.09170779735841911,0.4175381359654473,0.11165968188653018,11784,48864,True,0
anisotropic-quartic-90,1024,0.06932644626651223,0.048553764684722694,0.19760799291815354,0.04172721823078487,22728,97872,True,0
anisotropic-quartic-90,2048,0.04935647284167451,0.02086095879852527,0.08604356598985362,0.014490678075639763,45000,196104,True,0
